date,Accessories,Audio,Desktop,Laptop,Smart Speaker,Smartphone,Streaming Device,Subscription Service,Tablet,Wearable,Accessories_lag1,Accessories_roll7,Audio_lag1,Audio_roll7,Desktop_lag1,Desktop_roll7,Laptop_lag1,Laptop_roll7,Smart Speaker_lag1,Smart Speaker_roll7,Smartphone_lag1,Smartphone_roll7,Streaming Device_lag1,Streaming Device_roll7,Subscription Service_lag1,Subscription Service_roll7,Tablet_lag1,Tablet_roll7,Wearable_lag1,Wearable_roll7,day_of_week,month
2020-01-07,434,378,355,319,88,542,90,266,354,432,535.0,498.7142857142857,407.0,421.57142857142856,366.0,365.7142857142857,397.0,359.2857142857143,97.0,60.57142857142857,443.0,488.85714285714283,66.0,108.42857142857143,181.0,239.85714285714286,373.0,335.14285714285717,335.0,327.85714285714283,1,1
2020-01-08,621,528,389,342,89,433,81,269,271,283,434.0,512.2857142857143,378.0,424.2857142857143,355.0,358.0,319.0,361.42857142857144,88.0,64.28571428571429,542.0,485.57142857142856,90.0,102.28571428571429,266.0,239.14285714285714,354.0,322.14285714285717,432.0,333.42857142857144,2,1
2020-01-09,406,365,304,379,77,603,57,266,299,321,621.0,494.14285714285717,528.0,422.42857142857144,389.0,353.7142857142857,342.0,368.14285714285717,89.0,69.28571428571429,433.0,502.0,81.0,93.85714285714286,269.0,245.28571428571428,271.0,325.7142857142857,283.0,341.0,3,1
2020-01-10,552,368,287,417,62,452,143,262,360,302,406.0,501.2857142857143,365.0,414.2857142857143,304.0,339.85714285714283,379.0,370.0,77.0,70.85714285714286,603.0,493.14285714285717,57.0,104.42857142857143,266.0,250.42857142857142,299.0,329.14285714285717,321.0,332.57142857142856,4,1
2020-01-11,421,340,330,359,79,488,54,258,354,411,552.0,500.14285714285717,368.0,405.42857142857144,287.0,342.2857142857143,417.0,365.0,62.0,75.71428571428571,452.0,501.0,143.0,93.28571428571429,262.0,250.28571428571428,360.0,336.0,302.0,348.0,5,1
2020-01-12,408,453,389,365,68,468,72,180,322,310,421.0,482.42857142857144,340.0,405.57142857142856,330.0,345.7142857142857,359.0,368.2857142857143,79.0,80.0,488.0,489.85714285714283,54.0,80.42857142857143,258.0,240.28571428571428,354.0,333.2857142857143,411.0,342.0,6,1
2020-01-13,536,550,401,320,88,450,136,270,311,303,408.0,482.57142857142856,453.0,426.0,389.0,350.7142857142857,365.0,357.2857142857143,68.0,78.71428571428571,468.0,490.85714285714283,72.0,90.42857142857143,180.0,253.0,322.0,324.42857142857144,310.0,337.42857142857144,0,1
2020-01-14,419,385,397,287,72,440,90,243,332,345,536.0,480.42857142857144,550.0,427.0,401.0,356.7142857142857,320.0,352.7142857142857,88.0,76.42857142857143,450.0,476.2857142857143,136.0,90.42857142857143,270.0,249.71428571428572,311.0,321.2857142857143,303.0,325.0,1,1
2020-01-15,507,407,284,405,79,420,100,199,400,292,419.0,464.14285714285717,385.0,409.7142857142857,397.0,341.7142857142857,287.0,361.7142857142857,72.0,75.0,440.0,474.42857142857144,90.0,93.14285714285714,243.0,239.71428571428572,332.0,339.7142857142857,345.0,326.2857142857143,2,1
2020-01-16,452,381,277,389,78,386,108,300,388,284,507.0,470.7142857142857,407.0,412.0,284.0,337.85714285714283,405.0,363.14285714285717,79.0,75.14285714285714,420.0,443.42857142857144,100.0,100.42857142857143,199.0,244.57142857142858,400.0,352.42857142857144,292.0,321.0,3,1
2020-01-17,566,418,455,305,49,422,117,263,348,417,452.0,472.7142857142857,381.0,419.14285714285717,277.0,361.85714285714283,389.0,347.14285714285717,78.0,73.28571428571429,386.0,439.14285714285717,108.0,96.71428571428571,300.0,244.71428571428572,388.0,350.7142857142857,284.0,337.42857142857144,4,1
2020-01-18,467,426,323,314,83,489,77,206,377,311,566.0,479.2857142857143,418.0,431.42857142857144,455.0,360.85714285714283,305.0,340.7142857142857,49.0,73.85714285714286,422.0,439.2857142857143,117.0,100.0,263.0,237.28571428571428,348.0,354.0,417.0,323.14285714285717,5,1
2020-01-19,509,400,351,358,41,597,109,213,304,304,467.0,493.7142857142857,426.0,423.85714285714283,323.0,355.42857142857144,314.0,339.7142857142857,83.0,70.0,489.0,457.7142857142857,77.0,105.28571428571429,206.0,242.0,377.0,351.42857142857144,311.0,322.2857142857143,6,1
2020-01-20,544,408,420,392,97,458,104,293,404,304,509.0,494.85714285714283,400.0,403.57142857142856,351.0,358.14285714285717,358.0,350.0,41.0,71.28571428571429,597.0,458.85714285714283,109.0,100.71428571428571,213.0,245.28571428571428,304.0,364.7142857142857,304.0,322.42857142857144,0,1
2020-01-21,504,450,353,328,76,518,92,265,307,354,544.0,507.0,408.0,412.85714285714283,420.0,351.85714285714283,392.0,355.85714285714283,97.0,71.85714285714286,458.0,470.0,104.0,101.0,293.0,248.42857142857142,404.0,361.14285714285717,304.0,323.7142857142857,1,1
2020-01-22,548,342,384,422,44,418,103,273,391,363,504.0,512.8571428571429,450.0,403.57142857142856,353.0,366.14285714285717,328.0,358.2857142857143,76.0,66.85714285714286,518.0,469.7142857142857,92.0,101.42857142857143,265.0,259.0,307.0,359.85714285714283,354.0,333.85714285714283,2,1
2020-01-23,417,364,357,325,60,528,71,241,378,377,548.0,507.85714285714283,342.0,401.14285714285717,384.0,377.57142857142856,422.0,349.14285714285717,44.0,64.28571428571429,418.0,490.0,103.0,96.14285714285714,273.0,250.57142857142858,391.0,358.42857142857144,363.0,347.14285714285717,3,1
2020-01-24,605,377,294,339,110,328,78,208,362,378,417.0,513.4285714285714,364.0,395.2857142857143,357.0,354.57142857142856,325.0,354.0,60.0,73.0,528.0,476.57142857142856,71.0,90.57142857142857,241.0,242.71428571428572,378.0,360.42857142857144,377.0,341.57142857142856,4,1
2020-01-25,460,463,260,359,62,394,134,209,331,372,605.0,512.4285714285714,377.0,400.57142857142856,294.0,345.57142857142856,339.0,360.42857142857144,110.0,70.0,328.0,463.0,78.0,98.71428571428571,208.0,243.14285714285714,362.0,353.85714285714283,378.0,350.2857142857143,5,1
2020-01-26,599,404,341,343,61,456,124,209,355,328,460.0,525.2857142857143,463.0,401.14285714285717,260.0,344.14285714285717,359.0,358.2857142857143,62.0,72.85714285714286,394.0,442.85714285714283,134.0,100.85714285714286,209.0,242.57142857142858,331.0,361.14285714285717,372.0,353.7142857142857,6,1
2020-01-27,542,520,285,315,125,442,105,274,325,382,599.0,525.0,404.0,417.14285714285717,341.0,324.85714285714283,343.0,347.2857142857143,61.0,76.85714285714286,456.0,440.57142857142856,124.0,101.0,209.0,239.85714285714286,355.0,349.85714285714283,328.0,364.85714285714283,0,1
2020-01-28,445,492,432,352,75,446,151,298,334,293,542.0,516.5714285714286,520.0,423.14285714285717,285.0,336.14285714285717,315.0,350.7142857142857,125.0,76.71428571428571,442.0,430.2857142857143,105.0,109.42857142857143,274.0,244.57142857142858,325.0,353.7142857142857,382.0,356.14285714285717,1,1
2020-01-29,427,312,359,313,89,423,175,234,356,398,445.0,499.2857142857143,492.0,418.85714285714283,432.0,332.57142857142856,352.0,335.14285714285717,75.0,83.14285714285714,446.0,431.0,151.0,119.71428571428571,298.0,239.0,334.0,348.7142857142857,293.0,361.14285714285717,2,1
2020-01-30,592,309,310,407,75,374,163,253,437,361,427.0,524.2857142857143,312.0,411.0,359.0,325.85714285714283,313.0,346.85714285714283,89.0,85.28571428571429,423.0,409.0,175.0,132.85714285714286,234.0,240.71428571428572,356.0,357.14285714285717,398.0,358.85714285714283,3,1
2020-01-31,495,416,325,411,79,456,105,237,331,334,592.0,508.57142857142856,309.0,416.57142857142856,310.0,330.2857142857143,407.0,357.14285714285717,75.0,80.85714285714286,374.0,427.2857142857143,163.0,136.71428571428572,253.0,244.85714285714286,437.0,352.7142857142857,361.0,352.57142857142856,4,1
2020-02-01,441,495,355,342,74,453,81,321,414,320,495.0,505.85714285714283,416.0,421.14285714285717,325.0,343.85714285714283,411.0,354.7142857142857,79.0,82.57142857142857,456.0,435.7142857142857,105.0,129.14285714285714,237.0,260.85714285714283,331.0,364.57142857142856,334.0,345.14285714285717,5,2
2020-02-02,451,396,424,373,47,471,113,270,268,270,441.0,484.7142857142857,495.0,420.0,355.0,355.7142857142857,342.0,359.0,74.0,80.57142857142857,453.0,437.85714285714283,81.0,127.57142857142857,321.0,269.57142857142856,414.0,352.14285714285717,320.0,336.85714285714283,6,2
2020-02-03,444,445,305,329,109,487,152,301,322,331,451.0,470.7142857142857,396.0,409.2857142857143,424.0,358.57142857142856,373.0,361.0,47.0,78.28571428571429,471.0,444.2857142857143,113.0,134.28571428571428,270.0,273.42857142857144,268.0,351.7142857142857,270.0,329.57142857142856,0,2
2020-02-04,452,437,409,377,73,417,139,274,318,267,444.0,471.7142857142857,445.0,401.42857142857144,305.0,355.2857142857143,329.0,364.57142857142856,109.0,78.0,487.0,440.14285714285717,152.0,132.57142857142858,301.0,270.0,322.0,349.42857142857144,331.0,325.85714285714283,1,2
2020-02-05,509,386,305,366,82,438,149,185,346,335,452.0,483.42857142857144,437.0,412.0,409.0,347.57142857142856,377.0,372.14285714285717,73.0,77.0,417.0,442.2857142857143,139.0,128.85714285714286,274.0,263.0,318.0,348.0,267.0,316.85714285714283,2,2
2020-02-06,483,481,426,315,61,515,116,191,334,370,509.0,467.85714285714283,386.0,436.57142857142856,305.0,364.14285714285717,366.0,359.0,82.0,75.0,438.0,462.42857142857144,149.0,122.14285714285714,185.0,254.14285714285714,346.0,333.2857142857143,335.0,318.14285714285717,3,2
2020-02-07,503,419,418,256,58,366,77,295,402,368,483.0,469.0,481.0,437.0,426.0,377.42857142857144,315.0,336.85714285714283,61.0,72.0,515.0,449.57142857142856,116.0,118.14285714285714,191.0,262.42857142857144,334.0,343.42857142857144,370.0,323.0,4,2
2020-02-08,585,375,300,355,74,592,66,259,327,318,503.0,489.57142857142856,419.0,419.85714285714283,418.0,369.57142857142856,256.0,338.7142857142857,58.0,72.0,366.0,469.42857142857144,77.0,116.0,295.0,253.57142857142858,402.0,331.0,368.0,322.7142857142857,5,2
2020-02-09,529,474,351,434,76,409,59,257,312,324,585.0,500.7142857142857,375.0,431.0,300.0,359.14285714285717,355.0,347.42857142857144,74.0,76.14285714285714,592.0,460.57142857142856,66.0,108.28571428571429,259.0,251.71428571428572,327.0,337.2857142857143,318.0,330.42857142857144,6,2
2020-02-10,493,437,374,338,86,514,116,225,433,316,529.0,507.7142857142857,474.0,429.85714285714283,351.0,369.0,434.0,348.7142857142857,76.0,72.85714285714286,409.0,464.42857142857144,59.0,103.14285714285714,257.0,240.85714285714286,312.0,353.14285714285717,324.0,328.2857142857143,0,2
2020-02-11,502,342,379,418,51,365,89,230,257,207,493.0,514.8571428571429,437.0,416.2857142857143,374.0,364.7142857142857,338.0,354.57142857142856,86.0,69.71428571428571,514.0,457.0,116.0,96.0,225.0,234.57142857142858,433.0,344.42857142857144,316.0,319.7142857142857,1,2
2020-02-12,529,430,319,346,91,366,153,251,359,244,502.0,517.7142857142857,342.0,422.57142857142856,379.0,366.7142857142857,418.0,351.7142857142857,51.0,71.0,365.0,446.7142857142857,89.0,96.57142857142857,230.0,244.0,257.0,346.2857142857143,207.0,306.7142857142857,2,2
2020-02-13,466,423,307,338,100,464,141,226,366,318,529.0,515.2857142857143,430.0,414.2857142857143,319.0,349.7142857142857,346.0,355.0,91.0,76.57142857142857,366.0,439.42857142857144,153.0,100.14285714285714,251.0,249.0,359.0,350.85714285714283,244.0,299.2857142857143,3,2
2020-02-14,581,286,407,391,147,478,121,232,384,304,466.0,526.4285714285714,423.0,395.2857142857143,307.0,348.14285714285717,338.0,374.2857142857143,100.0,89.28571428571429,464.0,455.42857142857144,141.0,106.42857142857143,226.0,240.0,366.0,348.2857142857143,318.0,290.14285714285717,4,2
2020-02-15,446,422,417,316,81,489,138,233,369,251,581.0,506.57142857142856,286.0,402.0,407.0,364.85714285714283,391.0,368.7142857142857,147.0,90.28571428571429,478.0,440.7142857142857,121.0,116.71428571428571,232.0,236.28571428571428,384.0,354.2857142857143,304.0,280.57142857142856,5,2
2020-02-16,497,502,326,352,94,452,117,299,319,318,446.0,502.0,422.0,406.0,417.0,361.2857142857143,316.0,357.0,81.0,92.85714285714286,489.0,446.85714285714283,138.0,125.0,233.0,242.28571428571428,369.0,355.2857142857143,251.0,279.7142857142857,6,2
2020-02-17,497,460,287,360,59,446,131,250,304,317,497.0,502.57142857142856,502.0,409.2857142857143,326.0,348.85714285714283,352.0,360.14285714285717,94.0,89.0,452.0,437.14285714285717,117.0,127.14285714285714,299.0,245.85714285714286,319.0,336.85714285714283,318.0,279.85714285714283,0,2
2020-02-18,500,374,324,269,89,463,81,255,300,303,497.0,502.2857142857143,460.0,413.85714285714283,287.0,341.0,360.0,338.85714285714283,59.0,94.42857142857143,446.0,451.14285714285717,131.0,126.0,250.0,249.42857142857142,304.0,343.0,317.0,293.57142857142856,1,2
2020-02-19,452,417,335,393,21,475,69,249,337,320,500.0,491.2857142857143,374.0,412.0,324.0,343.2857142857143,269.0,345.57142857142856,89.0,84.42857142857143,463.0,466.7142857142857,81.0,114.0,255.0,249.14285714285714,300.0,339.85714285714283,303.0,304.42857142857144,2,2
2020-02-20,608,414,406,270,75,465,123,273,401,331,452.0,511.57142857142856,417.0,410.7142857142857,335.0,357.42857142857144,393.0,335.85714285714283,21.0,80.85714285714286,475.0,466.85714285714283,69.0,111.42857142857143,249.0,255.85714285714286,337.0,344.85714285714283,320.0,306.2857142857143,3,2
2020-02-21,407,445,356,438,118,424,123,261,368,364,608.0,486.7142857142857,414.0,433.42857142857144,406.0,350.14285714285717,270.0,342.57142857142856,75.0,76.71428571428571,465.0,459.14285714285717,123.0,111.71428571428571,273.0,260.0,401.0,342.57142857142856,331.0,314.85714285714283,4,2
2020-02-22,612,347,412,385,72,355,104,228,347,348,407.0,510.42857142857144,445.0,422.7142857142857,356.0,349.42857142857144,438.0,352.42857142857144,118.0,75.42857142857143,424.0,440.0,123.0,106.85714285714286,261.0,259.2857142857143,368.0,339.42857142857144,364.0,328.7142857142857,5,2
2020-02-23,530,414,300,324,71,430,119,239,381,286,612.0,515.1428571428571,347.0,410.14285714285717,412.0,345.7142857142857,385.0,348.42857142857144,72.0,72.14285714285714,355.0,436.85714285714283,104.0,107.14285714285714,228.0,250.71428571428572,347.0,348.2857142857143,348.0,324.14285714285717,6,2
2020-02-24,446,376,330,365,92,454,60,218,334,303,530.0,507.85714285714283,414.0,398.14285714285717,300.0,351.85714285714283,324.0,349.14285714285717,71.0,76.85714285714286,430.0,438.0,119.0,97.0,239.0,246.14285714285714,381.0,352.57142857142856,286.0,322.14285714285717,0,2
2020-02-25,504,410,303,463,73,373,118,222,437,332,446.0,508.42857142857144,376.0,403.2857142857143,330.0,348.85714285714283,365.0,376.85714285714283,92.0,74.57142857142857,454.0,425.14285714285717,60.0,102.28571428571429,218.0,241.42857142857142,334.0,372.14285714285717,303.0,326.2857142857143,1,2
2020-02-26,502,448,362,277,58,601,101,357,349,352,504.0,515.5714285714286,410.0,407.7142857142857,303.0,352.7142857142857,463.0,360.2857142857143,73.0,79.85714285714286,373.0,443.14285714285717,118.0,106.85714285714286,222.0,256.85714285714283,437.0,373.85714285714283,332.0,330.85714285714283,2,2
2020-02-27,520,318,358,377,54,392,114,237,353,336,502.0,503.0,448.0,394.0,362.0,345.85714285714283,277.0,375.57142857142856,58.0,76.85714285714286,601.0,432.7142857142857,101.0,105.57142857142857,357.0,251.71428571428572,349.0,367.0,352.0,331.57142857142856,3,2
2020-02-28,395,368,359,343,51,428,69,300,405,316,520.0,501.2857142857143,318.0,383.0,358.0,346.2857142857143,377.0,362.0,54.0,67.28571428571429,392.0,433.2857142857143,114.0,97.85714285714286,237.0,257.2857142857143,353.0,372.2857142857143,336.0,324.7142857142857,4,2
2020-02-29,586,353,339,423,100,446,94,254,375,292,395.0,497.57142857142856,368.0,383.85714285714283,359.0,335.85714285714283,343.0,367.42857142857144,51.0,71.28571428571429,428.0,446.2857142857143,69.0,96.42857142857143,300.0,261.0,405.0,376.2857142857143,316.0,316.7142857142857,5,2
2020-03-01,421,399,363,346,66,567,107,262,359,399,586.0,482.0,353.0,381.7142857142857,339.0,344.85714285714283,423.0,370.57142857142856,100.0,70.57142857142857,446.0,465.85714285714283,94.0,94.71428571428571,254.0,264.2857142857143,375.0,373.14285714285717,292.0,332.85714285714283,6,3
2020-03-02,514,416,329,337,77,393,122,323,385,363,421.0,491.7142857142857,399.0,387.42857142857144,363.0,344.7142857142857,346.0,366.57142857142856,66.0,68.42857142857143,567.0,457.14285714285717,107.0,103.57142857142857,262.0,279.2857142857143,359.0,380.42857142857144,399.0,341.42857142857144,0,3
2020-03-03,577,451,388,323,38,452,174,201,313,281,514.0,502.14285714285717,416.0,393.2857142857143,329.0,356.85714285714283,337.0,346.57142857142856,77.0,63.42857142857143,393.0,468.42857142857144,122.0,111.57142857142857,323.0,276.2857142857143,385.0,362.7142857142857,363.0,334.14285714285717,1,3
2020-03-04,517,401,335,387,121,416,129,321,386,268,577.0,504.2857142857143,451.0,386.57142857142856,388.0,353.0,323.0,362.2857142857143,38.0,72.42857142857143,452.0,442.0,174.0,115.57142857142857,201.0,271.14285714285717,313.0,368.0,281.0,322.14285714285717,2,3
2020-03-05,453,408,379,362,58,494,168,236,411,378,517.0,494.7142857142857,401.0,399.42857142857144,335.0,356.0,387.0,360.14285714285717,121.0,73.0,416.0,456.57142857142856,129.0,123.28571428571429,321.0,271.0,386.0,376.2857142857143,268.0,328.14285714285717,3,3
2020-03-06,397,390,279,326,38,406,134,212,310,288,453.0,495.0,408.0,402.57142857142856,379.0,344.57142857142856,362.0,357.7142857142857,58.0,71.14285714285714,494.0,453.42857142857144,168.0,132.57142857142858,236.0,258.42857142857144,411.0,362.7142857142857,378.0,324.14285714285717,4,3
2020-03-07,542,316,396,281,85,472,132,304,318,325,397.0,488.7142857142857,390.0,397.2857142857143,279.0,352.7142857142857,326.0,337.42857142857144,38.0,69.0,406.0,457.14285714285717,134.0,138.0,212.0,265.57142857142856,310.0,354.57142857142856,288.0,328.85714285714283,5,3
2020-03-08,525,279,367,238,65,486,109,242,320,391,542.0,503.57142857142856,316.0,380.14285714285717,396.0,353.2857142857143,281.0,322.0,85.0,68.85714285714286,472.0,445.57142857142856,132.0,138.28571428571428,304.0,262.7142857142857,318.0,349.0,325.0,327.7142857142857,6,3
2020-03-09,425,345,329,349,75,521,48,224,342,331,525.0,490.85714285714283,279.0,370.0,367.0,353.2857142857143,238.0,323.7142857142857,65.0,68.57142857142857,486.0,463.85714285714283,109.0,127.71428571428571,242.0,248.57142857142858,320.0,342.85714285714283,391.0,323.14285714285717,0,3
2020-03-10,515,306,265,353,92,527,69,252,405,411,425.0,482.0,345.0,349.2857142857143,329.0,335.7142857142857,349.0,328.0,75.0,76.28571428571429,521.0,474.57142857142856,48.0,112.71428571428571,224.0,255.85714285714286,342.0,356.0,331.0,341.7142857142857,1,3
2020-03-11,566,417,423,389,86,455,128,194,347,288,515.0,489.0,306.0,351.57142857142856,265.0,348.2857142857143,353.0,328.2857142857143,92.0,71.28571428571429,527.0,480.14285714285717,69.0,112.57142857142857,252.0,237.71428571428572,405.0,350.42857142857144,411.0,344.57142857142856,2,3
2020-03-12,549,453,317,352,93,448,78,236,251,198,566.0,502.7142857142857,417.0,358.0,423.0,339.42857142857144,389.0,326.85714285714283,86.0,76.28571428571429,455.0,473.57142857142856,128.0,99.71428571428571,194.0,237.71428571428572,347.0,327.57142857142856,288.0,318.85714285714283,3,3
2020-03-13,522,411,410,531,92,503,133,170,382,272,549.0,520.5714285714286,453.0,361.0,317.0,358.14285714285717,352.0,356.14285714285717,93.0,84.0,448.0,487.42857142857144,78.0,99.57142857142857,236.0,231.71428571428572,251.0,337.85714285714283,198.0,316.57142857142856,4,3
2020-03-14,491,481,391,337,50,541,62,255,442,307,522.0,513.2857142857143,411.0,384.57142857142856,410.0,357.42857142857144,531.0,364.14285714285717,92.0,79.0,503.0,497.2857142857143,133.0,89.57142857142857,170.0,224.71428571428572,382.0,355.57142857142856,272.0,314.0,5,3
2020-03-15,468,359,374,372,49,402,71,250,391,387,491.0,505.14285714285717,481.0,396.0,391.0,358.42857142857144,337.0,383.2857142857143,50.0,76.71428571428571,541.0,485.2857142857143,62.0,84.14285714285714,255.0,225.85714285714286,442.0,365.7142857142857,307.0,313.42857142857144,6,3
2020-03-16,468,492,357,384,47,496,112,289,437,348,468.0,511.2857142857143,359.0,417.0,374.0,362.42857142857144,372.0,388.2857142857143,49.0,72.71428571428571,402.0,481.7142857142857,71.0,93.28571428571429,250.0,235.14285714285714,391.0,379.2857142857143,387.0,315.85714285714283,0,3
2020-03-17,506,475,360,410,65,505,47,311,360,284,468.0,510.0,492.0,441.14285714285717,357.0,376.0,384.0,396.42857142857144,47.0,68.85714285714286,496.0,478.57142857142856,112.0,90.14285714285714,289.0,243.57142857142858,437.0,372.85714285714283,348.0,297.7142857142857,1,3
2020-03-18,537,411,382,339,49,448,73,283,388,253,506.0,505.85714285714283,475.0,440.2857142857143,360.0,370.14285714285717,410.0,389.2857142857143,65.0,63.57142857142857,505.0,477.57142857142856,47.0,82.28571428571429,311.0,256.2857142857143,360.0,378.7142857142857,284.0,292.7142857142857,2,3
2020-03-19,507,378,339,335,65,581,87,275,299,348,537.0,499.85714285714283,411.0,429.57142857142856,382.0,373.2857142857143,339.0,386.85714285714283,49.0,59.57142857142857,448.0,496.57142857142856,73.0,83.57142857142857,283.0,261.85714285714283,388.0,385.57142857142856,253.0,314.14285714285717,3,3
2020-03-20,614,414,298,395,108,503,121,202,399,321,507.0,513.0,378.0,430.0,339.0,357.2857142857143,335.0,367.42857142857144,65.0,61.857142857142854,581.0,496.57142857142856,87.0,81.85714285714286,275.0,266.42857142857144,299.0,388.0,348.0,321.14285714285717,4,3
2020-03-21,516,429,400,378,99,455,82,201,381,225,614.0,516.5714285714286,414.0,422.57142857142856,298.0,358.57142857142856,395.0,373.2857142857143,108.0,68.85714285714286,503.0,484.2857142857143,121.0,84.71428571428571,202.0,258.7142857142857,399.0,379.2857142857143,321.0,309.42857142857144,5,3
2020-03-22,530,337,389,375,65,481,138,241,358,391,516.0,525.4285714285714,429.0,419.42857142857144,400.0,360.7142857142857,378.0,373.7142857142857,99.0,71.14285714285714,455.0,495.57142857142856,82.0,94.28571428571429,201.0,257.42857142857144,381.0,374.57142857142856,225.0,310.0,6,3
2020-03-23,529,331,342,333,52,399,95,243,340,371,530.0,534.1428571428571,337.0,396.42857142857144,389.0,358.57142857142856,375.0,366.42857142857144,65.0,71.85714285714286,481.0,481.7142857142857,138.0,91.85714285714286,241.0,250.85714285714286,358.0,360.7142857142857,391.0,313.2857142857143,0,3
2020-03-24,607,358,396,403,62,522,109,220,351,313,529.0,548.5714285714286,331.0,379.7142857142857,342.0,363.7142857142857,333.0,365.42857142857144,52.0,71.42857142857143,399.0,484.14285714285717,95.0,100.71428571428571,243.0,237.85714285714286,340.0,359.42857142857144,371.0,317.42857142857144,1,3
2020-03-25,570,382,342,365,56,448,82,235,391,367,607.0,553.2857142857143,358.0,375.57142857142856,396.0,358.0,403.0,369.14285714285717,62.0,72.42857142857143,522.0,484.14285714285717,109.0,102.0,220.0,231.0,351.0,359.85714285714283,313.0,333.7142857142857,2,3
2020-03-26,539,353,306,317,128,494,99,350,320,305,570.0,557.8571428571429,382.0,372.0,342.0,353.2857142857143,365.0,366.57142857142856,56.0,81.42857142857143,448.0,471.7142857142857,82.0,103.71428571428571,235.0,241.71428571428572,391.0,362.85714285714283,367.0,327.57142857142856,3,3
2020-03-27,539,502,383,332,113,433,171,342,339,389,539.0,547.1428571428571,353.0,384.57142857142856,306.0,365.42857142857144,317.0,357.57142857142856,128.0,82.14285714285714,494.0,461.7142857142857,99.0,110.85714285714286,350.0,261.7142857142857,320.0,354.2857142857143,305.0,337.2857142857143,4,3
2020-03-28,509,354,414,347,41,369,126,251,366,290,539.0,546.1428571428571,502.0,373.85714285714283,383.0,367.42857142857144,332.0,353.14285714285717,113.0,73.85714285714286,433.0,449.42857142857144,171.0,117.14285714285714,342.0,268.85714285714283,339.0,352.14285714285717,389.0,346.57142857142856,5,3
2020-03-29,401,466,431,438,66,436,152,221,363,276,509.0,527.7142857142857,354.0,392.2857142857143,414.0,373.42857142857144,347.0,362.14285714285717,41.0,74.0,369.0,443.0,126.0,119.14285714285714,251.0,266.0,366.0,352.85714285714283,290.0,330.14285714285717,6,3
2020-03-30,589,411,457,359,81,463,79,310,377,358,401.0,536.2857142857143,466.0,403.7142857142857,431.0,389.85714285714283,438.0,365.85714285714283,66.0,78.14285714285714,436.0,452.14285714285717,152.0,116.85714285714286,221.0,275.57142857142856,363.0,358.14285714285717,276.0,328.2857142857143,0,3
2020-03-31,587,365,426,430,68,500,102,245,353,437,589.0,533.4285714285714,411.0,404.7142857142857,457.0,394.14285714285717,359.0,369.7142857142857,81.0,79.0,463.0,449.0,79.0,115.85714285714286,310.0,279.14285714285717,377.0,358.42857142857144,358.0,346.0,1,3
2020-04-01,538,380,411,360,87,517,109,241,423,386,587.0,528.8571428571429,365.0,404.42857142857144,426.0,404.0,430.0,369.0,68.0,83.42857142857143,500.0,458.85714285714283,102.0,119.71428571428571,245.0,280.0,353.0,363.0,437.0,348.7142857142857,2,4
2020-04-02,475,364,361,268,82,517,127,230,330,328,538.0,519.7142857142857,380.0,406.0,411.0,411.85714285714283,360.0,362.0,87.0,76.85714285714286,517.0,462.14285714285717,109.0,123.71428571428571,241.0,262.85714285714283,423.0,364.42857142857144,386.0,352.0,3,4
2020-04-03,479,365,356,369,60,535,133,304,392,301,475.0,511.14285714285717,364.0,386.42857142857144,361.0,408.0,268.0,367.2857142857143,82.0,69.28571428571429,517.0,476.7142857142857,127.0,118.28571428571429,230.0,257.42857142857144,330.0,372.0,328.0,339.42857142857144,4,4
2020-04-04,438,336,264,338,65,468,134,228,435,298,479.0,501.0,365.0,383.85714285714283,356.0,386.57142857142856,369.0,366.0,60.0,72.71428571428571,535.0,490.85714285714283,133.0,119.42857142857143,304.0,254.14285714285714,392.0,381.85714285714283,301.0,340.57142857142856,5,4
2020-04-05,584,441,322,325,89,548,65,239,379,280,438.0,527.1428571428571,336.0,380.2857142857143,264.0,371.0,338.0,349.85714285714283,65.0,76.0,468.0,506.85714285714283,134.0,107.0,228.0,256.7142857142857,435.0,384.14285714285717,298.0,341.14285714285717,6,4
2020-04-06,533,496,368,459,90,404,68,251,354,383,584.0,519.1428571428571,441.0,392.42857142857144,322.0,358.2857142857143,325.0,364.14285714285717,89.0,77.28571428571429,548.0,498.42857142857144,65.0,105.42857142857143,239.0,248.28571428571428,379.0,380.85714285714283,280.0,344.7142857142857,0,4
2020-04-07,482,333,308,415,99,510,82,284,323,302,533.0,504.14285714285717,496.0,387.85714285714283,368.0,341.42857142857144,459.0,362.0,90.0,81.71428571428571,404.0,499.85714285714283,68.0,102.57142857142857,251.0,253.85714285714286,354.0,376.57142857142856,383.0,325.42857142857144,1,4
2020-04-08,467,345,292,506,24,532,100,274,330,292,482.0,494.0,333.0,382.85714285714283,308.0,324.42857142857144,415.0,382.85714285714283,99.0,72.71428571428571,510.0,502.0,82.0,101.28571428571429,284.0,258.57142857142856,323.0,363.2857142857143,302.0,312.0,2,4
2020-04-09,434,349,327,353,62,424,134,306,405,364,467.0,488.14285714285717,345.0,380.7142857142857,292.0,319.57142857142856,506.0,395.0,24.0,69.85714285714286,532.0,488.7142857142857,100.0,102.28571428571429,274.0,269.42857142857144,330.0,374.0,292.0,317.14285714285717,3,4
2020-04-10,609,442,345,447,55,557,91,184,421,243,434.0,506.7142857142857,349.0,391.7142857142857,327.0,318.0,353.0,406.14285714285717,62.0,69.14285714285714,424.0,491.85714285714283,134.0,96.28571428571429,306.0,252.28571428571428,405.0,378.14285714285717,364.0,308.85714285714283,4,4
2020-04-11,517,395,305,270,81,432,110,195,322,415,609.0,518.0,442.0,400.14285714285717,345.0,323.85714285714283,447.0,396.42857142857144,55.0,71.42857142857143,557.0,486.7142857142857,91.0,92.85714285714286,184.0,247.57142857142858,421.0,362.0,243.0,325.57142857142856,5,4
2020-04-12,495,359,367,404,103,448,83,234,381,331,517.0,505.2857142857143,395.0,388.42857142857144,305.0,330.2857142857143,270.0,407.7142857142857,81.0,73.42857142857143,432.0,472.42857142857144,110.0,95.42857142857143,195.0,246.85714285714286,322.0,362.2857142857143,415.0,332.85714285714283,6,4
2020-04-13,494,465,286,381,142,437,100,189,381,271,495.0,499.7142857142857,359.0,384.0,367.0,318.57142857142856,404.0,396.57142857142856,103.0,80.85714285714286,448.0,477.14285714285717,83.0,100.0,234.0,238.0,381.0,366.14285714285717,331.0,316.85714285714283,0,4
2020-04-14,441,347,300,371,67,480,103,209,362,255,494.0,493.85714285714283,465.0,386.0,286.0,317.42857142857144,381.0,390.2857142857143,142.0,76.28571428571429,437.0,472.85714285714283,100.0,103.0,189.0,227.28571428571428,381.0,371.7142857142857,271.0,310.14285714285717,1,4
2020-04-15,495,480,377,346,33,384,91,183,416,318,441.0,497.85714285714283,347.0,405.2857142857143,300.0,329.57142857142856,371.0,367.42857142857144,67.0,77.57142857142857,480.0,451.7142857142857,103.0,101.71428571428571,209.0,214.28571428571428,362.0,384.0,255.0,313.85714285714283,2,4
2020-04-16,549,387,356,355,136,485,89,299,366,286,495.0,514.2857142857143,480.0,410.7142857142857,377.0,333.7142857142857,346.0,367.7142857142857,33.0,88.14285714285714,384.0,460.42857142857144,91.0,95.28571428571429,183.0,213.28571428571428,416.0,378.42857142857144,318.0,302.7142857142857,3,4
2020-04-17,579,326,264,380,63,452,108,261,434,390,549.0,510.0,387.0,394.14285714285717,356.0,322.14285714285717,355.0,358.14285714285717,136.0,89.28571428571429,485.0,445.42857142857144,89.0,97.71428571428571,299.0,224.28571428571428,366.0,380.2857142857143,286.0,323.7142857142857,4,4
2020-04-18,432,356,309,318,85,412,153,282,435,321,579.0,497.85714285714283,326.0,388.57142857142856,264.0,322.7142857142857,380.0,365.0,63.0,89.85714285714286,452.0,442.57142857142856,108.0,103.85714285714286,261.0,236.71428571428572,434.0,396.42857142857144,390.0,310.2857142857143,5,4
2020-04-19,467,398,337,313,57,468,156,333,376,369,432.0,493.85714285714283,356.0,394.14285714285717,309.0,318.42857142857144,318.0,352.0,85.0,83.28571428571429,412.0,445.42857142857144,153.0,114.28571428571429,282.0,250.85714285714286,435.0,395.7142857142857,321.0,315.7142857142857,6,4
2020-04-20,523,374,364,406,75,473,118,284,318,303,467.0,498.0,398.0,381.14285714285717,337.0,329.57142857142856,313.0,355.57142857142856,57.0,73.71428571428571,468.0,450.57142857142856,156.0,116.85714285714286,333.0,264.42857142857144,376.0,386.7142857142857,369.0,320.2857142857143,0,4
2020-04-21,526,445,205,324,117,413,116,211,316,424,523.0,510.14285714285717,374.0,395.14285714285717,364.0,316.0,406.0,348.85714285714283,75.0,80.85714285714286,473.0,441.0,118.0,118.71428571428571,284.0,264.7142857142857,318.0,380.14285714285717,303.0,344.42857142857144,1,4
2020-04-22,508,337,361,261,104,531,129,219,367,279,526.0,512.0,445.0,374.7142857142857,205.0,313.7142857142857,324.0,336.7142857142857,117.0,91.0,413.0,462.0,116.0,124.14285714285714,211.0,269.85714285714283,316.0,373.14285714285717,424.0,338.85714285714283,2,4
2020-04-23,528,301,436,310,46,439,134,269,471,310,508.0,509.0,337.0,362.42857142857144,361.0,325.14285714285717,261.0,330.2857142857143,104.0,78.14285714285714,531.0,455.42857142857144,129.0,130.57142857142858,219.0,265.57142857142856,367.0,388.14285714285717,279.0,342.2857142857143,3,4
2020-04-24,551,445,365,371,121,489,158,218,380,376,528.0,505.0,301.0,379.42857142857144,436.0,339.57142857142856,310.0,329.0,46.0,86.42857142857143,439.0,460.7142857142857,134.0,137.71428571428572,269.0,259.42857142857144,471.0,380.42857142857144,310.0,340.2857142857143,4,4
2020-04-25,449,422,393,356,77,483,98,236,392,223,551.0,507.42857142857144,445.0,388.85714285714283,365.0,351.57142857142856,371.0,334.42857142857144,121.0,85.28571428571429,489.0,470.85714285714283,158.0,129.85714285714286,218.0,252.85714285714286,380.0,374.2857142857143,376.0,326.2857142857143,5,4
2020-04-26,373,428,393,312,114,578,162,308,359,476,449.0,494.0,422.0,393.14285714285717,393.0,359.57142857142856,356.0,334.2857142857143,77.0,93.42857142857143,483.0,486.57142857142856,98.0,130.71428571428572,236.0,249.28571428571428,392.0,371.85714285714283,223.0,341.57142857142856,6,4
2020-04-27,547,440,331,369,43,471,85,209,369,317,373.0,497.42857142857144,428.0,402.57142857142856,393.0,354.85714285714283,312.0,329.0,114.0,88.85714285714286,578.0,486.2857142857143,162.0,126.0,308.0,238.57142857142858,359.0,379.14285714285717,476.0,343.57142857142856,0,4
2020-04-28,525,473,401,473,106,416,80,365,314,310,547.0,497.2857142857143,440.0,406.57142857142856,331.0,382.85714285714283,369.0,350.2857142857143,43.0,87.28571428571429,471.0,486.7142857142857,85.0,120.85714285714286,209.0,260.57142857142856,369.0,378.85714285714283,317.0,327.2857142857143,1,4
2020-04-29,586,315,371,338,80,540,129,184,400,364,525.0,508.42857142857144,473.0,403.42857142857144,401.0,384.2857142857143,473.0,361.2857142857143,106.0,83.85714285714286,416.0,488.0,80.0,120.85714285714286,365.0,255.57142857142858,314.0,383.57142857142856,310.0,339.42857142857144,2,4
2020-04-30,411,505,392,267,91,433,148,259,467,290,586.0,491.7142857142857,315.0,432.57142857142856,371.0,378.0,338.0,355.14285714285717,80.0,90.28571428571429,540.0,487.14285714285717,129.0,122.85714285714286,184.0,254.14285714285714,400.0,383.0,364.0,336.57142857142856,3,4
2020-05-01,524,359,386,471,74,491,67,274,406,317,411.0,487.85714285714283,505.0,420.2857142857143,392.0,381.0,267.0,369.42857142857144,91.0,83.57142857142857,433.0,487.42857142857144,148.0,109.85714285714286,259.0,262.14285714285717,467.0,386.7142857142857,290.0,328.14285714285717,4,5
2020-05-02,603,449,297,378,53,416,114,296,296,260,524.0,509.85714285714283,359.0,424.14285714285717,386.0,367.2857142857143,471.0,372.57142857142856,74.0,80.14285714285714,491.0,477.85714285714283,67.0,112.14285714285714,274.0,270.7142857142857,406.0,373.0,317.0,333.42857142857144,5,5
2020-05-03,408,288,312,410,36,498,148,233,389,358,603.0,514.8571428571429,449.0,404.14285714285717,297.0,355.7142857142857,378.0,386.57142857142856,53.0,69.0,416.0,466.42857142857144,114.0,110.14285714285714,296.0,260.0,296.0,377.2857142857143,260.0,316.57142857142856,6,5
2020-05-04,545,272,336,425,63,560,78,206,347,338,408.0,514.5714285714286,288.0,380.14285714285717,312.0,356.42857142857144,410.0,394.57142857142856,36.0,71.85714285714286,498.0,479.14285714285717,148.0,109.14285714285714,233.0,259.57142857142856,389.0,374.14285714285717,358.0,319.57142857142856,0,5
2020-05-05,568,459,367,261,69,407,123,189,370,360,545.0,520.7142857142857,272.0,378.14285714285717,336.0,351.57142857142856,425.0,364.2857142857143,63.0,66.57142857142857,560.0,477.85714285714283,78.0,115.28571428571429,206.0,234.42857142857142,347.0,382.14285714285717,338.0,326.7142857142857,1,5
2020-05-06,436,291,387,316,54,520,102,194,324,342,568.0,499.2857142857143,459.0,374.7142857142857,367.0,353.85714285714283,261.0,361.14285714285717,69.0,62.857142857142854,407.0,475.0,123.0,111.42857142857143,189.0,235.85714285714286,370.0,371.2857142857143,360.0,323.57142857142856,2,5
2020-05-07,442,361,385,379,97,464,95,240,274,441,436.0,503.7142857142857,291.0,354.14285714285717,387.0,352.85714285714283,316.0,377.14285714285717,54.0,63.714285714285715,520.0,479.42857142857144,102.0,103.85714285714286,194.0,233.14285714285714,324.0,343.7142857142857,342.0,345.14285714285717,3,5
2020-05-08,418,373,394,295,79,517,152,205,408,353,442.0,488.57142857142856,361.0,356.14285714285717,385.0,354.0,379.0,352.0,97.0,64.42857142857143,464.0,483.14285714285717,95.0,116.0,240.0,223.28571428571428,274.0,344.0,441.0,350.2857142857143,4,5
2020-05-09,461,441,426,371,76,538,103,271,426,393,418.0,468.2857142857143,373.0,355.0,394.0,372.42857142857144,295.0,351.0,79.0,67.71428571428571,517.0,500.57142857142856,152.0,114.42857142857143,205.0,219.71428571428572,408.0,362.57142857142856,353.0,369.2857142857143,5,5
2020-05-10,547,413,375,362,99,369,83,313,372,391,461.0,488.14285714285717,441.0,372.85714285714283,426.0,381.42857142857144,371.0,344.14285714285717,76.0,76.71428571428571,538.0,482.14285714285717,103.0,105.14285714285714,271.0,231.14285714285714,426.0,360.14285714285717,393.0,374.0,6,5
2020-05-11,546,355,436,384,64,591,109,216,344,343,547.0,488.2857142857143,413.0,384.7142857142857,375.0,395.7142857142857,362.0,338.2857142857143,99.0,76.85714285714286,369.0,486.57142857142856,83.0,109.57142857142857,313.0,232.57142857142858,372.0,359.7142857142857,391.0,374.7142857142857,0,5
2020-05-12,508,477,357,339,67,556,87,288,365,310,546.0,479.7142857142857,355.0,387.2857142857143,436.0,394.2857142857143,384.0,349.42857142857144,64.0,76.57142857142857,591.0,507.85714285714283,109.0,104.42857142857143,216.0,246.71428571428572,344.0,359.0,343.0,367.57142857142856,1,5
2020-05-13,466,410,410,355,95,433,87,207,393,348,508.0,484.0,477.0,404.2857142857143,357.0,397.57142857142856,339.0,355.0,67.0,82.42857142857143,556.0,495.42857142857144,87.0,102.28571428571429,288.0,248.57142857142858,365.0,368.85714285714283,310.0,368.42857142857144,2,5
2020-05-14,445,392,394,397,89,509,127,224,368,293,466.0,484.42857142857144,410.0,408.7142857142857,410.0,398.85714285714283,355.0,357.57142857142856,95.0,81.28571428571429,433.0,501.85714285714283,87.0,106.85714285714286,207.0,246.28571428571428,393.0,382.2857142857143,348.0,347.2857142857143,3,5
2020-05-15,387,338,293,321,60,473,105,291,316,348,445.0,480.0,392.0,403.7142857142857,394.0,384.42857142857144,397.0,361.2857142857143,89.0,78.57142857142857,509.0,495.57142857142856,127.0,100.14285714285714,224.0,258.57142857142856,368.0,369.14285714285717,293.0,346.57142857142856,4,5
2020-05-16,533,450,377,470,76,466,92,177,383,290,387.0,490.2857142857143,338.0,405.0,293.0,377.42857142857144,321.0,375.42857142857144,60.0,78.57142857142857,473.0,485.2857142857143,105.0,98.57142857142857,291.0,245.14285714285714,316.0,363.0,348.0,331.85714285714283,5,5
2020-05-17,423,382,411,411,67,445,103,257,330,329,533.0,472.57142857142856,450.0,400.57142857142856,377.0,382.57142857142856,470.0,382.42857142857144,76.0,74.0,466.0,496.14285714285717,92.0,101.42857142857143,177.0,237.14285714285714,383.0,357.0,290.0,323.0,6,5
2020-05-18,374,449,316,321,25,440,93,180,380,276,423.0,448.0,382.0,414.0,411.0,365.42857142857144,411.0,373.42857142857144,67.0,68.42857142857143,445.0,474.57142857142856,103.0,99.14285714285714,257.0,232.0,330.0,362.14285714285717,329.0,313.42857142857144,0,5
2020-05-19,464,471,386,389,32,403,135,242,497,345,374.0,441.7142857142857,449.0,413.14285714285717,316.0,369.57142857142856,321.0,380.57142857142856,25.0,63.42857142857143,440.0,452.7142857142857,93.0,106.0,180.0,225.42857142857142,380.0,381.0,276.0,318.42857142857144,1,5
2020-05-20,559,367,417,404,85,368,112,308,357,345,464.0,455.0,471.0,407.0,386.0,370.57142857142856,389.0,387.57142857142856,32.0,62.0,403.0,443.42857142857144,135.0,109.57142857142857,242.0,239.85714285714286,497.0,375.85714285714283,345.0,318.0,2,5
2020-05-21,556,350,443,385,75,451,114,208,370,415,559.0,470.85714285714283,367.0,401.0,417.0,377.57142857142856,404.0,385.85714285714283,85.0,60.0,368.0,435.14285714285717,112.0,107.71428571428571,308.0,237.57142857142858,357.0,376.14285714285717,345.0,335.42857142857144,3,5
2020-05-22,526,385,455,305,76,358,102,266,341,403,556.0,490.7142857142857,350.0,407.7142857142857,443.0,400.7142857142857,385.0,383.57142857142856,75.0,62.285714285714285,451.0,418.7142857142857,114.0,107.28571428571429,208.0,234.0,370.0,379.7142857142857,415.0,343.2857142857143,4,5
2020-05-23,544,284,274,445,54,449,99,296,455,267,526.0,492.2857142857143,385.0,384.0,455.0,386.0,305.0,380.0,76.0,59.142857142857146,358.0,416.2857142857143,102.0,108.28571428571429,266.0,251.0,341.0,390.0,403.0,340.0,5,5
2020-05-24,514,500,429,307,63,501,132,203,406,317,544.0,505.2857142857143,284.0,400.85714285714283,274.0,388.57142857142856,445.0,365.14285714285717,54.0,58.57142857142857,449.0,424.2857142857143,99.0,112.42857142857143,296.0,243.28571428571428,455.0,400.85714285714283,267.0,338.2857142857143,6,5
2020-05-25,390,409,275,394,41,393,73,174,288,350,514.0,507.57142857142856,500.0,395.14285714285717,429.0,382.7142857142857,307.0,375.57142857142856,63.0,60.857142857142854,501.0,417.57142857142856,132.0,109.57142857142857,203.0,242.42857142857142,406.0,387.7142857142857,317.0,348.85714285714283,0,5
2020-05-26,469,441,288,303,96,436,109,255,387,360,390.0,508.2857142857143,409.0,390.85714285714283,275.0,368.7142857142857,394.0,363.2857142857143,41.0,70.0,393.0,422.2857142857143,73.0,105.85714285714286,174.0,244.28571428571428,288.0,372.0,350.0,351.0,1,5
2020-05-27,508,426,421,315,82,393,117,215,448,278,469.0,501.0,441.0,399.2857142857143,288.0,369.2857142857143,303.0,350.57142857142856,96.0,69.57142857142857,436.0,425.85714285714283,109.0,106.57142857142857,255.0,231.0,387.0,385.0,360.0,341.42857142857144,2,5
2020-05-28,567,321,381,255,71,466,108,263,377,405,508.0,502.57142857142856,426.0,395.14285714285717,421.0,360.42857142857144,315.0,332.0,82.0,69.0,393.0,428.0,117.0,105.71428571428571,215.0,238.85714285714286,448.0,386.0,278.0,340.0,3,5
2020-05-29,537,425,356,399,66,427,106,269,360,253,567.0,504.14285714285717,321.0,400.85714285714283,381.0,346.2857142857143,255.0,345.42857142857144,71.0,67.57142857142857,466.0,437.85714285714283,108.0,106.28571428571429,263.0,239.28571428571428,377.0,388.7142857142857,405.0,318.57142857142856,4,5
2020-05-30,538,482,354,397,57,361,109,237,392,322,537.0,503.2857142857143,425.0,429.14285714285717,356.0,357.7142857142857,399.0,338.57142857142856,66.0,68.0,427.0,425.2857142857143,106.0,107.71428571428571,269.0,230.85714285714286,360.0,379.7142857142857,253.0,326.42857142857144,5,5
2020-05-31,487,388,293,402,58,445,115,280,445,306,538.0,499.42857142857144,482.0,413.14285714285717,354.0,338.2857142857143,397.0,352.14285714285717,57.0,67.28571428571429,361.0,417.2857142857143,109.0,105.28571428571429,237.0,241.85714285714286,392.0,385.2857142857143,322.0,324.85714285714283,6,5
2020-06-01,428,439,316,301,95,490,105,248,287,261,487.0,504.85714285714283,388.0,417.42857142857144,293.0,344.14285714285717,402.0,338.85714285714283,58.0,75.0,445.0,431.14285714285717,115.0,109.85714285714286,280.0,252.42857142857142,445.0,385.14285714285717,306.0,312.14285714285717,0,6
2020-06-02,506,355,332,256,54,474,52,280,431,299,428.0,510.14285714285717,439.0,405.14285714285717,316.0,350.42857142857144,301.0,332.14285714285717,95.0,69.0,490.0,436.57142857142856,105.0,101.71428571428571,248.0,256.0,287.0,391.42857142857144,261.0,303.42857142857144,1,6
2020-06-03,500,358,345,278,91,495,86,283,393,453,506.0,509.0,355.0,395.42857142857144,332.0,339.57142857142856,256.0,326.85714285714283,54.0,70.28571428571429,474.0,451.14285714285717,52.0,97.28571428571429,280.0,265.7142857142857,431.0,383.57142857142856,299.0,328.42857142857144,2,6
2020-06-04,426,391,350,436,62,610,122,237,379,306,500.0,488.85714285714283,358.0,405.42857142857144,345.0,335.14285714285717,278.0,352.7142857142857,91.0,69.0,495.0,471.7142857142857,86.0,99.28571428571429,283.0,262.0,393.0,383.85714285714283,453.0,314.2857142857143,3,6
2020-06-05,579,444,297,289,82,546,87,299,415,345,426.0,494.85714285714283,391.0,408.14285714285717,350.0,326.7142857142857,436.0,337.0,62.0,71.28571428571429,610.0,488.7142857142857,122.0,96.57142857142857,237.0,266.2857142857143,379.0,391.7142857142857,306.0,327.42857142857144,4,6
2020-06-06,562,439,384,294,75,516,112,249,310,319,579.0,498.2857142857143,444.0,402.0,297.0,331.0,289.0,322.2857142857143,82.0,73.85714285714286,546.0,510.85714285714283,87.0,97.0,299.0,268.0,415.0,380.0,345.0,327.0,5,6
2020-06-07,522,341,383,407,63,513,135,174,301,328,562.0,503.2857142857143,439.0,395.2857142857143,384.0,343.85714285714283,294.0,323.0,75.0,74.57142857142857,516.0,520.5714285714286,112.0,99.85714285714286,249.0,252.85714285714286,310.0,359.42857142857144,319.0,330.14285714285717,6,6
2020-06-08,493,463,366,321,82,479,71,215,298,325,522.0,512.5714285714286,341.0,398.7142857142857,383.0,351.0,407.0,325.85714285714283,63.0,72.71428571428571,513.0,519.0,135.0,95.0,174.0,248.14285714285714,301.0,361.0,328.0,339.2857142857143,0,6
2020-06-09,540,433,327,414,70,477,98,273,450,316,493.0,517.4285714285714,463.0,409.85714285714283,366.0,350.2857142857143,321.0,348.42857142857144,82.0,75.0,479.0,519.4285714285714,71.0,101.57142857142857,215.0,247.14285714285714,298.0,363.7142857142857,325.0,341.7142857142857,1,6
2020-06-10,535,413,406,332,82,430,96,273,355,334,540.0,522.4285714285714,433.0,417.7142857142857,327.0,359.0,414.0,356.14285714285717,70.0,73.71428571428571,477.0,510.14285714285717,98.0,103.0,273.0,245.71428571428572,450.0,358.2857142857143,316.0,324.7142857142857,2,6
2020-06-11,556,413,361,377,54,449,89,324,429,418,535.0,541.0,413.0,420.85714285714283,406.0,360.57142857142856,332.0,347.7142857142857,82.0,72.57142857142857,430.0,487.14285714285717,96.0,98.28571428571429,273.0,258.14285714285717,355.0,365.42857142857144,334.0,340.7142857142857,3,6
2020-06-12,551,408,367,464,76,549,108,208,345,346,556.0,537.0,413.0,415.7142857142857,361.0,370.57142857142856,377.0,372.7142857142857,54.0,71.71428571428571,449.0,487.57142857142856,89.0,101.28571428571429,324.0,245.14285714285714,429.0,355.42857142857144,418.0,340.85714285714283,4,6
2020-06-13,462,396,392,319,61,434,126,245,351,292,551.0,522.7142857142857,408.0,409.57142857142856,367.0,371.7142857142857,464.0,376.2857142857143,76.0,69.71428571428571,549.0,475.85714285714283,108.0,103.28571428571429,208.0,244.57142857142858,345.0,361.2857142857143,346.0,337.0,5,6
2020-06-14,544,319,363,368,49,622,133,253,281,409,462.0,525.8571428571429,396.0,406.42857142857144,392.0,368.85714285714283,319.0,370.7142857142857,61.0,67.71428571428571,434.0,491.42857142857144,126.0,103.0,245.0,255.85714285714286,351.0,358.42857142857144,292.0,348.57142857142856,6,6
2020-06-15,489,386,333,401,69,323,122,172,346,368,544.0,525.2857142857143,319.0,395.42857142857144,363.0,364.14285714285717,368.0,382.14285714285717,49.0,65.85714285714286,622.0,469.14285714285717,133.0,110.28571428571429,253.0,249.71428571428572,281.0,365.2857142857143,409.0,354.7142857142857,0,6
2020-06-16,485,354,355,357,85,516,99,213,296,303,489.0,517.4285714285714,386.0,384.14285714285717,333.0,368.14285714285717,401.0,374.0,69.0,68.0,323.0,474.7142857142857,122.0,110.42857142857143,172.0,241.14285714285714,346.0,343.2857142857143,368.0,352.85714285714283,1,6
2020-06-17,570,423,324,412,66,398,98,209,381,331,485.0,522.4285714285714,354.0,385.57142857142856,355.0,356.42857142857144,357.0,385.42857142857144,85.0,65.71428571428571,516.0,470.14285714285717,99.0,110.71428571428571,213.0,232.0,296.0,347.0,303.0,352.42857142857144,2,6
2020-06-18,563,426,338,455,48,464,90,134,376,336,570.0,523.4285714285714,423.0,387.42857142857144,324.0,353.14285714285717,412.0,396.57142857142856,66.0,64.85714285714286,398.0,472.2857142857143,98.0,110.85714285714286,209.0,204.85714285714286,381.0,339.42857142857144,331.0,340.7142857142857,3,6
2020-06-19,426,359,401,393,108,444,127,217,409,436,563.0,505.57142857142856,426.0,380.42857142857144,338.0,358.0,455.0,386.42857142857144,48.0,69.42857142857143,464.0,457.2857142857143,90.0,113.57142857142857,134.0,206.14285714285714,376.0,348.57142857142856,336.0,353.57142857142856,4,6
2020-06-20,421,400,409,471,26,439,93,222,328,284,426.0,499.7142857142857,359.0,381.0,401.0,360.42857142857144,393.0,408.14285714285717,108.0,64.42857142857143,444.0,458.0,127.0,108.85714285714286,217.0,202.85714285714286,409.0,345.2857142857143,436.0,352.42857142857144,5,6
2020-06-21,450,390,385,358,94,390,150,275,364,281,421.0,486.2857142857143,400.0,391.14285714285717,409.0,363.57142857142856,471.0,406.7142857142857,26.0,70.85714285714286,439.0,424.85714285714283,93.0,111.28571428571429,222.0,206.0,328.0,357.14285714285717,284.0,334.14285714285717,6,6
2020-06-22,543,396,421,254,39,491,125,252,464,388,450.0,494.0,390.0,392.57142857142856,385.0,376.14285714285717,358.0,385.7142857142857,94.0,66.57142857142857,390.0,448.85714285714283,150.0,111.71428571428571,275.0,217.42857142857142,364.0,374.0,281.0,337.0,0,6
2020-06-23,644,373,348,356,34,529,108,273,395,381,543.0,516.7142857142857,396.0,395.2857142857143,421.0,375.14285714285717,254.0,385.57142857142856,39.0,59.285714285714285,491.0,450.7142857142857,125.0,113.0,252.0,226.0,464.0,388.14285714285717,388.0,348.14285714285717,1,6
2020-06-24,481,431,307,459,71,396,167,192,322,327,644.0,504.0,373.0,396.42857142857144,348.0,372.7142857142857,356.0,392.2857142857143,34.0,60.0,529.0,450.42857142857144,108.0,122.85714285714286,273.0,223.57142857142858,395.0,379.7142857142857,381.0,347.57142857142856,2,6
2020-06-25,403,406,370,330,87,532,136,234,276,313,481.0,481.14285714285717,431.0,393.57142857142856,307.0,377.2857142857143,459.0,374.42857142857144,71.0,65.57142857142857,396.0,460.14285714285717,167.0,129.42857142857142,192.0,237.85714285714286,322.0,365.42857142857144,327.0,344.2857142857143,3,6
2020-06-26,508,403,310,341,63,459,53,222,386,332,403.0,492.85714285714283,406.0,399.85714285714283,370.0,364.2857142857143,330.0,367.0,87.0,59.142857142857146,532.0,462.2857142857143,136.0,118.85714285714286,234.0,238.57142857142858,276.0,362.14285714285717,313.0,329.42857142857144,4,6
2020-06-27,483,349,410,361,82,614,119,237,344,351,508.0,501.7142857142857,403.0,392.57142857142856,310.0,364.42857142857144,341.0,351.2857142857143,63.0,67.14285714285714,459.0,487.2857142857143,53.0,122.57142857142857,222.0,240.71428571428572,386.0,364.42857142857144,332.0,339.0,5,6
2020-06-28,438,363,324,405,75,440,93,270,369,364,483.0,500.0,349.0,388.7142857142857,410.0,355.7142857142857,361.0,358.0,82.0,64.42857142857143,614.0,494.42857142857144,119.0,114.42857142857143,237.0,240.0,344.0,365.14285714285717,351.0,350.85714285714283,6,6
2020-06-29,574,329,413,401,51,523,123,280,333,308,438.0,504.42857142857144,363.0,379.14285714285717,324.0,354.57142857142856,405.0,379.0,75.0,66.14285714285714,440.0,499.0,93.0,114.14285714285714,270.0,244.0,369.0,346.42857142857144,364.0,339.42857142857144,0,6
2020-06-30,660,511,404,325,103,522,88,297,317,375,574.0,506.7142857142857,329.0,398.85714285714283,413.0,362.57142857142856,401.0,374.57142857142856,51.0,76.0,523.0,498.0,123.0,111.28571428571429,280.0,247.42857142857142,333.0,335.2857142857143,308.0,338.57142857142856,1,6
2020-07-01,548,236,324,384,66,467,87,311,316,359,660.0,516.2857142857143,511.0,371.0,404.0,365.0,325.0,363.85714285714283,103.0,75.28571428571429,522.0,508.14285714285717,88.0,99.85714285714286,297.0,264.42857142857144,317.0,334.42857142857144,375.0,343.14285714285717,2,7
2020-07-02,484,424,334,438,94,450,133,287,386,335,548.0,527.8571428571429,236.0,373.57142857142856,324.0,359.85714285714283,384.0,379.2857142857143,66.0,76.28571428571429,467.0,496.42857142857144,87.0,99.42857142857143,311.0,272.0,316.0,350.14285714285717,359.0,346.2857142857143,3,7
2020-07-03,689,376,363,317,82,348,128,243,386,362,484.0,553.7142857142857,424.0,369.7142857142857,334.0,367.42857142857144,438.0,375.85714285714283,94.0,79.0,450.0,480.57142857142856,133.0,110.14285714285714,287.0,275.0,386.0,350.14285714285717,335.0,350.57142857142856,4,7
2020-07-04,431,385,340,370,73,483,91,258,383,314,689.0,546.2857142857143,376.0,374.85714285714283,363.0,357.42857142857144,317.0,377.14285714285717,82.0,77.71428571428571,348.0,461.85714285714283,128.0,106.14285714285714,243.0,278.0,386.0,355.7142857142857,362.0,345.2857142857143,5,7
2020-07-05,447,397,380,333,47,444,136,233,358,401,431.0,547.5714285714286,385.0,379.7142857142857,340.0,365.42857142857144,370.0,366.85714285714283,73.0,73.71428571428571,483.0,462.42857142857144,91.0,112.28571428571429,258.0,272.7142857142857,383.0,354.14285714285717,314.0,350.57142857142856,6,7
2020-07-06,461,386,351,383,64,371,108,269,367,324,447.0,531.4285714285714,397.0,387.85714285714283,380.0,356.57142857142856,333.0,364.2857142857143,47.0,75.57142857142857,444.0,440.7142857142857,136.0,110.14285714285714,233.0,271.14285714285717,358.0,359.0,401.0,352.85714285714283,0,7
2020-07-07,589,324,468,373,66,546,110,305,336,316,461.0,521.2857142857143,386.0,361.14285714285717,351.0,365.7142857142857,383.0,371.14285714285717,64.0,70.28571428571429,371.0,444.14285714285717,108.0,113.28571428571429,269.0,272.2857142857143,367.0,361.7142857142857,324.0,344.42857142857144,1,7
2020-07-08,391,399,400,464,99,535,121,348,387,297,589.0,498.85714285714283,324.0,384.42857142857144,468.0,376.57142857142856,373.0,382.57142857142856,66.0,75.0,546.0,453.85714285714283,110.0,118.14285714285714,305.0,277.57142857142856,336.0,371.85714285714283,316.0,335.57142857142856,2,7
2020-07-09,473,408,361,232,110,463,147,196,364,403,391.0,497.2857142857143,399.0,382.14285714285717,400.0,380.42857142857144,464.0,353.14285714285717,99.0,77.28571428571429,535.0,455.7142857142857,121.0,120.14285714285714,348.0,264.57142857142856,387.0,368.7142857142857,297.0,345.2857142857143,3,7
2020-07-10,495,394,373,382,86,485,110,257,326,329,473.0,469.57142857142856,408.0,384.7142857142857,361.0,381.85714285714283,232.0,362.42857142857144,110.0,77.85714285714286,463.0,475.2857142857143,147.0,117.57142857142857,196.0,266.57142857142856,364.0,360.14285714285717,403.0,340.57142857142856,4,7
2020-07-11,504,419,276,326,49,491,113,258,366,306,495.0,480.0,394.0,389.57142857142856,373.0,372.7142857142857,382.0,356.14285714285717,86.0,74.42857142857143,485.0,476.42857142857144,110.0,120.71428571428571,257.0,266.57142857142856,326.0,357.7142857142857,329.0,339.42857142857144,5,7
2020-07-12,481,340,410,385,74,468,83,295,332,297,504.0,484.85714285714283,419.0,381.42857142857144,276.0,377.0,326.0,363.57142857142856,49.0,78.28571428571429,491.0,479.85714285714283,113.0,113.14285714285714,258.0,275.42857142857144,366.0,354.0,306.0,324.57142857142856,6,7
2020-07-13,574,409,311,317,74,369,112,206,373,358,481.0,501.0,340.0,384.7142857142857,410.0,371.2857142857143,385.0,354.14285714285717,74.0,79.71428571428571,468.0,479.57142857142856,83.0,113.71428571428571,295.0,266.42857142857144,332.0,354.85714285714283,297.0,329.42857142857144,0,7
2020-07-14,573,383,400,391,69,412,133,243,378,277,574.0,498.7142857142857,409.0,393.14285714285717,311.0,361.57142857142856,317.0,356.7142857142857,74.0,80.14285714285714,369.0,460.42857142857144,112.0,117.0,206.0,257.57142857142856,373.0,360.85714285714283,358.0,323.85714285714283,1,7
2020-07-15,445,422,302,418,52,519,180,232,367,270,573.0,506.42857142857144,383.0,396.42857142857144,400.0,347.57142857142856,391.0,350.14285714285717,69.0,73.42857142857143,412.0,458.14285714285717,133.0,125.42857142857143,243.0,241.0,378.0,358.0,277.0,320.0,2,7
2020-07-16,507,556,405,359,61,411,95,258,422,326,445.0,511.2857142857143,422.0,417.57142857142856,302.0,353.85714285714283,418.0,368.2857142857143,52.0,66.42857142857143,519.0,450.7142857142857,180.0,118.0,232.0,249.85714285714286,367.0,366.2857142857143,270.0,309.0,3,7
2020-07-17,466,404,440,335,50,386,105,220,325,401,507.0,507.14285714285717,556.0,419.0,405.0,363.42857142857144,359.0,361.57142857142856,61.0,61.285714285714285,411.0,436.57142857142856,95.0,117.28571428571429,258.0,244.57142857142858,422.0,366.14285714285717,326.0,319.2857142857143,4,7
2020-07-18,489,410,342,425,43,464,65,211,348,408,466.0,505.0,404.0,417.7142857142857,440.0,372.85714285714283,335.0,375.7142857142857,50.0,60.42857142857143,386.0,432.7142857142857,105.0,110.42857142857143,220.0,237.85714285714286,325.0,363.57142857142856,401.0,333.85714285714283,5,7
2020-07-19,450,395,318,386,63,407,116,192,375,274,489.0,500.57142857142856,410.0,425.57142857142856,342.0,359.7142857142857,425.0,375.85714285714283,43.0,58.857142857142854,464.0,424.0,65.0,115.14285714285714,211.0,223.14285714285714,348.0,369.7142857142857,408.0,330.57142857142856,6,7
2020-07-20,528,395,301,306,83,456,87,186,342,291,450.0,494.0,395.0,423.57142857142856,318.0,358.2857142857143,386.0,374.2857142857143,63.0,60.142857142857146,407.0,436.42857142857144,116.0,111.57142857142857,192.0,220.28571428571428,375.0,365.2857142857143,274.0,321.0,0,7
2020-07-21,638,435,354,375,92,548,152,230,315,421,528.0,503.2857142857143,395.0,431.0,301.0,351.7142857142857,306.0,372.0,83.0,63.42857142857143,456.0,455.85714285714283,87.0,114.28571428571429,186.0,218.42857142857142,342.0,356.2857142857143,291.0,341.57142857142856,1,7
2020-07-22,439,447,392,354,77,470,80,287,407,333,638.0,502.42857142857144,435.0,434.57142857142856,354.0,364.57142857142856,375.0,362.85714285714283,92.0,67.0,548.0,448.85714285714283,152.0,100.0,230.0,226.28571428571428,315.0,362.0,421.0,350.57142857142856,2,7
2020-07-23,503,436,321,387,105,498,97,215,368,358,439.0,501.85714285714283,447.0,417.42857142857144,392.0,352.57142857142856,354.0,366.85714285714283,77.0,73.28571428571429,470.0,461.2857142857143,80.0,100.28571428571429,287.0,220.14285714285714,407.0,354.2857142857143,333.0,355.14285714285717,3,7
2020-07-24,562,521,337,372,78,513,122,314,380,399,503.0,515.5714285714286,436.0,434.14285714285717,321.0,337.85714285714283,387.0,372.14285714285717,105.0,77.28571428571429,498.0,479.42857142857144,97.0,102.71428571428571,215.0,233.57142857142858,368.0,362.14285714285717,358.0,354.85714285714283,4,7
2020-07-25,566,365,456,471,93,403,124,228,294,345,562.0,526.5714285714286,521.0,427.7142857142857,337.0,354.14285714285717,372.0,378.7142857142857,78.0,84.42857142857143,513.0,470.7142857142857,122.0,111.14285714285714,314.0,236.0,380.0,354.42857142857144,399.0,345.85714285714283,5,7
2020-07-26,526,412,397,364,59,539,122,208,338,243,566.0,537.4285714285714,365.0,430.14285714285717,456.0,365.42857142857144,471.0,375.57142857142856,93.0,83.85714285714286,403.0,489.57142857142856,124.0,112.0,228.0,238.28571428571428,294.0,349.14285714285717,345.0,341.42857142857144,6,7
2020-07-27,481,454,311,316,63,445,141,233,296,358,526.0,530.7142857142857,412.0,438.57142857142856,397.0,366.85714285714283,364.0,377.0,59.0,81.0,539.0,488.0,122.0,119.71428571428571,208.0,245.0,338.0,342.57142857142856,243.0,351.0,0,7
2020-07-28,575,380,278,383,73,577,109,310,412,404,481.0,521.7142857142857,454.0,430.7142857142857,311.0,356.0,316.0,378.14285714285717,63.0,78.28571428571429,445.0,492.14285714285717,141.0,113.57142857142857,233.0,256.42857142857144,296.0,356.42857142857144,358.0,348.57142857142856,1,7
2020-07-29,533,500,364,440,62,502,112,238,317,323,575.0,535.1428571428571,380.0,438.2857142857143,278.0,352.0,383.0,390.42857142857144,73.0,76.14285714285714,577.0,496.7142857142857,109.0,118.14285714285714,310.0,249.42857142857142,412.0,343.57142857142856,404.0,347.14285714285717,2,7
2020-07-30,439,460,323,360,83,478,126,234,346,305,533.0,526.0,500.0,441.7142857142857,364.0,352.2857142857143,440.0,386.57142857142856,62.0,73.0,502.0,493.85714285714283,112.0,122.28571428571429,238.0,252.14285714285714,317.0,340.42857142857144,323.0,339.57142857142856,3,7
2020-07-31,573,437,357,411,44,373,79,235,326,281,439.0,527.5714285714286,460.0,429.7142857142857,323.0,355.14285714285717,360.0,392.14285714285717,83.0,68.14285714285714,478.0,473.85714285714283,126.0,116.14285714285714,234.0,240.85714285714286,346.0,332.7142857142857,305.0,322.7142857142857,4,7
2020-08-01,587,398,365,351,70,457,128,221,295,303,573.0,530.5714285714286,437.0,434.42857142857144,357.0,342.14285714285717,411.0,375.0,44.0,64.85714285714286,373.0,481.57142857142856,79.0,116.71428571428571,235.0,239.85714285714286,326.0,332.85714285714283,281.0,316.7142857142857,5,8
2020-08-02,562,352,420,413,119,420,121,295,342,317,587.0,535.7142857142857,398.0,425.85714285714283,365.0,345.42857142857144,351.0,382.0,70.0,73.42857142857143,457.0,464.57142857142856,128.0,116.57142857142857,221.0,252.28571428571428,295.0,333.42857142857144,303.0,327.2857142857143,6,8
2020-08-03,477,409,272,301,44,544,90,233,372,335,562.0,535.1428571428571,352.0,419.42857142857144,420.0,339.85714285714283,413.0,379.85714285714283,119.0,70.71428571428571,420.0,478.7142857142857,121.0,109.28571428571429,295.0,252.28571428571428,342.0,344.2857142857143,317.0,324.0,0,8
2020-08-04,455,395,324,321,68,515,139,199,355,236,477.0,518.0,409.0,421.57142857142856,272.0,346.42857142857144,301.0,371.0,44.0,70.0,544.0,469.85714285714283,90.0,113.57142857142857,233.0,236.42857142857142,372.0,336.14285714285717,335.0,300.0,1,8
2020-08-05,457,376,322,304,98,471,52,255,354,328,455.0,507.14285714285717,395.0,403.85714285714283,324.0,340.42857142857144,321.0,351.57142857142856,68.0,75.14285714285714,515.0,465.42857142857144,139.0,105.0,199.0,238.85714285714286,355.0,341.42857142857144,236.0,300.7142857142857,2,8
2020-08-06,481,409,389,419,61,495,112,193,315,290,457.0,513.1428571428571,376.0,396.57142857142856,322.0,349.85714285714283,304.0,360.0,98.0,72.0,471.0,467.85714285714283,52.0,103.0,255.0,233.0,354.0,337.0,328.0,298.57142857142856,3,8
2020-08-07,629,431,378,335,70,563,152,267,363,259,481.0,521.1428571428571,409.0,395.7142857142857,389.0,352.85714285714283,419.0,349.14285714285717,61.0,75.71428571428571,495.0,495.0,112.0,113.42857142857143,193.0,237.57142857142858,315.0,342.2857142857143,290.0,295.42857142857144,4,8
2020-08-08,477,448,340,382,61,462,111,294,407,317,629.0,505.42857142857144,431.0,402.85714285714283,378.0,349.2857142857143,335.0,353.57142857142856,70.0,74.42857142857143,563.0,495.7142857142857,152.0,111.0,267.0,248.0,363.0,358.2857142857143,259.0,297.42857142857144,5,8
2020-08-09,511,455,357,386,75,539,48,338,319,217,477.0,498.14285714285717,448.0,417.57142857142856,340.0,340.2857142857143,382.0,349.7142857142857,61.0,68.14285714285714,462.0,512.7142857142857,111.0,100.57142857142857,294.0,254.14285714285714,407.0,355.0,317.0,283.14285714285717,6,8
2020-08-10,460,331,387,449,66,394,110,211,439,323,511.0,495.7142857142857,455.0,406.42857142857144,357.0,356.7142857142857,386.0,370.85714285714283,75.0,71.28571428571429,539.0,491.2857142857143,48.0,103.42857142857143,338.0,251.0,319.0,364.57142857142856,217.0,281.42857142857144,0,8
2020-08-11,539,385,376,334,77,570,66,235,305,398,460.0,507.7142857142857,331.0,405.0,387.0,364.14285714285717,449.0,372.7142857142857,66.0,72.57142857142857,394.0,499.14285714285717,110.0,93.0,211.0,256.14285714285717,439.0,357.42857142857144,323.0,304.57142857142856,1,8
2020-08-12,457,339,404,345,85,619,70,224,352,356,539.0,507.7142857142857,385.0,399.7142857142857,376.0,375.85714285714283,334.0,378.57142857142856,77.0,70.71428571428571,570.0,520.2857142857143,66.0,95.57142857142857,235.0,251.71428571428572,305.0,357.14285714285717,398.0,308.57142857142856,2,8
2020-08-13,466,474,345,303,55,423,86,245,372,305,457.0,505.57142857142856,339.0,409.0,404.0,369.57142857142856,345.0,362.0,85.0,69.85714285714286,619.0,510.0,70.0,91.85714285714286,224.0,259.14285714285717,352.0,365.2857142857143,356.0,310.7142857142857,3,8
2020-08-14,538,315,392,406,52,556,97,201,458,356,466.0,492.57142857142856,474.0,392.42857142857144,345.0,371.57142857142856,303.0,372.14285714285717,55.0,67.28571428571429,423.0,509.0,86.0,84.0,245.0,249.71428571428572,372.0,378.85714285714283,305.0,324.57142857142856,4,8
2020-08-15,451,401,309,443,84,388,110,202,398,371,538.0,488.85714285714283,315.0,385.7142857142857,392.0,367.14285714285717,406.0,380.85714285714283,52.0,70.57142857142857,556.0,498.42857142857144,97.0,83.85714285714286,201.0,236.57142857142858,458.0,377.57142857142856,356.0,332.2857142857143,5,8
2020-08-16,548,469,323,354,59,525,106,208,336,249,451.0,494.14285714285717,401.0,387.7142857142857,309.0,362.2857142857143,443.0,376.2857142857143,84.0,68.28571428571429,388.0,496.42857142857144,110.0,92.14285714285714,202.0,218.0,398.0,380.0,371.0,336.85714285714283,6,8
2020-08-17,541,430,386,341,79,488,104,280,362,336,548.0,505.7142857142857,469.0,401.85714285714283,323.0,362.14285714285717,354.0,360.85714285714283,59.0,70.14285714285714,525.0,509.85714285714283,106.0,91.28571428571429,208.0,227.85714285714286,336.0,369.0,249.0,338.7142857142857,0,8
2020-08-18,694,410,368,365,74,374,112,253,257,287,541.0,527.8571428571429,430.0,405.42857142857144,386.0,361.0,341.0,365.2857142857143,79.0,69.71428571428571,488.0,481.85714285714283,104.0,97.85714285714286,280.0,230.42857142857142,362.0,362.14285714285717,336.0,322.85714285714283,1,8
2020-08-19,456,375,444,304,102,444,87,259,406,417,694.0,527.7142857142857,410.0,410.57142857142856,368.0,366.7142857142857,365.0,359.42857142857144,74.0,72.14285714285714,374.0,456.85714285714283,112.0,100.28571428571429,253.0,235.42857142857142,257.0,369.85714285714283,287.0,331.57142857142856,2,8
2020-08-20,433,396,287,409,72,513,170,248,354,315,456.0,523.0,375.0,399.42857142857144,444.0,358.42857142857144,304.0,374.57142857142856,102.0,74.57142857142857,444.0,469.7142857142857,87.0,112.28571428571429,259.0,235.85714285714286,406.0,367.2857142857143,417.0,333.0,3,8
2020-08-21,565,446,360,397,99,402,64,326,430,368,433.0,526.8571428571429,396.0,418.14285714285717,287.0,353.85714285714283,409.0,373.2857142857143,72.0,81.28571428571429,513.0,447.7142857142857,170.0,107.57142857142857,248.0,253.71428571428572,354.0,363.2857142857143,315.0,334.7142857142857,4,8
2020-08-22,510,334,300,344,110,479,158,184,364,292,565.0,535.2857142857143,446.0,408.57142857142856,360.0,352.57142857142856,397.0,359.14285714285717,99.0,85.0,402.0,460.7142857142857,64.0,114.42857142857143,326.0,251.14285714285714,430.0,358.42857142857144,368.0,323.42857142857144,5,8
2020-08-23,482,357,361,370,82,450,100,206,448,286,510.0,525.8571428571429,334.0,392.57142857142856,300.0,358.0,344.0,361.42857142857144,110.0,88.28571428571429,479.0,450.0,158.0,113.57142857142857,184.0,250.85714285714286,364.0,374.42857142857144,292.0,328.7142857142857,6,8
2020-08-24,435,377,411,350,24,521,133,289,349,389,482.0,510.7142857142857,357.0,385.0,361.0,361.57142857142856,370.0,362.7142857142857,82.0,80.42857142857143,450.0,454.7142857142857,100.0,117.71428571428571,206.0,252.14285714285714,448.0,372.57142857142856,286.0,336.2857142857143,0,8
2020-08-25,537,309,374,390,33,356,113,201,370,313,435.0,488.2857142857143,377.0,370.57142857142856,411.0,362.42857142857144,350.0,366.2857142857143,24.0,74.57142857142857,521.0,452.14285714285717,133.0,117.85714285714286,289.0,244.71428571428572,349.0,388.7142857142857,389.0,340.0,1,8
2020-08-26,590,370,374,431,67,451,152,233,371,263,537.0,507.42857142857144,309.0,369.85714285714283,374.0,352.42857142857144,390.0,384.42857142857144,33.0,69.57142857142857,356.0,453.14285714285717,113.0,127.14285714285714,201.0,241.0,370.0,383.7142857142857,313.0,318.0,2,8
2020-08-27,428,364,387,344,66,573,108,311,423,378,590.0,506.7142857142857,370.0,365.2857142857143,374.0,366.7142857142857,431.0,375.14285714285717,67.0,68.71428571428571,451.0,461.7142857142857,152.0,118.28571428571429,233.0,250.0,371.0,393.57142857142856,263.0,327.0,3,8
2020-08-28,338,285,396,404,59,463,109,211,425,305,428.0,474.2857142857143,364.0,342.2857142857143,387.0,371.85714285714283,344.0,376.14285714285717,66.0,63.0,573.0,470.42857142857144,108.0,124.71428571428571,311.0,233.57142857142858,423.0,392.85714285714283,378.0,318.0,4,8
2020-08-29,450,401,393,321,96,460,102,324,438,262,338.0,465.7142857142857,285.0,351.85714285714283,396.0,385.14285714285717,404.0,372.85714285714283,59.0,61.0,463.0,467.7142857142857,109.0,116.71428571428571,211.0,253.57142857142858,425.0,403.42857142857144,305.0,313.7142857142857,5,8
2020-08-30,358,378,359,406,48,493,87,198,384,298,450.0,448.0,401.0,354.85714285714283,393.0,384.85714285714283,321.0,378.0,96.0,56.142857142857146,460.0,473.85714285714283,102.0,114.85714285714286,324.0,252.42857142857142,438.0,394.2857142857143,262.0,315.42857142857144,6,8
2020-08-31,527,526,344,486,70,480,113,277,404,353,358.0,461.14285714285717,378.0,376.14285714285717,359.0,375.2857142857143,406.0,397.42857142857144,48.0,62.714285714285715,493.0,468.0,87.0,112.0,198.0,250.71428571428572,384.0,402.14285714285717,298.0,310.2857142857143,0,8
2020-09-01,582,381,380,323,39,495,176,215,359,365,527.0,467.57142857142856,526.0,386.42857142857144,344.0,376.14285714285717,486.0,387.85714285714283,70.0,63.57142857142857,480.0,487.85714285714283,113.0,121.0,277.0,252.71428571428572,404.0,400.57142857142856,353.0,317.7142857142857,1,9
2020-09-02,522,407,326,358,59,349,153,232,450,266,582.0,457.85714285714283,381.0,391.7142857142857,380.0,369.2857142857143,323.0,377.42857142857144,39.0,62.42857142857143,495.0,473.2857142857143,176.0,121.14285714285714,215.0,252.57142857142858,359.0,411.85714285714283,365.0,318.14285714285717,2,9
2020-09-03,619,380,349,391,73,497,159,230,346,256,522.0,485.14285714285717,407.0,394.0,326.0,363.85714285714283,358.0,384.14285714285717,59.0,63.42857142857143,349.0,462.42857142857144,153.0,128.42857142857142,232.0,241.0,450.0,400.85714285714283,266.0,300.7142857142857,3,9
2020-09-04,493,306,311,369,43,490,155,312,302,291,619.0,507.2857142857143,380.0,397.0,349.0,351.7142857142857,391.0,379.14285714285717,73.0,61.142857142857146,497.0,466.2857142857143,159.0,135.0,230.0,255.42857142857142,346.0,383.2857142857143,256.0,298.7142857142857,4,9
2020-09-05,447,332,385,320,98,422,104,263,303,378,493.0,506.85714285714283,306.0,387.14285714285717,311.0,350.57142857142856,369.0,379.0,43.0,61.42857142857143,490.0,460.85714285714283,155.0,135.28571428571428,312.0,246.71428571428572,302.0,364.0,291.0,315.2857142857143,5,9
2020-09-06,480,347,319,386,62,441,82,287,436,327,447.0,524.2857142857143,332.0,382.7142857142857,385.0,344.85714285714283,320.0,376.14285714285717,98.0,63.42857142857143,422.0,453.42857142857144,104.0,134.57142857142858,263.0,259.42857142857144,303.0,371.42857142857144,378.0,319.42857142857144,6,9
2020-09-07,462,446,419,298,62,502,134,198,282,226,480.0,515.0,347.0,371.2857142857143,319.0,355.57142857142856,386.0,349.2857142857143,62.0,62.285714285714285,441.0,456.57142857142856,82.0,137.57142857142858,287.0,248.14285714285714,436.0,354.0,327.0,301.2857142857143,0,9
2020-09-08,552,381,337,381,68,382,121,236,309,394,462.0,510.7142857142857,446.0,371.2857142857143,419.0,349.42857142857144,298.0,357.57142857142856,62.0,66.42857142857143,502.0,440.42857142857144,134.0,129.71428571428572,198.0,251.14285714285714,282.0,346.85714285714283,226.0,305.42857142857144,1,9
2020-09-09,450,397,477,339,69,575,118,251,348,349,552.0,500.42857142857144,381.0,369.85714285714283,337.0,371.0,381.0,354.85714285714283,68.0,67.85714285714286,382.0,472.7142857142857,121.0,124.71428571428571,236.0,253.85714285714286,309.0,332.2857142857143,394.0,317.2857142857143,2,9
2020-09-10,474,388,447,297,68,527,126,229,258,315,450.0,479.7142857142857,397.0,371.0,477.0,385.0,339.0,341.42857142857144,69.0,67.14285714285714,575.0,477.0,118.0,120.0,251.0,253.71428571428572,348.0,319.7142857142857,349.0,325.7142857142857,3,9
2020-09-11,558,382,312,325,64,603,89,245,294,294,474.0,489.0,388.0,381.85714285714283,447.0,385.14285714285717,297.0,335.14285714285717,68.0,70.14285714285714,527.0,493.14285714285717,126.0,110.57142857142857,229.0,244.14285714285714,258.0,318.57142857142856,315.0,326.14285714285717,4,9
2020-09-12,470,353,372,347,96,510,108,255,416,411,558.0,492.2857142857143,382.0,384.85714285714283,312.0,383.2857142857143,325.0,339.0,64.0,69.85714285714286,603.0,505.7142857142857,89.0,111.14285714285714,245.0,243.0,294.0,334.7142857142857,294.0,330.85714285714283,5,9
2020-09-13,488,480,305,450,100,495,126,317,433,352,470.0,493.42857142857144,353.0,403.85714285714283,372.0,381.2857142857143,347.0,348.14285714285717,96.0,75.28571428571429,510.0,513.4285714285714,108.0,117.42857142857143,255.0,247.28571428571428,416.0,334.2857142857143,411.0,334.42857142857144,6,9
2020-09-14,616,416,390,319,68,530,106,289,451,254,488.0,515.4285714285714,480.0,399.57142857142856,305.0,377.14285714285717,450.0,351.14285714285717,100.0,76.14285714285714,495.0,517.4285714285714,126.0,113.42857142857143,317.0,260.2857142857143,433.0,358.42857142857144,352.0,338.42857142857144,0,9
2020-09-15,497,379,385,392,92,424,98,235,336,280,616.0,507.57142857142856,416.0,399.2857142857143,390.0,384.0,319.0,352.7142857142857,68.0,79.57142857142857,530.0,523.4285714285714,106.0,110.14285714285714,289.0,260.14285714285717,451.0,362.2857142857143,254.0,322.14285714285717,1,9
2020-09-16,474,469,357,283,65,517,90,193,262,310,497.0,511.0,379.0,409.57142857142856,385.0,366.85714285714283,392.0,344.7142857142857,92.0,79.0,424.0,515.1428571428571,98.0,106.14285714285714,235.0,251.85714285714286,336.0,350.0,280.0,316.57142857142856,2,9
2020-09-17,548,359,349,259,49,419,81,271,316,248,474.0,521.5714285714286,469.0,405.42857142857144,357.0,352.85714285714283,283.0,339.2857142857143,65.0,76.28571428571429,517.0,499.7142857142857,90.0,99.71428571428571,193.0,257.85714285714283,262.0,358.2857142857143,310.0,307.0,3,9
2020-09-18,483,338,401,426,58,437,137,273,430,236,548.0,510.85714285714283,359.0,399.14285714285717,349.0,365.57142857142856,259.0,353.7142857142857,49.0,75.42857142857143,419.0,476.0,81.0,106.57142857142857,271.0,261.85714285714283,316.0,377.7142857142857,248.0,298.7142857142857,4,9
2020-09-19,620,470,367,328,68,419,124,310,362,265,483.0,532.2857142857143,338.0,415.85714285714283,401.0,364.85714285714283,426.0,351.0,58.0,71.42857142857143,437.0,463.0,137.0,108.85714285714286,273.0,269.7142857142857,430.0,370.0,236.0,277.85714285714283,5,9
2020-09-20,373,445,404,370,71,404,77,270,449,313,620.0,515.8571428571429,470.0,410.85714285714283,367.0,379.0,328.0,339.57142857142856,68.0,67.28571428571429,419.0,450.0,124.0,101.85714285714286,310.0,263.0,362.0,372.2857142857143,265.0,272.2857142857143,6,9
2020-09-21,448,338,343,309,84,471,95,254,348,353,373.0,491.85714285714283,445.0,399.7142857142857,404.0,372.2857142857143,370.0,338.14285714285717,71.0,69.57142857142857,404.0,441.57142857142856,77.0,100.28571428571429,270.0,258.0,449.0,357.57142857142856,313.0,286.42857142857144,0,9
2020-09-22,447,417,272,338,68,467,78,206,357,379,448.0,484.7142857142857,338.0,405.14285714285717,343.0,356.14285714285717,309.0,330.42857142857144,84.0,66.14285714285714,471.0,447.7142857142857,95.0,97.42857142857143,254.0,253.85714285714286,348.0,360.57142857142856,353.0,300.57142857142856,1,9
2020-09-23,448,382,352,423,59,596,128,303,314,378,447.0,481.0,417.0,392.7142857142857,272.0,355.42857142857144,338.0,350.42857142857144,68.0,65.28571428571429,467.0,459.0,78.0,102.85714285714286,206.0,269.57142857142856,357.0,368.0,379.0,310.2857142857143,2,9
2020-09-24,529,443,280,366,87,453,113,282,375,368,448.0,478.2857142857143,382.0,404.7142857142857,352.0,345.57142857142856,423.0,365.7142857142857,59.0,70.71428571428571,596.0,463.85714285714283,128.0,107.42857142857143,303.0,271.14285714285717,314.0,376.42857142857144,378.0,327.42857142857144,3,9
2020-09-25,503,411,282,424,36,402,98,255,483,346,529.0,481.14285714285717,443.0,415.14285714285717,280.0,328.57142857142856,366.0,365.42857142857144,87.0,67.57142857142857,453.0,458.85714285714283,113.0,101.85714285714286,282.0,268.57142857142856,375.0,384.0,368.0,343.14285714285717,4,9
2020-09-26,541,471,447,380,66,547,148,313,479,308,503.0,469.85714285714283,411.0,415.2857142857143,282.0,340.0,424.0,372.85714285714283,36.0,67.28571428571429,402.0,477.14285714285717,98.0,105.28571428571429,255.0,269.0,483.0,400.7142857142857,346.0,349.2857142857143,5,9
2020-09-27,545,409,420,426,62,541,132,250,354,358,541.0,494.42857142857144,471.0,410.14285714285717,447.0,342.2857142857143,380.0,380.85714285714283,66.0,66.0,547.0,496.7142857142857,148.0,113.14285714285714,313.0,266.14285714285717,479.0,387.14285714285717,308.0,355.7142857142857,6,9
2020-09-28,615,357,318,335,77,497,107,242,360,317,545.0,518.2857142857143,409.0,412.85714285714283,420.0,338.7142857142857,426.0,384.57142857142856,62.0,65.0,541.0,500.42857142857144,132.0,114.85714285714286,250.0,264.42857142857144,354.0,388.85714285714283,358.0,350.57142857142856,0,9
2020-09-29,455,435,402,298,105,455,121,324,437,315,615.0,519.4285714285714,357.0,415.42857142857144,318.0,357.2857142857143,335.0,378.85714285714283,77.0,70.28571428571429,497.0,498.7142857142857,107.0,121.0,242.0,281.2857142857143,360.0,400.2857142857143,317.0,341.42857142857144,1,9
2020-09-30,397,351,278,297,66,560,89,286,441,332,455.0,512.1428571428571,435.0,411.0,402.0,346.7142857142857,298.0,360.85714285714283,105.0,71.28571428571429,455.0,493.57142857142856,121.0,115.42857142857143,324.0,278.85714285714283,437.0,418.42857142857144,315.0,334.85714285714283,2,9
2020-10-01,465,436,363,343,54,370,75,268,475,314,397.0,503.0,351.0,410.0,278.0,358.57142857142856,297.0,357.57142857142856,66.0,66.57142857142857,560.0,481.7142857142857,89.0,110.0,286.0,276.85714285714283,441.0,432.7142857142857,332.0,327.14285714285717,3,10
2020-10-02,569,396,340,329,84,447,72,172,426,307,465.0,512.4285714285714,436.0,407.85714285714283,363.0,366.85714285714283,343.0,344.0,54.0,73.42857142857143,370.0,488.14285714285717,75.0,106.28571428571429,268.0,265.0,475.0,424.57142857142856,314.0,321.57142857142856,4,10
2020-10-03,429,363,374,310,68,457,96,281,322,192,569.0,496.42857142857144,396.0,392.42857142857144,340.0,356.42857142857144,329.0,334.0,84.0,73.71428571428571,447.0,475.2857142857143,72.0,98.85714285714286,172.0,260.42857142857144,426.0,402.14285714285717,307.0,305.0,5,10
2020-10-04,485,390,256,481,77,383,79,280,307,351,429.0,487.85714285714283,363.0,389.7142857142857,374.0,333.0,310.0,341.85714285714283,68.0,75.85714285714286,457.0,452.7142857142857,96.0,91.28571428571429,281.0,264.7142857142857,322.0,395.42857142857144,192.0,304.0,6,10
2020-10-05,559,472,338,482,34,474,115,166,330,296,485.0,479.85714285714283,390.0,406.14285714285717,256.0,335.85714285714283,481.0,362.85714285714283,77.0,69.71428571428571,383.0,449.42857142857144,79.0,92.42857142857143,280.0,253.85714285714286,307.0,391.14285714285717,351.0,301.0,0,10
2020-10-06,487,380,372,327,74,534,161,235,469,379,559.0,484.42857142857144,472.0,398.2857142857143,338.0,331.57142857142856,482.0,367.0,34.0,65.28571428571429,474.0,460.7142857142857,115.0,98.14285714285714,166.0,241.14285714285714,330.0,395.7142857142857,296.0,310.14285714285717,1,10
2020-10-07,486,362,395,437,96,567,93,188,365,256,487.0,497.14285714285717,380.0,399.85714285714283,372.0,348.2857142857143,327.0,387.0,74.0,69.57142857142857,534.0,461.7142857142857,161.0,98.71428571428571,235.0,227.14285714285714,469.0,384.85714285714283,379.0,299.2857142857143,2,10
2020-10-08,541,506,316,294,111,539,91,210,379,372,486.0,508.0,362.0,409.85714285714283,395.0,341.57142857142856,437.0,380.0,96.0,77.71428571428571,567.0,485.85714285714283,93.0,101.0,188.0,218.85714285714286,365.0,371.14285714285717,256.0,307.57142857142856,3,10
2020-10-09,501,439,393,283,53,486,84,306,418,367,541.0,498.2857142857143,506.0,416.0,316.0,349.14285714285717,294.0,373.42857142857144,111.0,73.28571428571429,539.0,491.42857142857144,91.0,102.71428571428571,210.0,238.0,379.0,370.0,372.0,316.14285714285717,4,10
2020-10-10,540,340,324,425,69,540,91,268,367,276,501.0,514.1428571428571,439.0,412.7142857142857,393.0,342.0,283.0,389.85714285714283,53.0,73.42857142857143,486.0,503.2857142857143,84.0,102.0,306.0,236.14285714285714,418.0,376.42857142857144,367.0,328.14285714285717,5,10
2020-10-11,491,471,317,361,69,426,107,311,337,261,540.0,515.0,340.0,424.2857142857143,324.0,350.7142857142857,425.0,372.7142857142857,69.0,72.28571428571429,540.0,509.42857142857144,91.0,106.0,268.0,240.57142857142858,367.0,380.7142857142857,276.0,315.2857142857143,6,10
2020-10-12,446,382,359,352,107,585,65,242,409,344,491.0,498.85714285714283,471.0,411.42857142857144,317.0,353.7142857142857,361.0,354.14285714285717,69.0,82.71428571428571,426.0,525.2857142857143,107.0,98.85714285714286,311.0,251.42857142857142,337.0,392.0,261.0,322.14285714285717,0,10
2020-10-13,479,413,312,323,69,517,97,219,307,313,446.0,497.7142857142857,382.0,416.14285714285717,359.0,345.14285714285717,352.0,353.57142857142856,107.0,82.0,585.0,522.8571428571429,65.0,89.71428571428571,242.0,249.14285714285714,409.0,368.85714285714283,344.0,312.7142857142857,1,10
2020-10-14,454,344,389,333,63,597,154,263,402,277,479.0,493.14285714285717,413.0,413.57142857142856,312.0,344.2857142857143,323.0,338.7142857142857,69.0,77.28571428571429,517.0,527.1428571428571,97.0,98.42857142857143,219.0,259.85714285714283,307.0,374.14285714285717,313.0,315.7142857142857,2,10
2020-10-15,498,404,328,389,75,540,135,231,340,307,454.0,487.0,344.0,399.0,389.0,346.0,333.0,352.2857142857143,63.0,72.14285714285714,597.0,527.2857142857143,154.0,104.71428571428571,263.0,262.85714285714283,402.0,368.57142857142856,277.0,306.42857142857144,3,10
2020-10-16,450,395,402,273,60,427,148,244,315,359,498.0,479.7142857142857,404.0,392.7142857142857,328.0,347.2857142857143,389.0,350.85714285714283,75.0,73.14285714285714,540.0,518.8571428571429,135.0,113.85714285714286,231.0,254.0,340.0,353.85714285714283,307.0,305.2857142857143,4,10
2020-10-17,483,402,346,341,97,510,61,276,325,370,450.0,471.57142857142856,395.0,401.57142857142856,402.0,350.42857142857144,273.0,338.85714285714283,60.0,77.14285714285714,427.0,514.5714285714286,148.0,109.57142857142857,244.0,255.14285714285714,315.0,347.85714285714283,359.0,318.7142857142857,5,10
2020-10-18,472,321,272,442,69,532,130,271,283,278,483.0,468.85714285714283,402.0,380.14285714285717,346.0,344.0,341.0,350.42857142857144,97.0,77.14285714285714,510.0,529.7142857142857,61.0,112.85714285714286,276.0,249.42857142857142,325.0,340.14285714285717,370.0,321.14285714285717,6,10
2020-10-19,390,382,466,389,57,458,157,280,330,374,472.0,460.85714285714283,321.0,380.14285714285717,272.0,359.2857142857143,442.0,355.7142857142857,69.0,70.0,532.0,511.57142857142856,130.0,126.0,271.0,254.85714285714286,283.0,328.85714285714283,278.0,325.42857142857144,0,10
2020-10-20,528,419,380,447,49,427,92,319,326,282,390.0,467.85714285714283,382.0,381.0,466.0,369.0,389.0,373.42857142857144,57.0,67.14285714285714,458.0,498.7142857142857,157.0,125.28571428571429,280.0,269.14285714285717,330.0,331.57142857142856,374.0,321.0,1,10
2020-10-21,342,349,381,407,38,476,57,239,337,338,528.0,451.85714285714283,419.0,381.7142857142857,380.0,367.85714285714283,447.0,384.0,49.0,63.57142857142857,427.0,481.42857142857144,92.0,111.42857142857143,319.0,265.7142857142857,326.0,322.2857142857143,282.0,329.7142857142857,2,10
2020-10-22,493,381,294,389,85,386,87,178,320,377,342.0,451.14285714285717,349.0,378.42857142857144,381.0,363.0,407.0,384.0,38.0,65.0,476.0,459.42857142857144,57.0,104.57142857142857,239.0,258.14285714285717,337.0,319.42857142857144,338.0,339.7142857142857,3,10
2020-10-23,545,388,395,436,63,526,78,262,253,257,493.0,464.7142857142857,381.0,377.42857142857144,294.0,362.0,389.0,407.2857142857143,85.0,65.42857142857143,386.0,473.57142857142856,87.0,94.57142857142857,178.0,260.7142857142857,320.0,310.57142857142856,377.0,325.14285714285717,4,10
2020-10-24,479,371,231,372,95,511,109,179,386,336,545.0,464.14285714285717,388.0,373.0,395.0,345.57142857142856,436.0,411.7142857142857,63.0,65.14285714285714,526.0,473.7142857142857,78.0,101.42857142857143,262.0,246.85714285714286,253.0,319.2857142857143,257.0,320.2857142857143,5,10
2020-10-25,591,422,299,335,96,582,116,220,375,377,479.0,481.14285714285717,371.0,387.42857142857144,231.0,349.42857142857144,372.0,396.42857142857144,95.0,69.0,511.0,480.85714285714283,109.0,99.42857142857143,179.0,239.57142857142858,386.0,332.42857142857144,336.0,334.42857142857144,6,10
2020-10-26,454,340,381,345,71,404,129,254,343,301,591.0,490.2857142857143,422.0,381.42857142857144,299.0,337.2857142857143,335.0,390.14285714285717,96.0,71.0,582.0,473.14285714285717,116.0,95.42857142857143,220.0,235.85714285714286,375.0,334.2857142857143,377.0,324.0,0,10
2020-10-27,514,429,350,323,56,429,84,229,300,308,454.0,488.2857142857143,340.0,382.85714285714283,381.0,333.0,345.0,372.42857142857144,71.0,72.0,404.0,473.42857142857144,129.0,94.28571428571429,254.0,223.0,343.0,330.57142857142856,301.0,327.7142857142857,1,10
2020-10-28,528,433,290,386,44,517,102,263,483,390,514.0,514.8571428571429,429.0,394.85714285714283,350.0,320.0,323.0,369.42857142857144,56.0,72.85714285714286,429.0,479.2857142857143,84.0,100.71428571428571,229.0,226.42857142857142,300.0,351.42857142857144,308.0,335.14285714285717,2,10
2020-10-29,546,404,326,384,73,441,115,238,339,367,528.0,522.4285714285714,433.0,398.14285714285717,290.0,324.57142857142856,386.0,368.7142857142857,44.0,71.14285714285714,517.0,487.14285714285717,102.0,104.71428571428571,263.0,235.0,483.0,354.14285714285717,390.0,333.7142857142857,3,10
2020-10-30,585,354,324,367,66,477,96,201,389,299,546.0,528.1428571428571,404.0,393.2857142857143,326.0,314.42857142857144,384.0,358.85714285714283,73.0,71.57142857142857,441.0,480.14285714285717,115.0,107.28571428571429,238.0,226.28571428571428,339.0,373.57142857142856,367.0,339.7142857142857,4,10
2020-10-31,589,489,349,419,31,427,89,260,346,392,585.0,543.8571428571429,354.0,410.14285714285717,324.0,331.2857142857143,367.0,365.57142857142856,66.0,62.42857142857143,477.0,468.14285714285717,96.0,104.42857142857143,201.0,237.85714285714286,389.0,367.85714285714283,299.0,347.7142857142857,5,10
2020-11-01,540,401,335,436,55,464,138,227,404,374,589.0,536.5714285714286,489.0,407.14285714285717,349.0,336.42857142857144,419.0,380.0,31.0,56.57142857142857,427.0,451.2857142857143,89.0,107.57142857142857,260.0,238.85714285714286,346.0,372.0,392.0,347.2857142857143,6,11
2020-11-02,525,430,477,470,75,519,126,230,321,309,540.0,546.7142857142857,401.0,420.0,335.0,350.14285714285717,436.0,397.85714285714283,55.0,57.142857142857146,464.0,467.7142857142857,138.0,107.14285714285714,227.0,235.42857142857142,404.0,368.85714285714283,374.0,348.42857142857144,0,11
2020-11-03,523,310,375,391,90,547,128,322,444,349,525.0,548.0,430.0,403.0,477.0,353.7142857142857,470.0,407.57142857142856,75.0,62.0,519.0,484.57142857142856,126.0,113.42857142857143,230.0,248.71428571428572,321.0,389.42857142857144,309.0,354.2857142857143,1,11
2020-11-04,478,386,304,420,40,458,148,216,323,234,523.0,540.8571428571429,310.0,396.2857142857143,375.0,355.7142857142857,391.0,412.42857142857144,90.0,61.42857142857143,547.0,476.14285714285717,128.0,120.0,322.0,242.0,444.0,366.57142857142856,349.0,332.0,2,11
2020-11-05,477,488,366,462,62,451,98,249,302,356,478.0,531.0,386.0,408.2857142857143,304.0,361.42857142857144,420.0,423.57142857142856,40.0,59.857142857142854,458.0,477.57142857142856,148.0,117.57142857142857,216.0,243.57142857142858,323.0,361.2857142857143,234.0,330.42857142857144,3,11
2020-11-06,585,440,316,382,88,556,132,297,309,340,477.0,531.0,488.0,420.57142857142856,366.0,360.2857142857143,462.0,425.7142857142857,62.0,63.0,451.0,488.85714285714283,98.0,122.71428571428571,249.0,257.2857142857143,302.0,349.85714285714283,356.0,336.2857142857143,4,11
2020-11-07,477,423,368,336,78,446,77,331,399,212,585.0,515.0,440.0,411.14285714285717,316.0,363.0,382.0,413.85714285714283,88.0,69.71428571428571,556.0,491.57142857142856,132.0,121.0,297.0,267.42857142857144,309.0,357.42857142857144,340.0,310.57142857142856,5,11
2020-11-08,452,463,358,443,89,536,110,285,328,361,477.0,502.42857142857144,423.0,420.0,368.0,366.2857142857143,336.0,414.85714285714283,78.0,74.57142857142857,446.0,501.85714285714283,77.0,117.0,331.0,275.7142857142857,399.0,346.57142857142856,212.0,308.7142857142857,6,11
2020-11-09,485,448,404,336,66,427,128,257,357,357,452.0,496.7142857142857,463.0,422.57142857142856,358.0,355.85714285714283,443.0,395.7142857142857,89.0,73.28571428571429,536.0,488.7142857142857,110.0,117.28571428571429,285.0,279.57142857142856,328.0,351.7142857142857,361.0,315.57142857142856,0,11
2020-11-10,550,404,333,356,73,489,81,292,326,271,485.0,500.57142857142856,448.0,436.0,404.0,349.85714285714283,336.0,390.7142857142857,66.0,70.85714285714286,427.0,480.42857142857144,128.0,110.57142857142857,257.0,275.2857142857143,357.0,334.85714285714283,357.0,304.42857142857144,1,11
2020-11-11,455,340,347,381,51,460,86,255,289,273,550.0,497.2857142857143,404.0,429.42857142857144,333.0,356.0,356.0,385.14285714285717,73.0,72.42857142857143,489.0,480.7142857142857,81.0,101.71428571428571,292.0,280.85714285714283,326.0,330.0,271.0,310.0,2,11
2020-11-12,493,414,373,435,37,350,128,249,349,301,455.0,499.57142857142856,340.0,418.85714285714283,347.0,357.0,381.0,381.2857142857143,51.0,68.85714285714286,460.0,466.2857142857143,86.0,106.0,255.0,280.85714285714283,289.0,336.7142857142857,273.0,302.14285714285717,3,11
2020-11-13,590,408,301,323,42,529,127,244,400,343,493.0,500.2857142857143,414.0,414.2857142857143,373.0,354.85714285714283,435.0,372.85714285714283,37.0,62.285714285714285,350.0,462.42857142857144,128.0,105.28571428571429,249.0,273.2857142857143,349.0,349.7142857142857,301.0,302.57142857142856,4,11
2020-11-14,436,393,430,333,87,462,93,270,411,438,590.0,494.42857142857144,408.0,410.0,301.0,363.7142857142857,323.0,372.42857142857144,42.0,63.57142857142857,529.0,464.7142857142857,127.0,107.57142857142857,244.0,264.57142857142856,400.0,351.42857142857144,343.0,334.85714285714283,5,11
2020-11-15,537,403,350,458,18,462,110,174,382,303,436.0,506.57142857142856,393.0,401.42857142857144,430.0,362.57142857142856,333.0,374.57142857142856,87.0,53.42857142857143,462.0,454.14285714285717,93.0,107.57142857142857,270.0,248.71428571428572,411.0,359.14285714285717,438.0,326.57142857142856,6,11
2020-11-16,418,420,346,409,60,564,89,243,343,319,537.0,497.0,403.0,397.42857142857144,350.0,354.2857142857143,458.0,385.0,18.0,52.57142857142857,462.0,473.7142857142857,110.0,102.0,174.0,246.71428571428572,382.0,357.14285714285717,303.0,321.14285714285717,0,11
2020-11-17,519,387,354,326,58,385,93,309,328,262,418.0,492.57142857142856,420.0,395.0,346.0,357.2857142857143,409.0,380.7142857142857,60.0,50.42857142857143,564.0,458.85714285714283,89.0,103.71428571428571,243.0,249.14285714285714,343.0,357.42857142857144,319.0,319.85714285714283,1,11
2020-11-18,449,288,331,409,44,436,164,200,320,279,519.0,491.7142857142857,387.0,387.57142857142856,354.0,355.0,326.0,384.7142857142857,58.0,49.42857142857143,385.0,455.42857142857144,93.0,114.85714285714286,309.0,241.28571428571428,328.0,361.85714285714283,262.0,320.7142857142857,2,11
2020-11-19,518,441,364,389,32,488,98,308,305,293,449.0,495.2857142857143,288.0,391.42857142857144,331.0,353.7142857142857,409.0,378.14285714285717,44.0,48.714285714285715,436.0,475.14285714285717,164.0,110.57142857142857,200.0,249.71428571428572,320.0,355.57142857142856,279.0,319.57142857142856,3,11
2020-11-20,540,344,441,426,45,462,115,224,394,316,518.0,488.14285714285717,441.0,382.2857142857143,364.0,373.7142857142857,389.0,392.85714285714283,32.0,49.142857142857146,488.0,465.57142857142856,98.0,108.85714285714286,308.0,246.85714285714286,305.0,354.7142857142857,293.0,315.7142857142857,4,11
2020-11-21,561,366,347,262,75,492,154,316,282,395,540.0,506.0,344.0,378.42857142857144,441.0,361.85714285714283,426.0,382.7142857142857,45.0,47.42857142857143,462.0,469.85714285714283,115.0,117.57142857142857,224.0,253.42857142857142,394.0,336.2857142857143,316.0,309.57142857142856,5,11
2020-11-22,487,357,278,348,37,608,118,349,327,335,561.0,498.85714285714283,366.0,371.85714285714283,347.0,351.57142857142856,262.0,367.0,75.0,50.142857142857146,492.0,490.7142857142857,154.0,118.71428571428571,316.0,278.42857142857144,282.0,328.42857142857144,395.0,314.14285714285717,6,11
2020-11-23,530,321,364,475,45,475,70,178,411,326,487.0,514.8571428571429,357.0,357.7142857142857,278.0,354.14285714285717,348.0,376.42857142857144,37.0,48.0,608.0,478.0,118.0,116.0,349.0,269.14285714285717,327.0,338.14285714285717,335.0,315.14285714285717,0,11
2020-11-24,498,334,381,359,70,504,147,252,273,313,530.0,511.85714285714283,321.0,350.14285714285717,364.0,358.0,475.0,381.14285714285717,45.0,49.714285714285715,475.0,495.0,70.0,123.71428571428571,178.0,261.0,411.0,330.2857142857143,326.0,322.42857142857144,1,11
2020-11-25,454,394,395,464,125,564,83,269,380,335,498.0,512.5714285714286,334.0,365.2857142857143,381.0,367.14285714285717,359.0,389.0,70.0,61.285714285714285,504.0,513.2857142857143,147.0,112.14285714285714,252.0,270.85714285714283,273.0,338.85714285714283,313.0,330.42857142857144,2,11
2020-11-26,546,370,437,350,85,456,83,200,360,302,454.0,516.5714285714286,394.0,355.14285714285717,395.0,377.57142857142856,464.0,383.42857142857144,125.0,68.85714285714286,564.0,508.7142857142857,83.0,110.0,269.0,255.42857142857142,380.0,346.7142857142857,335.0,331.7142857142857,3,11
2020-11-27,476,358,342,339,44,388,90,357,357,333,546.0,507.42857142857144,370.0,357.14285714285717,437.0,363.42857142857144,350.0,371.0,85.0,68.71428571428571,456.0,498.14285714285717,83.0,106.42857142857143,200.0,274.42857142857144,360.0,341.42857142857144,302.0,334.14285714285717,4,11
2020-11-28,482,399,396,341,102,435,77,208,436,328,476.0,496.14285714285717,358.0,361.85714285714283,342.0,370.42857142857144,339.0,382.2857142857143,44.0,72.57142857142857,388.0,490.0,90.0,95.42857142857143,357.0,259.0,357.0,363.42857142857144,333.0,324.57142857142856,5,11
2020-11-29,510,362,420,327,95,490,83,207,348,391,482.0,499.42857142857144,399.0,362.57142857142856,396.0,390.7142857142857,341.0,379.2857142857143,102.0,80.85714285714286,435.0,473.14285714285717,77.0,90.42857142857143,208.0,238.71428571428572,436.0,366.42857142857144,328.0,332.57142857142856,6,11
2020-11-30,455,461,330,352,31,381,102,314,399,246,510.0,488.7142857142857,362.0,382.57142857142856,420.0,385.85714285714283,327.0,361.7142857142857,95.0,78.85714285714286,490.0,459.7142857142857,83.0,95.0,207.0,258.14285714285717,348.0,364.7142857142857,391.0,321.14285714285717,0,11
2020-12-01,560,393,379,264,85,422,104,256,352,277,455.0,497.57142857142856,461.0,391.0,330.0,385.57142857142856,352.0,348.14285714285717,31.0,81.0,381.0,448.0,102.0,88.85714285714286,314.0,258.7142857142857,399.0,376.0,246.0,316.0,1,12
2020-12-02,388,411,457,234,51,465,101,293,294,405,560.0,488.14285714285717,393.0,393.42857142857144,379.0,394.42857142857144,264.0,315.2857142857143,85.0,70.42857142857143,422.0,433.85714285714283,104.0,91.42857142857143,256.0,262.14285714285717,352.0,363.7142857142857,277.0,326.0,2,12
2020-12-03,486,420,395,343,109,569,80,164,424,265,388.0,479.57142857142856,411.0,400.57142857142856,457.0,388.42857142857144,234.0,314.2857142857143,51.0,73.85714285714286,465.0,450.0,101.0,91.0,293.0,257.0,294.0,372.85714285714283,405.0,320.7142857142857,3,12
2020-12-04,559,424,441,362,57,480,81,260,388,335,486.0,491.42857142857144,420.0,410.0,395.0,402.57142857142856,343.0,317.57142857142856,109.0,75.71428571428571,569.0,463.14285714285717,80.0,89.71428571428571,164.0,243.14285714285714,424.0,377.2857142857143,265.0,321.0,4,12
2020-12-05,439,326,324,520,69,479,104,169,359,317,559.0,485.2857142857143,424.0,399.57142857142856,441.0,392.2857142857143,362.0,343.14285714285717,57.0,71.0,480.0,469.42857142857144,81.0,93.57142857142857,260.0,237.57142857142858,388.0,366.2857142857143,335.0,319.42857142857144,5,12
2020-12-06,474,357,379,332,102,463,160,270,302,422,439.0,480.14285714285717,326.0,398.85714285714283,324.0,386.42857142857144,520.0,343.85714285714283,69.0,72.0,479.0,465.57142857142856,104.0,104.57142857142857,169.0,246.57142857142858,359.0,359.7142857142857,317.0,323.85714285714283,6,12
2020-12-07,565,407,376,336,72,426,70,196,361,322,474.0,495.85714285714283,357.0,391.14285714285717,379.0,393.0,332.0,341.57142857142856,102.0,77.85714285714286,463.0,472.0,160.0,100.0,270.0,229.71428571428572,302.0,354.2857142857143,422.0,334.7142857142857,0,12
2020-12-08,465,385,261,302,72,511,137,235,259,320,565.0,482.2857142857143,407.0,390.0,376.0,376.14285714285717,336.0,347.0,72.0,76.0,426.0,484.7142857142857,70.0,104.71428571428571,196.0,226.71428571428572,361.0,341.0,322.0,340.85714285714283,1,12
2020-12-09,487,558,413,375,51,502,78,168,354,334,465.0,496.42857142857144,385.0,411.0,261.0,369.85714285714283,302.0,367.14285714285717,72.0,76.0,511.0,490.0,137.0,101.42857142857143,235.0,208.85714285714286,259.0,349.57142857142856,320.0,330.7142857142857,2,12
2020-12-10,502,408,405,316,92,420,111,205,418,370,487.0,498.7142857142857,558.0,409.2857142857143,413.0,371.2857142857143,375.0,363.2857142857143,51.0,73.57142857142857,502.0,468.7142857142857,78.0,105.85714285714286,168.0,214.71428571428572,354.0,348.7142857142857,334.0,345.7142857142857,3,12
2020-12-11,434,489,327,331,64,506,96,311,272,328,502.0,480.85714285714283,408.0,418.57142857142856,405.0,355.0,316.0,358.85714285714283,92.0,74.57142857142857,420.0,472.42857142857144,111.0,108.0,205.0,222.0,418.0,332.14285714285717,370.0,344.7142857142857,4,12
2020-12-12,491,350,457,324,106,369,152,199,361,303,434.0,488.2857142857143,489.0,422.0,327.0,374.0,331.0,330.85714285714283,64.0,79.85714285714286,506.0,456.7142857142857,96.0,114.85714285714286,311.0,226.28571428571428,272.0,332.42857142857144,328.0,342.7142857142857,5,12
2020-12-13,494,440,373,394,62,336,94,228,458,306,491.0,491.14285714285717,350.0,433.85714285714283,457.0,373.14285714285717,324.0,339.7142857142857,106.0,74.14285714285714,369.0,438.57142857142856,152.0,105.42857142857143,199.0,220.28571428571428,361.0,354.7142857142857,303.0,326.14285714285717,6,12
2020-12-14,479,382,299,368,30,459,129,186,342,332,494.0,478.85714285714283,440.0,430.2857142857143,373.0,362.14285714285717,394.0,344.2857142857143,62.0,68.14285714285714,336.0,443.2857142857143,94.0,113.85714285714286,228.0,218.85714285714286,458.0,352.0,306.0,327.57142857142856,0,12
2020-12-15,586,460,297,307,63,456,111,219,243,393,479.0,496.14285714285717,382.0,441.0,299.0,367.2857142857143,368.0,345.0,30.0,66.85714285714286,459.0,435.42857142857144,129.0,110.14285714285714,186.0,216.57142857142858,342.0,349.7142857142857,332.0,338.0,1,12
2020-12-16,478,474,369,297,103,471,66,327,316,340,586.0,494.85714285714283,460.0,429.0,297.0,361.0,307.0,333.85714285714283,63.0,74.28571428571429,456.0,431.0,111.0,108.42857142857143,219.0,239.28571428571428,243.0,344.2857142857143,393.0,338.85714285714283,2,12
2020-12-17,497,524,309,350,60,421,101,148,314,352,478.0,494.14285714285717,474.0,445.57142857142856,369.0,347.2857142857143,297.0,338.7142857142857,103.0,69.71428571428571,471.0,431.14285714285717,66.0,107.0,327.0,231.14285714285714,316.0,329.42857142857144,340.0,336.2857142857143,3,12
2020-12-18,461,407,337,353,47,476,105,155,411,323,497.0,498.0,524.0,433.85714285714283,309.0,348.7142857142857,350.0,341.85714285714283,60.0,67.28571428571429,421.0,426.85714285714283,101.0,108.28571428571429,148.0,208.85714285714286,314.0,349.2857142857143,352.0,335.57142857142856,4,12
2020-12-19,517,368,284,366,98,436,91,253,283,335,461.0,501.7142857142857,407.0,436.42857142857144,337.0,324.0,353.0,347.85714285714283,47.0,66.14285714285714,476.0,436.42857142857144,105.0,99.57142857142857,155.0,216.57142857142858,411.0,338.14285714285717,323.0,340.14285714285717,5,12
2020-12-20,435,509,369,454,68,378,81,289,375,347,517.0,493.2857142857143,368.0,446.2857142857143,284.0,323.42857142857144,366.0,356.42857142857144,98.0,67.0,436.0,442.42857142857144,91.0,97.71428571428571,253.0,225.28571428571428,283.0,326.2857142857143,335.0,346.0,6,12
2020-12-21,431,424,376,499,75,428,103,250,321,328,435.0,486.42857142857144,509.0,452.2857142857143,369.0,334.42857142857144,454.0,375.14285714285717,68.0,73.42857142857143,378.0,438.0,81.0,94.0,289.0,234.42857142857142,375.0,323.2857142857143,347.0,345.42857142857144,0,12
2020-12-22,502,350,346,400,62,384,104,272,390,426,431.0,474.42857142857144,424.0,436.57142857142856,376.0,341.42857142857144,499.0,388.42857142857144,75.0,73.28571428571429,428.0,427.7142857142857,103.0,93.0,250.0,242.0,321.0,344.2857142857143,328.0,350.14285714285717,1,12
2020-12-23,516,363,363,323,130,505,110,202,310,393,502.0,479.85714285714283,350.0,420.7142857142857,346.0,340.57142857142856,400.0,392.14285714285717,62.0,77.14285714285714,384.0,432.57142857142856,104.0,99.28571428571429,272.0,224.14285714285714,390.0,343.42857142857144,426.0,357.7142857142857,2,12
2020-12-24,529,392,303,343,57,413,139,213,445,314,516.0,484.42857142857144,363.0,401.85714285714283,363.0,339.7142857142857,323.0,391.14285714285717,130.0,76.71428571428571,505.0,431.42857142857144,110.0,104.71428571428571,202.0,233.42857142857142,310.0,362.14285714285717,393.0,352.2857142857143,3,12
2020-12-25,454,303,417,324,74,425,116,246,332,363,529.0,483.42857142857144,392.0,387.0,303.0,351.14285714285717,343.0,387.0,57.0,80.57142857142857,413.0,424.14285714285717,139.0,106.28571428571429,213.0,246.42857142857142,445.0,350.85714285714283,314.0,358.0,4,12
2020-12-26,587,369,364,361,59,401,129,224,312,300,454.0,493.42857142857144,303.0,387.14285714285717,417.0,362.57142857142856,324.0,386.2857142857143,74.0,75.0,425.0,419.14285714285717,116.0,111.71428571428571,246.0,242.28571428571428,332.0,355.0,363.0,353.0,5,12
2020-12-27,432,385,336,249,128,441,116,324,303,274,587.0,493.0,369.0,369.42857142857144,364.0,357.85714285714283,361.0,357.0,59.0,83.57142857142857,401.0,428.14285714285717,129.0,116.71428571428571,224.0,247.28571428571428,312.0,344.7142857142857,300.0,342.57142857142856,6,12
2020-12-28,530,481,286,317,71,492,143,221,387,335,432.0,507.14285714285717,385.0,377.57142857142856,336.0,345.0,249.0,331.0,128.0,83.0,441.0,437.2857142857143,116.0,122.42857142857143,324.0,243.14285714285714,303.0,354.14285714285717,274.0,343.57142857142856,0,12
2020-12-29,431,362,418,363,85,443,164,305,404,315,530.0,497.0,481.0,379.2857142857143,286.0,355.2857142857143,317.0,325.7142857142857,71.0,86.28571428571429,492.0,445.7142857142857,143.0,131.0,221.0,247.85714285714286,387.0,356.14285714285717,335.0,327.7142857142857,1,12
2020-12-30,428,406,295,429,82,540,159,238,299,351,431.0,484.42857142857144,362.0,385.42857142857144,418.0,345.57142857142856,363.0,340.85714285714283,85.0,79.42857142857143,443.0,450.7142857142857,164.0,138.0,305.0,253.0,404.0,354.57142857142856,315.0,321.7142857142857,2,12
2020-12-31,575,424,359,348,132,518,67,337,402,286,428.0,491.0,406.0,390.0,295.0,353.57142857142856,429.0,341.57142857142856,82.0,90.14285714285714,540.0,465.7142857142857,159.0,127.71428571428571,238.0,270.7142857142857,299.0,348.42857142857144,351.0,317.7142857142857,3,12
2021-01-01,571,345,423,330,68,453,106,146,422,318,575.0,507.7142857142857,424.0,396.0,359.0,354.42857142857144,348.0,342.42857142857144,132.0,89.28571428571429,518.0,469.7142857142857,67.0,126.28571428571429,337.0,256.42857142857144,402.0,361.2857142857143,286.0,311.2857142857143,4,1
2021-01-02,501,357,468,424,78,411,116,323,397,226,571.0,495.42857142857144,345.0,394.2857142857143,423.0,369.2857142857143,330.0,351.42857142857144,68.0,92.0,453.0,471.14285714285717,106.0,124.42857142857143,146.0,270.57142857142856,422.0,373.42857142857144,318.0,300.7142857142857,5,1
2021-01-03,455,485,392,364,66,504,84,288,378,402,501.0,498.7142857142857,357.0,408.57142857142856,468.0,377.2857142857143,424.0,367.85714285714283,78.0,83.14285714285714,411.0,480.14285714285717,116.0,119.85714285714286,323.0,265.42857142857144,397.0,384.14285714285717,226.0,319.0,6,1
2021-01-04,472,345,325,352,55,539,70,233,348,286,455.0,490.42857142857144,485.0,389.14285714285717,392.0,382.85714285714283,364.0,372.85714285714283,66.0,80.85714285714286,504.0,486.85714285714283,84.0,109.42857142857143,288.0,267.14285714285717,378.0,378.57142857142856,402.0,312.0,0,1
2021-01-05,475,454,332,444,87,579,105,250,431,420,472.0,496.7142857142857,345.0,402.2857142857143,325.0,370.57142857142856,352.0,384.42857142857144,55.0,81.14285714285714,539.0,506.2857142857143,70.0,101.0,233.0,259.2857142857143,348.0,382.42857142857144,286.0,327.0,1,1
2021-01-06,441,356,365,317,51,517,87,297,370,309,475.0,498.57142857142856,454.0,395.14285714285717,332.0,380.57142857142856,444.0,368.42857142857144,87.0,76.71428571428571,579.0,503.0,105.0,90.71428571428571,250.0,267.7142857142857,431.0,392.57142857142856,420.0,321.0,2,1
2021-01-07,435,416,333,336,43,493,110,223,410,346,441.0,478.57142857142856,356.0,394.0,365.0,376.85714285714283,317.0,366.7142857142857,51.0,64.0,517.0,499.42857142857144,87.0,96.85714285714286,297.0,251.42857142857142,370.0,393.7142857142857,309.0,329.57142857142856,3,1
2021-01-08,541,422,267,341,102,447,108,300,382,302,435.0,474.2857142857143,416.0,405.0,333.0,354.57142857142856,336.0,368.2857142857143,43.0,68.85714285714286,493.0,498.57142857142856,110.0,97.14285714285714,223.0,273.42857142857144,410.0,388.0,346.0,327.2857142857143,4,1
2021-01-09,461,325,294,447,41,487,143,268,361,317,541.0,468.57142857142856,422.0,400.42857142857144,267.0,329.7142857142857,341.0,371.57142857142856,102.0,63.57142857142857,447.0,509.42857142857144,108.0,101.0,300.0,265.57142857142856,382.0,382.85714285714283,302.0,340.2857142857143,5,1
2021-01-10,425,428,331,365,46,486,192,274,321,280,461.0,464.2857142857143,325.0,392.2857142857143,294.0,321.0,447.0,371.7142857142857,41.0,60.714285714285715,487.0,506.85714285714283,143.0,116.42857142857143,268.0,263.57142857142856,361.0,374.7142857142857,317.0,322.85714285714283,6,1
2021-01-11,518,469,439,424,134,404,128,264,408,313,425.0,470.85714285714283,428.0,410.0,331.0,337.2857142857143,365.0,382.0,46.0,72.0,486.0,487.57142857142856,192.0,124.71428571428571,274.0,268.0,321.0,383.2857142857143,280.0,326.7142857142857,0,1
2021-01-12,655,289,382,327,74,457,122,231,315,370,518.0,496.57142857142856,469.0,386.42857142857144,439.0,344.42857142857144,424.0,365.2857142857143,134.0,70.14285714285714,404.0,470.14285714285717,128.0,127.14285714285714,264.0,265.2857142857143,408.0,366.7142857142857,313.0,319.57142857142856,1,1
2021-01-13,602,377,375,393,61,494,87,225,397,367,655.0,519.5714285714286,289.0,389.42857142857144,382.0,345.85714285714283,327.0,376.14285714285717,74.0,71.57142857142857,457.0,466.85714285714283,122.0,127.14285714285714,231.0,255.0,315.0,370.57142857142856,370.0,327.85714285714283,2,1
2021-01-14,465,360,294,415,75,427,92,252,299,321,602.0,523.8571428571429,377.0,381.42857142857144,375.0,340.2857142857143,393.0,387.42857142857144,61.0,76.14285714285714,494.0,457.42857142857144,87.0,124.57142857142857,225.0,259.14285714285717,397.0,354.7142857142857,367.0,324.2857142857143,3,1
2021-01-15,601,392,387,324,24,595,74,258,380,349,465.0,532.4285714285714,360.0,377.14285714285717,294.0,357.42857142857144,415.0,385.0,75.0,65.0,427.0,478.57142857142856,92.0,119.71428571428571,252.0,253.14285714285714,299.0,354.42857142857144,321.0,331.0,4,1
2021-01-16,530,420,368,344,90,439,91,269,483,273,601.0,542.2857142857143,392.0,390.7142857142857,387.0,368.0,324.0,370.2857142857143,24.0,72.0,595.0,471.7142857142857,74.0,112.28571428571429,258.0,253.28571428571428,380.0,371.85714285714283,349.0,324.7142857142857,5,1
2021-01-17,560,361,408,400,60,503,121,252,399,351,530.0,561.5714285714286,420.0,381.14285714285717,368.0,379.0,344.0,375.2857142857143,90.0,74.0,439.0,474.14285714285717,91.0,102.14285714285714,269.0,250.14285714285714,483.0,383.0,273.0,334.85714285714283,6,1
2021-01-18,516,350,374,304,46,530,141,279,419,304,560.0,561.2857142857143,361.0,364.14285714285717,408.0,369.7142857142857,400.0,358.14285714285717,60.0,61.42857142857143,503.0,492.14285714285717,121.0,104.0,252.0,252.28571428571428,399.0,384.57142857142856,351.0,333.57142857142856,0,1
2021-01-19,540,393,273,389,72,502,81,235,306,414,516.0,544.8571428571429,350.0,379.0,374.0,354.14285714285717,304.0,367.0,46.0,61.142857142857146,530.0,498.57142857142856,141.0,98.14285714285714,279.0,252.85714285714286,419.0,383.2857142857143,304.0,339.85714285714283,1,1
2021-01-20,455,405,488,262,81,477,101,202,397,342,540.0,523.8571428571429,393.0,383.0,273.0,370.2857142857143,389.0,348.2857142857143,72.0,64.0,502.0,496.14285714285717,81.0,100.14285714285714,235.0,249.57142857142858,306.0,383.2857142857143,414.0,336.2857142857143,2,1
2021-01-21,547,347,373,333,81,532,84,312,389,327,455.0,535.5714285714286,405.0,381.14285714285717,488.0,381.57142857142856,262.0,336.57142857142856,81.0,64.85714285714286,477.0,511.14285714285717,101.0,99.0,202.0,258.14285714285717,397.0,396.14285714285717,342.0,337.14285714285717,3,1
2021-01-22,383,295,344,311,74,428,130,254,339,348,547.0,504.42857142857144,347.0,367.2857142857143,373.0,375.42857142857144,333.0,334.7142857142857,81.0,72.0,532.0,487.2857142857143,84.0,107.0,312.0,257.57142857142856,389.0,390.2857142857143,327.0,337.0,4,1
2021-01-23,490,517,262,444,48,441,91,243,314,262,383.0,498.7142857142857,295.0,381.14285714285717,344.0,360.2857142857143,311.0,349.0,74.0,66.0,428.0,487.57142857142856,130.0,107.0,254.0,253.85714285714286,339.0,366.14285714285717,348.0,335.42857142857144,5,1
2021-01-24,538,432,348,323,73,500,122,239,381,324,490.0,495.57142857142856,517.0,391.2857142857143,262.0,351.7142857142857,444.0,338.0,48.0,67.85714285714286,441.0,487.14285714285717,91.0,107.14285714285714,243.0,252.0,314.0,363.57142857142856,262.0,331.57142857142856,6,1
2021-01-25,523,373,326,342,135,377,89,218,365,250,538.0,496.57142857142856,432.0,394.57142857142856,348.0,344.85714285714283,323.0,343.42857142857144,73.0,80.57142857142857,500.0,465.2857142857143,122.0,99.71428571428571,239.0,243.28571428571428,381.0,355.85714285714283,324.0,323.85714285714283,0,1
2021-01-26,576,315,431,324,97,577,155,198,404,375,523.0,501.7142857142857,373.0,383.42857142857144,326.0,367.42857142857144,342.0,334.14285714285717,135.0,84.14285714285714,377.0,476.0,89.0,110.28571428571429,218.0,238.0,365.0,369.85714285714283,250.0,318.2857142857143,1,1
2021-01-27,456,288,307,340,79,526,110,221,368,366,576.0,501.85714285714283,315.0,366.7142857142857,431.0,341.57142857142856,324.0,345.2857142857143,97.0,83.85714285714286,577.0,483.0,155.0,111.57142857142857,198.0,240.71428571428572,404.0,365.7142857142857,375.0,321.7142857142857,2,1
2021-01-28,557,377,350,438,68,465,80,193,273,346,456.0,503.2857142857143,288.0,371.0,307.0,338.2857142857143,340.0,360.2857142857143,79.0,82.0,526.0,473.42857142857144,110.0,111.0,221.0,223.71428571428572,368.0,349.14285714285717,366.0,324.42857142857144,3,1
2021-01-29,536,325,419,299,81,470,123,222,413,338,557.0,525.1428571428571,377.0,375.2857142857143,350.0,349.0,438.0,358.57142857142856,68.0,83.0,465.0,479.42857142857144,80.0,110.0,193.0,219.14285714285714,273.0,359.7142857142857,346.0,323.0,4,1
2021-01-30,470,376,258,329,67,485,65,262,386,294,536.0,522.2857142857143,325.0,355.14285714285717,419.0,348.42857142857144,299.0,342.14285714285717,81.0,85.71428571428571,470.0,485.7142857142857,123.0,106.28571428571429,222.0,221.85714285714286,413.0,370.0,338.0,327.57142857142856,5,1
2021-01-31,448,418,347,376,70,496,111,274,396,375,470.0,509.42857142857144,376.0,353.14285714285717,258.0,348.2857142857143,329.0,349.7142857142857,67.0,85.28571428571429,485.0,485.14285714285717,65.0,104.71428571428571,262.0,226.85714285714286,386.0,372.14285714285717,294.0,334.85714285714283,6,1
2021-02-01,500,393,430,343,80,474,87,243,296,406,448.0,506.14285714285717,418.0,356.0,347.0,363.14285714285717,376.0,349.85714285714283,70.0,77.42857142857143,496.0,499.0,111.0,104.42857142857143,274.0,230.42857142857142,396.0,362.2857142857143,375.0,357.14285714285717,0,2
2021-02-02,425,451,396,331,55,530,123,296,319,327,500.0,484.57142857142856,393.0,375.42857142857144,430.0,358.14285714285717,343.0,350.85714285714283,80.0,71.42857142857143,474.0,492.2857142857143,87.0,99.85714285714286,243.0,244.42857142857142,296.0,350.14285714285717,406.0,350.2857142857143,1,2
2021-02-03,452,357,307,329,86,305,113,293,393,302,425.0,484.0,451.0,385.2857142857143,396.0,358.14285714285717,331.0,349.2857142857143,55.0,72.42857142857143,530.0,460.7142857142857,123.0,100.28571428571429,296.0,254.71428571428572,319.0,353.7142857142857,327.0,341.14285714285717,2,2
2021-02-04,616,416,384,450,66,570,48,275,292,326,452.0,492.42857142857144,357.0,390.85714285714283,307.0,363.0,329.0,351.0,86.0,72.14285714285714,305.0,475.7142857142857,113.0,95.71428571428571,293.0,266.42857142857144,393.0,356.42857142857144,302.0,338.2857142857143,3,2
2021-02-05,535,506,351,349,85,460,130,311,361,296,616.0,492.2857142857143,416.0,416.7142857142857,384.0,353.2857142857143,450.0,358.14285714285717,66.0,72.71428571428571,570.0,474.2857142857143,48.0,96.71428571428571,275.0,279.14285714285717,292.0,349.0,326.0,332.2857142857143,4,2
2021-02-06,628,438,368,331,59,456,109,307,366,302,535.0,514.8571428571429,506.0,425.57142857142856,351.0,369.0,349.0,358.42857142857144,85.0,71.57142857142857,460.0,470.14285714285717,130.0,103.0,311.0,285.57142857142856,361.0,346.14285714285717,296.0,333.42857142857144,5,2
2021-02-07,502,370,360,299,88,612,101,280,313,318,628.0,522.5714285714286,438.0,418.7142857142857,368.0,370.85714285714283,331.0,347.42857142857144,59.0,74.14285714285714,456.0,486.7142857142857,109.0,101.57142857142857,307.0,286.42857142857144,366.0,334.2857142857143,302.0,325.2857142857143,6,2
2021-02-08,449,331,471,423,71,329,74,413,313,304,502.0,515.2857142857143,370.0,409.85714285714283,360.0,376.7142857142857,299.0,358.85714285714283,88.0,72.85714285714286,612.0,466.0,101.0,99.71428571428571,280.0,310.7142857142857,313.0,336.7142857142857,318.0,310.7142857142857,0,2
2021-02-09,574,437,394,279,56,437,118,304,349,412,449.0,536.5714285714286,331.0,407.85714285714283,471.0,376.42857142857144,423.0,351.42857142857144,71.0,73.0,329.0,452.7142857142857,74.0,99.0,413.0,311.85714285714283,313.0,341.0,304.0,322.85714285714283,1,2
2021-02-10,492,345,409,362,77,531,63,219,327,415,574.0,542.2857142857143,437.0,406.14285714285717,394.0,391.0,279.0,356.14285714285717,56.0,71.71428571428571,437.0,485.0,118.0,91.85714285714286,304.0,301.2857142857143,349.0,331.57142857142856,412.0,339.0,2,2
2021-02-11,534,414,325,302,102,409,98,201,414,258,492.0,530.5714285714286,345.0,405.85714285714283,409.0,382.57142857142856,362.0,335.0,77.0,76.85714285714286,531.0,462.0,63.0,99.0,219.0,290.7142857142857,327.0,349.0,415.0,329.2857142857143,3,2
2021-02-12,509,368,342,274,49,499,87,240,314,266,534.0,526.8571428571429,414.0,386.14285714285717,325.0,381.2857142857143,302.0,324.2857142857143,102.0,71.71428571428571,409.0,467.57142857142856,98.0,92.85714285714286,201.0,280.57142857142856,414.0,342.2857142857143,258.0,325.0,4,2
2021-02-13,529,428,510,308,41,405,117,332,341,371,509.0,512.7142857142857,368.0,384.7142857142857,342.0,401.57142857142856,274.0,321.0,49.0,69.14285714285714,499.0,460.2857142857143,87.0,94.0,240.0,284.14285714285717,314.0,338.7142857142857,266.0,334.85714285714283,5,2
2021-02-14,494,342,312,298,48,513,165,240,380,279,529.0,511.57142857142856,428.0,380.7142857142857,510.0,394.7142857142857,308.0,320.85714285714283,41.0,63.42857142857143,405.0,446.14285714285717,117.0,103.14285714285714,332.0,278.42857142857144,341.0,348.2857142857143,371.0,329.2857142857143,6,2
2021-02-15,584,358,399,348,84,544,100,314,388,350,494.0,530.8571428571429,342.0,384.57142857142856,312.0,384.42857142857144,298.0,310.14285714285717,48.0,65.28571428571429,513.0,476.85714285714283,165.0,106.85714285714286,240.0,264.2857142857143,380.0,359.0,279.0,335.85714285714283,0,2
2021-02-16,483,416,269,384,56,587,77,292,318,409,584.0,517.8571428571429,358.0,381.57142857142856,399.0,366.57142857142856,348.0,325.14285714285717,84.0,65.28571428571429,544.0,498.2857142857143,100.0,101.0,314.0,262.57142857142856,388.0,354.57142857142856,350.0,335.42857142857144,1,2
2021-02-17,524,395,389,341,48,457,97,319,359,378,483.0,522.4285714285714,416.0,388.7142857142857,269.0,363.7142857142857,384.0,322.14285714285717,56.0,61.142857142857146,587.0,487.7142857142857,77.0,105.85714285714286,292.0,276.85714285714283,318.0,359.14285714285717,409.0,330.14285714285717,2,2
2021-02-18,468,397,377,407,76,392,86,339,471,261,524.0,513.0,395.0,386.2857142857143,389.0,371.14285714285717,341.0,337.14285714285717,48.0,57.42857142857143,457.0,485.2857142857143,97.0,104.14285714285714,319.0,296.57142857142856,359.0,367.2857142857143,378.0,330.57142857142856,3,2
2021-02-19,461,366,330,346,94,332,107,221,352,279,468.0,506.14285714285717,397.0,386.0,377.0,369.42857142857144,407.0,347.42857142857144,76.0,63.857142857142854,392.0,461.42857142857144,86.0,107.0,339.0,293.85714285714283,471.0,372.7142857142857,261.0,332.42857142857144,4,2
2021-02-20,451,357,373,327,74,347,97,128,384,245,461.0,495.0,366.0,375.85714285714283,330.0,349.85714285714283,346.0,350.14285714285717,94.0,68.57142857142857,332.0,453.14285714285717,107.0,104.14285714285714,221.0,264.7142857142857,352.0,378.85714285714283,279.0,314.42857142857144,5,2
2021-02-21,469,402,430,344,41,576,118,217,386,364,451.0,491.42857142857144,357.0,384.42857142857144,373.0,366.7142857142857,327.0,356.7142857142857,74.0,67.57142857142857,347.0,462.14285714285717,97.0,97.42857142857143,128.0,261.42857142857144,384.0,379.7142857142857,245.0,326.57142857142856,6,2
2021-02-22,492,417,336,412,41,507,47,193,351,342,469.0,478.2857142857143,402.0,392.85714285714283,430.0,357.7142857142857,344.0,365.85714285714283,41.0,61.42857142857143,576.0,456.85714285714283,118.0,89.85714285714286,217.0,244.14285714285714,386.0,374.42857142857144,364.0,325.42857142857144,0,2
2021-02-23,612,348,328,396,81,380,137,275,311,279,492.0,496.7142857142857,417.0,383.14285714285717,336.0,366.14285714285717,412.0,367.57142857142856,41.0,65.0,507.0,427.2857142857143,47.0,98.42857142857143,193.0,241.71428571428572,351.0,373.42857142857144,342.0,306.85714285714283,1,2
2021-02-24,442,398,262,271,80,524,147,248,427,320,612.0,485.0,348.0,383.57142857142856,328.0,348.0,396.0,357.57142857142856,81.0,69.57142857142857,380.0,436.85714285714283,137.0,105.57142857142857,275.0,231.57142857142858,311.0,383.14285714285717,279.0,298.57142857142856,2,2
2021-02-25,630,394,322,352,68,511,83,316,337,325,442.0,508.14285714285717,398.0,383.14285714285717,262.0,340.14285714285717,271.0,349.7142857142857,80.0,68.42857142857143,524.0,453.85714285714283,147.0,105.14285714285714,248.0,228.28571428571428,427.0,364.0,320.0,307.7142857142857,3,2
2021-02-26,607,438,288,393,93,359,141,286,479,319,630.0,529.0,394.0,393.42857142857144,322.0,334.14285714285717,352.0,356.42857142857144,68.0,68.28571428571429,511.0,457.7142857142857,83.0,110.0,316.0,237.57142857142858,337.0,382.14285714285717,325.0,313.42857142857144,4,2
2021-02-27,449,404,456,412,48,464,120,182,314,316,607.0,528.7142857142857,438.0,400.14285714285717,288.0,346.0,393.0,368.57142857142856,93.0,64.57142857142857,359.0,474.42857142857144,141.0,113.28571428571429,286.0,245.28571428571428,479.0,372.14285714285717,319.0,323.57142857142856,5,2
2021-02-28,473,360,402,333,40,475,87,155,292,342,449.0,529.2857142857143,404.0,394.14285714285717,456.0,342.0,412.0,367.0,48.0,64.42857142857143,464.0,460.0,120.0,108.85714285714286,182.0,236.42857142857142,314.0,358.7142857142857,316.0,320.42857142857144,6,2
2021-03-01,486,393,397,360,75,493,107,253,362,340,473.0,528.4285714285714,360.0,390.7142857142857,402.0,350.7142857142857,333.0,359.57142857142856,40.0,69.28571428571429,475.0,458.0,87.0,117.42857142857143,155.0,245.0,292.0,360.2857142857143,342.0,320.14285714285717,0,3
2021-03-02,515,391,355,387,71,437,72,281,422,411,486.0,514.5714285714286,393.0,396.85714285714283,397.0,354.57142857142856,360.0,358.2857142857143,75.0,67.85714285714286,493.0,466.14285714285717,107.0,108.14285714285714,253.0,245.85714285714286,362.0,376.14285714285717,340.0,339.0,1,3
2021-03-03,489,382,400,351,54,531,119,284,392,401,515.0,521.2857142857143,391.0,394.57142857142856,355.0,374.2857142857143,387.0,369.7142857142857,71.0,64.14285714285714,437.0,467.14285714285717,72.0,104.14285714285714,281.0,251.0,422.0,371.14285714285717,411.0,350.57142857142856,2,3
2021-03-04,582,500,359,374,90,355,125,318,309,375,489.0,514.4285714285714,382.0,409.7142857142857,400.0,379.57142857142856,351.0,372.85714285714283,54.0,67.28571428571429,531.0,444.85714285714283,119.0,110.14285714285714,284.0,251.28571428571428,392.0,367.14285714285717,401.0,357.7142857142857,3,3
2021-03-05,532,338,507,389,107,531,142,218,362,314,582.0,503.7142857142857,500.0,395.42857142857144,359.0,410.85714285714283,374.0,372.2857142857143,90.0,69.28571428571429,355.0,469.42857142857144,125.0,110.28571428571429,318.0,241.57142857142858,309.0,350.42857142857144,375.0,357.0,4,3
2021-03-06,565,499,418,368,118,488,92,282,309,307,532.0,520.2857142857143,338.0,409.0,507.0,405.42857142857144,389.0,366.0,107.0,79.28571428571429,531.0,472.85714285714283,142.0,106.28571428571429,218.0,255.85714285714286,362.0,349.7142857142857,314.0,355.7142857142857,5,3
2021-03-07,491,414,332,440,49,503,146,233,516,286,565.0,522.8571428571429,499.0,416.7142857142857,418.0,395.42857142857144,368.0,381.2857142857143,118.0,80.57142857142857,488.0,476.85714285714283,92.0,114.71428571428571,282.0,267.0,309.0,381.7142857142857,307.0,347.7142857142857,6,3
2021-03-08,510,435,463,317,38,470,80,298,364,321,491.0,526.2857142857143,414.0,422.7142857142857,332.0,404.85714285714283,440.0,375.14285714285717,49.0,75.28571428571429,503.0,473.57142857142856,146.0,110.85714285714286,233.0,273.42857142857144,516.0,382.0,286.0,345.0,0,3
2021-03-09,582,497,412,333,17,547,107,247,438,339,510.0,535.8571428571429,435.0,437.85714285714283,463.0,413.0,317.0,367.42857142857144,38.0,67.57142857142857,470.0,489.2857142857143,80.0,115.85714285714286,298.0,268.57142857142856,364.0,384.2857142857143,321.0,334.7142857142857,1,3
2021-03-10,394,258,376,382,52,444,123,185,450,416,582.0,522.2857142857143,497.0,420.14285714285717,412.0,409.57142857142856,333.0,371.85714285714283,17.0,67.28571428571429,547.0,476.85714285714283,107.0,116.42857142857143,247.0,254.42857142857142,438.0,392.57142857142856,339.0,336.85714285714283,2,3
2021-03-11,481,386,378,336,84,549,159,285,457,380,394.0,507.85714285714283,258.0,403.85714285714283,376.0,412.2857142857143,382.0,366.42857142857144,52.0,66.42857142857143,444.0,504.57142857142856,123.0,121.28571428571429,185.0,249.71428571428572,450.0,413.7142857142857,416.0,337.57142857142856,3,3
2021-03-12,545,335,325,338,83,406,80,208,366,329,481.0,509.7142857142857,386.0,403.42857142857144,378.0,386.2857142857143,336.0,359.14285714285717,84.0,63.0,549.0,486.7142857142857,159.0,112.42857142857143,285.0,248.28571428571428,457.0,414.2857142857143,380.0,339.7142857142857,4,3
2021-03-13,535,309,509,387,75,360,115,200,493,340,545.0,505.42857142857144,335.0,376.2857142857143,325.0,399.2857142857143,338.0,361.85714285714283,83.0,56.857142857142854,406.0,468.42857142857144,80.0,115.71428571428571,208.0,236.57142857142858,366.0,440.57142857142856,329.0,344.42857142857144,5,3
2021-03-14,529,402,384,263,75,501,80,223,410,327,535.0,510.85714285714283,309.0,374.57142857142856,509.0,406.7142857142857,387.0,336.57142857142856,75.0,60.57142857142857,360.0,468.14285714285717,115.0,106.28571428571429,200.0,235.14285714285714,493.0,425.42857142857144,340.0,350.2857142857143,6,3
2021-03-15,483,427,365,358,69,462,84,247,367,199,529.0,507.0,402.0,373.42857142857144,384.0,392.7142857142857,263.0,342.42857142857144,75.0,65.0,501.0,467.0,80.0,106.85714285714286,223.0,227.85714285714286,410.0,425.85714285714283,327.0,332.85714285714283,0,3
2021-03-16,557,382,417,371,47,380,105,186,318,381,483.0,503.42857142857144,427.0,357.0,365.0,393.42857142857144,358.0,347.85714285714283,69.0,69.28571428571429,462.0,443.14285714285717,84.0,106.57142857142857,247.0,219.14285714285714,367.0,408.7142857142857,199.0,338.85714285714283,1,3
2021-03-17,552,329,329,299,58,458,54,301,348,376,557.0,526.0,382.0,367.14285714285717,417.0,386.7142857142857,371.0,336.0,47.0,70.14285714285714,380.0,445.14285714285717,105.0,96.71428571428571,186.0,235.71428571428572,318.0,394.14285714285717,381.0,333.14285714285717,2,3
2021-03-18,572,451,306,357,59,479,68,262,327,379,552.0,539.0,329.0,376.42857142857144,329.0,376.42857142857144,299.0,339.0,58.0,66.57142857142857,458.0,435.14285714285717,54.0,83.71428571428571,301.0,232.42857142857142,348.0,375.57142857142856,376.0,333.0,3,3
2021-03-19,487,391,356,279,53,517,143,256,358,346,572.0,530.7142857142857,451.0,384.42857142857144,306.0,380.85714285714283,357.0,330.57142857142856,59.0,62.285714285714285,479.0,451.0,68.0,92.71428571428571,262.0,239.28571428571428,327.0,374.42857142857144,379.0,335.42857142857144,4,3
2021-03-20,573,460,394,305,77,479,121,237,323,284,487.0,536.1428571428571,391.0,406.0,356.0,364.42857142857144,279.0,318.85714285714283,53.0,62.57142857142857,517.0,468.0,143.0,93.57142857142857,256.0,244.57142857142858,358.0,350.14285714285717,346.0,327.42857142857144,5,3
2021-03-21,617,443,356,353,49,454,92,301,295,347,573.0,548.7142857142857,460.0,411.85714285714283,394.0,360.42857142857144,305.0,331.7142857142857,77.0,58.857142857142854,479.0,461.2857142857143,121.0,95.28571428571429,237.0,255.71428571428572,323.0,333.7142857142857,284.0,330.2857142857143,6,3
2021-03-22,424,315,461,310,89,442,128,228,325,323,617.0,540.2857142857143,443.0,395.85714285714283,356.0,374.14285714285717,353.0,324.85714285714283,49.0,61.714285714285715,454.0,458.42857142857144,92.0,101.57142857142857,301.0,253.0,295.0,327.7142857142857,347.0,348.0,0,3
2021-03-23,458,352,343,396,73,405,138,251,417,327,424.0,526.1428571428571,315.0,391.57142857142856,461.0,363.57142857142856,310.0,328.42857142857144,89.0,65.42857142857143,442.0,462.0,128.0,106.28571428571429,228.0,262.2857142857143,325.0,341.85714285714283,323.0,340.2857142857143,1,3
2021-03-24,476,405,345,396,79,490,80,236,411,294,458.0,515.2857142857143,352.0,402.42857142857144,343.0,365.85714285714283,396.0,342.2857142857143,73.0,68.42857142857143,405.0,466.57142857142856,138.0,110.0,251.0,253.0,417.0,350.85714285714283,327.0,328.57142857142856,2,3
2021-03-25,525,372,295,350,95,376,117,317,372,265,476.0,508.57142857142856,405.0,391.14285714285717,345.0,364.2857142857143,396.0,341.2857142857143,79.0,73.57142857142857,490.0,451.85714285714283,80.0,117.0,236.0,260.85714285714283,411.0,357.2857142857143,294.0,312.2857142857143,3,3
2021-03-26,492,374,319,399,97,438,75,298,367,371,525.0,509.2857142857143,372.0,388.7142857142857,295.0,359.0,350.0,358.42857142857144,95.0,79.85714285714286,376.0,440.57142857142856,117.0,107.28571428571429,317.0,266.85714285714283,372.0,358.57142857142856,265.0,315.85714285714283,4,3
2021-03-27,535,427,455,283,58,448,72,173,311,335,492.0,503.85714285714283,374.0,384.0,319.0,367.7142857142857,399.0,355.2857142857143,97.0,77.14285714285714,438.0,436.14285714285717,75.0,100.28571428571429,298.0,257.7142857142857,367.0,356.85714285714283,371.0,323.14285714285717,5,3
2021-03-28,483,436,420,379,28,525,90,252,406,387,535.0,484.7142857142857,427.0,383.0,455.0,376.85714285714283,283.0,359.0,58.0,74.14285714285714,448.0,446.2857142857143,72.0,100.0,173.0,250.71428571428572,311.0,372.7142857142857,335.0,328.85714285714283,6,3
2021-03-29,544,393,333,414,70,457,90,207,345,410,483.0,501.85714285714283,436.0,394.14285714285717,420.0,358.57142857142856,379.0,373.85714285714283,28.0,71.42857142857143,525.0,448.42857142857144,90.0,94.57142857142857,252.0,247.71428571428572,406.0,375.57142857142856,387.0,341.2857142857143,0,3
2021-03-30,476,320,350,421,75,464,121,250,368,417,544.0,504.42857142857144,393.0,389.57142857142856,333.0,359.57142857142856,414.0,377.42857142857144,70.0,71.71428571428571,457.0,456.85714285714283,90.0,92.14285714285714,207.0,247.57142857142858,345.0,368.57142857142856,410.0,354.14285714285717,1,3
2021-03-31,467,443,341,398,121,524,100,228,357,236,476.0,503.14285714285717,320.0,395.0,350.0,359.0,421.0,377.7142857142857,75.0,77.71428571428571,464.0,461.7142857142857,121.0,95.0,250.0,246.42857142857142,368.0,360.85714285714283,417.0,345.85714285714283,2,3
2021-04-01,526,436,317,383,75,423,92,297,365,343,467.0,503.2857142857143,443.0,404.14285714285717,341.0,362.14285714285717,398.0,382.42857142857144,121.0,74.85714285714286,524.0,468.42857142857144,100.0,91.42857142857143,228.0,243.57142857142858,357.0,359.85714285714283,236.0,357.0,3,4
2021-04-02,504,352,426,384,40,375,99,253,433,337,526.0,505.0,436.0,401.0,317.0,377.42857142857144,383.0,380.2857142857143,75.0,66.71428571428571,423.0,459.42857142857144,92.0,94.85714285714286,297.0,237.14285714285714,365.0,369.2857142857143,343.0,352.14285714285717,4,4
2021-04-03,456,384,369,371,91,499,99,172,311,310,504.0,493.7142857142857,352.0,394.85714285714283,426.0,365.14285714285717,384.0,392.85714285714283,40.0,71.42857142857143,375.0,466.7142857142857,99.0,98.71428571428571,253.0,237.0,433.0,369.2857142857143,337.0,348.57142857142856,5,4
2021-04-04,536,380,316,379,63,470,130,227,310,316,456.0,501.2857142857143,384.0,386.85714285714283,369.0,350.2857142857143,371.0,392.85714285714283,91.0,76.42857142857143,499.0,458.85714285714283,99.0,104.42857142857143,172.0,233.42857142857142,311.0,355.57142857142856,310.0,338.42857142857144,6,4
2021-04-05,539,383,329,409,56,365,100,260,396,330,536.0,500.57142857142856,380.0,385.42857142857144,316.0,349.7142857142857,379.0,392.14285714285717,63.0,74.42857142857143,470.0,445.7142857142857,130.0,105.85714285714286,227.0,241.0,310.0,362.85714285714283,316.0,327.0,0,4
2021-04-06,553,374,394,377,95,438,81,152,417,304,539.0,511.57142857142856,383.0,393.14285714285717,329.0,356.0,409.0,385.85714285714283,56.0,77.28571428571429,365.0,442.0,100.0,100.14285714285714,260.0,227.0,396.0,369.85714285714283,330.0,310.85714285714283,1,4
2021-04-07,657,340,407,388,76,435,71,222,288,380,553.0,538.7142857142857,374.0,378.42857142857144,394.0,365.42857142857144,377.0,384.42857142857144,95.0,70.85714285714286,438.0,429.2857142857143,81.0,96.0,152.0,226.14285714285714,417.0,360.0,304.0,331.42857142857144,2,4
2021-04-08,497,422,472,404,65,486,121,244,383,390,657.0,534.5714285714286,340.0,376.42857142857144,407.0,387.57142857142856,388.0,387.42857142857144,76.0,69.42857142857143,435.0,438.2857142857143,71.0,100.14285714285714,222.0,218.57142857142858,288.0,362.57142857142856,380.0,338.14285714285717,3,4
2021-04-09,460,277,298,306,114,576,104,291,408,340,497.0,528.2857142857143,422.0,365.7142857142857,472.0,369.2857142857143,404.0,376.2857142857143,65.0,80.0,486.0,467.0,121.0,100.85714285714286,244.0,224.0,383.0,359.0,390.0,338.57142857142856,4,4
2021-04-10,492,401,369,413,73,443,89,276,371,404,460.0,533.4285714285714,277.0,368.14285714285717,298.0,369.2857142857143,306.0,382.2857142857143,114.0,77.42857142857143,576.0,459.0,104.0,99.42857142857143,291.0,238.85714285714286,408.0,367.57142857142856,340.0,352.0,5,4
2021-04-11,565,319,418,322,67,440,95,228,361,198,492.0,537.5714285714286,401.0,359.42857142857144,369.0,383.85714285714283,413.0,374.14285714285717,73.0,78.0,443.0,454.7142857142857,89.0,94.42857142857143,276.0,239.0,371.0,374.85714285714283,404.0,335.14285714285717,6,4
2021-04-12,536,435,392,384,105,415,93,320,394,285,565.0,537.1428571428571,319.0,366.85714285714283,418.0,392.85714285714283,322.0,370.57142857142856,67.0,85.0,440.0,461.85714285714283,95.0,93.42857142857143,228.0,247.57142857142858,361.0,374.57142857142856,198.0,328.7142857142857,0,4
2021-04-13,535,419,327,397,107,570,121,226,370,289,536.0,534.5714285714286,435.0,373.2857142857143,392.0,383.2857142857143,384.0,373.42857142857144,105.0,86.71428571428571,415.0,480.7142857142857,93.0,99.14285714285714,320.0,258.14285714285717,394.0,367.85714285714283,285.0,326.57142857142856,1,4
2021-04-14,541,408,352,349,69,484,159,200,403,381,535.0,518.0,419.0,383.0,327.0,375.42857142857144,397.0,367.85714285714283,107.0,85.71428571428571,570.0,487.7142857142857,121.0,111.71428571428571,226.0,255.0,370.0,384.2857142857143,289.0,326.7142857142857,2,4
2021-04-15,517,365,331,386,61,440,141,285,449,271,541.0,520.8571428571429,408.0,374.85714285714283,352.0,355.2857142857143,349.0,365.2857142857143,69.0,85.14285714285714,484.0,481.14285714285717,159.0,114.57142857142857,200.0,260.85714285714283,403.0,393.7142857142857,381.0,309.7142857142857,3,4
2021-04-16,522,468,336,306,63,583,161,231,445,318,517.0,529.7142857142857,365.0,402.14285714285717,331.0,360.7142857142857,386.0,365.2857142857143,61.0,77.85714285714286,440.0,482.14285714285717,141.0,122.71428571428571,285.0,252.28571428571428,449.0,399.0,271.0,306.57142857142856,4,4
2021-04-17,532,468,270,374,57,540,121,253,314,319,522.0,535.4285714285714,468.0,411.7142857142857,336.0,346.57142857142856,306.0,359.7142857142857,63.0,75.57142857142857,583.0,496.0,161.0,127.28571428571429,231.0,249.0,445.0,390.85714285714283,318.0,294.42857142857144,5,4
2021-04-18,561,394,394,434,114,443,123,225,420,274,532.0,534.8571428571429,468.0,422.42857142857144,270.0,343.14285714285717,374.0,375.7142857142857,57.0,82.28571428571429,540.0,496.42857142857144,121.0,131.28571428571428,253.0,248.57142857142858,314.0,399.2857142857143,319.0,305.2857142857143,6,4
2021-04-19,475,433,363,428,56,428,116,263,385,343,561.0,526.1428571428571,394.0,422.14285714285717,394.0,339.0,434.0,382.0,114.0,75.28571428571429,443.0,498.2857142857143,123.0,134.57142857142858,225.0,240.42857142857142,420.0,398.0,274.0,313.57142857142856,0,4
2021-04-20,531,366,376,434,82,557,123,228,400,373,475.0,525.5714285714286,433.0,414.57142857142856,363.0,346.0,428.0,387.2857142857143,56.0,71.71428571428571,428.0,496.42857142857144,116.0,134.85714285714286,263.0,240.71428571428572,385.0,402.2857142857143,343.0,325.57142857142856,1,4
2021-04-21,423,373,378,295,59,425,142,230,409,252,531.0,508.7142857142857,366.0,409.57142857142856,376.0,349.7142857142857,434.0,379.57142857142856,82.0,70.28571428571429,557.0,488.0,123.0,132.42857142857142,228.0,245.0,400.0,403.14285714285717,373.0,307.14285714285717,2,4
2021-04-22,537,386,414,387,87,571,72,246,441,358,423.0,511.57142857142856,373.0,412.57142857142856,378.0,361.57142857142856,295.0,379.7142857142857,59.0,74.0,425.0,506.7142857142857,142.0,122.57142857142857,230.0,239.42857142857142,409.0,402.0,252.0,319.57142857142856,3,4
2021-04-23,480,436,316,317,73,466,128,218,352,474,537.0,505.57142857142856,386.0,408.0,414.0,358.7142857142857,387.0,381.2857142857143,87.0,75.42857142857143,571.0,490.0,72.0,117.85714285714286,246.0,237.57142857142858,441.0,388.7142857142857,358.0,341.85714285714283,4,4
2021-04-24,434,501,442,305,58,438,72,246,300,223,480.0,491.57142857142856,436.0,412.7142857142857,316.0,383.2857142857143,317.0,371.42857142857144,73.0,75.57142857142857,466.0,475.42857142857144,128.0,110.85714285714286,218.0,236.57142857142858,352.0,386.7142857142857,474.0,328.14285714285717,5,4
2021-04-25,537,352,311,250,47,474,166,183,448,429,434.0,488.14285714285717,501.0,406.7142857142857,442.0,371.42857142857144,305.0,345.14285714285717,58.0,66.0,438.0,479.85714285714283,72.0,117.0,246.0,230.57142857142858,300.0,390.7142857142857,223.0,350.2857142857143,6,4
2021-04-26,494,394,321,383,83,476,116,214,351,298,537.0,490.85714285714283,352.0,401.14285714285717,311.0,365.42857142857144,250.0,338.7142857142857,47.0,69.85714285714286,474.0,486.7142857142857,166.0,117.0,183.0,223.57142857142858,448.0,385.85714285714283,429.0,343.85714285714283,0,4
2021-04-27,492,320,353,359,57,466,137,160,377,308,494.0,485.2857142857143,394.0,394.57142857142856,321.0,362.14285714285717,383.0,328.0,83.0,66.28571428571429,476.0,473.7142857142857,116.0,119.0,214.0,213.85714285714286,351.0,382.57142857142856,298.0,334.57142857142856,1,4
2021-04-28,576,404,252,420,67,497,85,191,441,313,492.0,507.14285714285717,320.0,399.0,353.0,344.14285714285717,359.0,345.85714285714283,57.0,67.42857142857143,466.0,484.0,137.0,110.85714285714286,160.0,208.28571428571428,377.0,387.14285714285717,308.0,343.2857142857143,2,4
2021-04-29,583,384,345,381,83,409,107,260,461,372,576.0,513.7142857142857,404.0,398.7142857142857,252.0,334.2857142857143,420.0,345.0,67.0,66.85714285714286,497.0,460.85714285714283,85.0,115.85714285714286,191.0,210.28571428571428,441.0,390.0,313.0,345.2857142857143,3,4
2021-04-30,448,476,339,371,54,436,82,262,428,340,583.0,509.14285714285717,384.0,404.42857142857144,345.0,337.57142857142856,381.0,352.7142857142857,83.0,64.14285714285714,409.0,456.57142857142856,107.0,109.28571428571429,260.0,216.57142857142858,461.0,400.85714285714283,372.0,326.14285714285717,4,4
2021-05-01,541,383,305,335,75,427,149,262,298,383,448.0,524.4285714285714,476.0,387.57142857142856,339.0,318.0,371.0,357.0,54.0,66.57142857142857,436.0,455.0,82.0,120.28571428571429,262.0,218.85714285714286,428.0,400.57142857142856,340.0,349.0,5,5
2021-05-02,562,378,391,337,103,508,120,231,413,402,541.0,528.0,383.0,391.2857142857143,305.0,329.42857142857144,335.0,369.42857142857144,75.0,74.57142857142857,427.0,459.85714285714283,149.0,113.71428571428571,262.0,225.71428571428572,298.0,395.57142857142856,383.0,345.14285714285717,6,5
2021-05-03,499,435,335,440,99,443,99,297,339,347,562.0,528.7142857142857,378.0,397.14285714285717,391.0,331.42857142857144,337.0,377.57142857142856,103.0,76.85714285714286,508.0,455.14285714285717,120.0,111.28571428571429,231.0,237.57142857142858,413.0,393.85714285714283,402.0,352.14285714285717,0,5
2021-05-04,566,431,408,360,50,435,72,277,307,292,499.0,539.2857142857143,435.0,413.0,335.0,339.2857142857143,440.0,377.7142857142857,99.0,75.85714285714286,443.0,450.7142857142857,99.0,102.0,297.0,254.28571428571428,339.0,383.85714285714283,347.0,349.85714285714283,1,5
2021-05-05,519,443,361,341,70,424,75,249,354,372,566.0,531.1428571428571,431.0,418.57142857142856,408.0,354.85714285714283,360.0,366.42857142857144,50.0,76.28571428571429,435.0,440.2857142857143,72.0,100.57142857142857,277.0,262.57142857142856,307.0,371.42857142857144,292.0,358.2857142857143,2,5
2021-05-06,466,424,410,357,52,547,144,276,361,337,519.0,514.4285714285714,443.0,424.2857142857143,361.0,364.14285714285717,341.0,363.0,70.0,71.85714285714286,424.0,460.0,75.0,105.85714285714286,249.0,264.85714285714283,354.0,357.14285714285717,372.0,353.2857142857143,3,5
2021-05-07,431,404,353,372,89,522,107,235,335,368,466.0,512.0,424.0,414.0,410.0,366.14285714285717,357.0,363.14285714285717,52.0,76.85714285714286,547.0,472.2857142857143,144.0,109.42857142857143,276.0,261.0,361.0,343.85714285714283,337.0,357.2857142857143,4,5
2021-05-08,560,439,303,324,40,489,94,270,417,367,431.0,514.7142857142857,404.0,422.0,353.0,365.85714285714283,372.0,361.57142857142856,89.0,71.85714285714286,522.0,481.14285714285717,107.0,101.57142857142857,235.0,262.14285714285717,335.0,360.85714285714283,368.0,355.0,5,5
2021-05-09,621,570,335,259,65,533,139,294,323,317,560.0,523.1428571428571,439.0,449.42857142857144,303.0,357.85714285714283,324.0,350.42857142857144,40.0,66.42857142857143,489.0,484.7142857142857,94.0,104.28571428571429,270.0,271.14285714285717,417.0,348.0,367.0,342.85714285714283,6,5
2021-05-10,535,285,469,359,58,383,103,205,397,287,621.0,528.2857142857143,570.0,428.0,335.0,377.0,259.0,338.85714285714283,65.0,60.57142857142857,533.0,476.14285714285717,139.0,104.85714285714286,294.0,258.0,323.0,356.2857142857143,317.0,334.2857142857143,0,5
2021-05-11,566,275,503,388,73,486,87,322,300,276,535.0,528.2857142857143,285.0,405.7142857142857,469.0,390.57142857142856,359.0,342.85714285714283,58.0,63.857142857142854,383.0,483.42857142857144,103.0,107.0,205.0,264.42857142857144,397.0,355.2857142857143,287.0,332.0,1,5
2021-05-12,487,347,366,309,63,489,91,293,486,382,566.0,523.7142857142857,275.0,392.0,503.0,391.2857142857143,388.0,338.2857142857143,73.0,62.857142857142854,486.0,492.7142857142857,87.0,109.28571428571429,322.0,270.7142857142857,300.0,374.14285714285717,276.0,333.42857142857144,2,5
2021-05-13,482,426,344,332,35,435,87,309,382,355,487.0,526.0,347.0,392.2857142857143,366.0,381.85714285714283,309.0,334.7142857142857,63.0,60.42857142857143,489.0,476.7142857142857,91.0,101.14285714285714,293.0,275.42857142857144,486.0,377.14285714285717,382.0,336.0,3,5
2021-05-14,537,370,387,318,79,564,101,262,346,336,482.0,541.1428571428571,426.0,387.42857142857144,344.0,386.7142857142857,332.0,327.0,35.0,59.0,435.0,482.7142857142857,87.0,100.28571428571429,309.0,279.2857142857143,382.0,378.7142857142857,355.0,331.42857142857144,4,5
2021-05-15,524,402,319,396,73,511,170,236,405,366,537.0,536.0,370.0,382.14285714285717,387.0,389.0,318.0,337.2857142857143,79.0,63.714285714285715,564.0,485.85714285714283,101.0,111.14285714285714,262.0,274.42857142857144,346.0,377.0,336.0,331.2857142857143,5,5
2021-05-16,521,423,422,437,60,392,108,272,389,282,524.0,521.7142857142857,402.0,361.14285714285717,319.0,401.42857142857144,396.0,362.7142857142857,73.0,63.0,511.0,465.7142857142857,170.0,106.71428571428571,236.0,271.2857142857143,405.0,386.42857142857144,366.0,326.2857142857143,6,5
2021-05-17,510,498,328,416,114,396,98,265,378,275,521.0,518.1428571428571,423.0,391.57142857142856,422.0,381.2857142857143,437.0,370.85714285714283,60.0,71.0,392.0,467.57142857142856,108.0,106.0,272.0,279.85714285714283,389.0,383.7142857142857,282.0,324.57142857142856,0,5
2021-05-18,574,442,411,393,84,530,99,249,363,370,510.0,519.2857142857143,498.0,415.42857142857144,328.0,368.14285714285717,416.0,371.57142857142856,114.0,72.57142857142857,396.0,473.85714285714283,98.0,107.71428571428571,265.0,269.42857142857144,378.0,392.7142857142857,275.0,338.0,1,5
2021-05-19,488,252,422,327,50,409,106,222,358,268,574.0,519.4285714285714,442.0,401.85714285714283,411.0,376.14285714285717,393.0,374.14285714285717,84.0,70.71428571428571,530.0,462.42857142857144,99.0,109.85714285714286,249.0,259.2857142857143,363.0,374.42857142857144,370.0,321.7142857142857,2,5
2021-05-20,470,393,317,345,81,427,96,254,391,207,488.0,517.7142857142857,252.0,397.14285714285717,422.0,372.2857142857143,327.0,376.0,50.0,77.28571428571429,409.0,461.2857142857143,106.0,111.14285714285714,222.0,251.42857142857142,358.0,375.7142857142857,268.0,300.57142857142856,3,5
2021-05-21,413,395,397,440,62,418,73,293,405,361,470.0,500.0,393.0,400.7142857142857,317.0,373.7142857142857,345.0,393.42857142857144,81.0,74.85714285714286,427.0,440.42857142857144,96.0,107.14285714285714,254.0,255.85714285714286,391.0,384.14285714285717,207.0,304.14285714285717,4,5
2021-05-22,518,427,377,234,76,441,76,268,304,303,413.0,499.14285714285717,395.0,404.2857142857143,397.0,382.0,440.0,370.2857142857143,62.0,75.28571428571429,418.0,430.42857142857144,73.0,93.71428571428571,293.0,260.42857142857144,405.0,369.7142857142857,361.0,295.14285714285717,5,5
2021-05-23,484,418,389,387,58,361,92,262,320,473,518.0,493.85714285714283,427.0,403.57142857142856,377.0,377.2857142857143,234.0,363.14285714285717,76.0,75.0,441.0,426.0,76.0,91.42857142857143,268.0,259.0,304.0,359.85714285714283,303.0,322.42857142857144,6,5
2021-05-24,390,415,305,390,70,403,98,236,362,366,484.0,476.7142857142857,418.0,391.7142857142857,389.0,374.0,387.0,359.42857142857144,58.0,68.71428571428571,361.0,427.0,92.0,91.42857142857143,262.0,254.85714285714286,320.0,357.57142857142856,473.0,335.42857142857144,0,5
2021-05-25,527,381,419,343,75,558,75,313,402,451,390.0,470.0,415.0,383.0,305.0,375.14285714285717,390.0,352.2857142857143,70.0,67.42857142857143,403.0,431.0,98.0,88.0,236.0,264.0,362.0,363.14285714285717,366.0,347.0,1,5
2021-05-26,441,332,288,425,46,465,77,217,319,356,527.0,463.2857142857143,381.0,394.42857142857144,419.0,356.0,343.0,366.2857142857143,75.0,66.85714285714286,558.0,439.0,75.0,83.85714285714286,313.0,263.2857142857143,402.0,357.57142857142856,451.0,359.57142857142856,2,5
2021-05-27,573,476,410,353,102,488,112,308,437,368,441.0,478.0,332.0,406.2857142857143,288.0,369.2857142857143,425.0,367.42857142857144,46.0,69.85714285714286,465.0,447.7142857142857,77.0,86.14285714285714,217.0,271.0,319.0,364.14285714285717,356.0,382.57142857142856,3,5
2021-05-28,461,439,335,419,99,443,130,265,326,284,573.0,484.85714285714283,476.0,412.57142857142856,410.0,360.42857142857144,353.0,364.42857142857144,102.0,75.14285714285714,488.0,451.2857142857143,112.0,94.28571428571429,308.0,267.0,437.0,352.85714285714283,368.0,371.57142857142856,4,5
2021-05-29,559,474,404,291,63,444,97,182,390,299,461.0,490.7142857142857,439.0,419.2857142857143,335.0,364.2857142857143,419.0,372.57142857142856,99.0,73.28571428571429,443.0,451.7142857142857,130.0,97.28571428571429,265.0,254.71428571428572,326.0,365.14285714285717,284.0,371.0,5,5
2021-05-30,425,354,317,361,66,500,71,235,336,367,559.0,482.2857142857143,474.0,410.14285714285717,404.0,354.0,291.0,368.85714285714283,63.0,74.42857142857143,444.0,471.57142857142856,97.0,94.28571428571429,182.0,250.85714285714286,390.0,367.42857142857144,299.0,355.85714285714283,6,5
2021-05-31,473,387,344,358,41,464,65,260,264,353,425.0,494.14285714285717,354.0,406.14285714285717,317.0,359.57142857142856,361.0,364.2857142857143,66.0,70.28571428571429,500.0,480.2857142857143,71.0,89.57142857142857,235.0,254.28571428571428,336.0,353.42857142857144,367.0,354.0,0,5
2021-06-01,567,433,457,465,60,496,133,249,322,257,473.0,499.85714285714283,387.0,413.57142857142856,344.0,365.0,358.0,381.7142857142857,41.0,68.14285714285714,464.0,471.42857142857144,65.0,97.85714285714286,260.0,245.14285714285714,264.0,342.0,353.0,326.2857142857143,1,6
2021-06-02,512,423,333,427,88,461,148,207,338,313,567.0,510.0,433.0,426.57142857142856,457.0,371.42857142857144,465.0,382.0,60.0,74.14285714285714,496.0,470.85714285714283,133.0,108.0,249.0,243.71428571428572,322.0,344.7142857142857,257.0,320.14285714285717,2,6
2021-06-03,472,421,252,410,71,510,100,255,362,338,512.0,495.57142857142856,423.0,418.7142857142857,333.0,348.85714285714283,427.0,390.14285714285717,88.0,69.71428571428571,461.0,474.0,148.0,106.28571428571429,207.0,236.14285714285714,338.0,334.0,313.0,315.85714285714283,3,6
2021-06-04,527,394,423,353,87,519,141,242,379,292,472.0,505.0,421.0,412.2857142857143,252.0,361.42857142857144,410.0,380.7142857142857,71.0,68.0,510.0,484.85714285714283,100.0,107.85714285714286,255.0,232.85714285714286,362.0,341.57142857142856,338.0,317.0,4,6
2021-06-05,511,325,319,345,64,483,139,254,363,416,527.0,498.14285714285717,394.0,391.0,423.0,349.2857142857143,353.0,388.42857142857144,87.0,68.14285714285714,519.0,490.42857142857144,141.0,113.85714285714286,242.0,243.14285714285714,379.0,337.7142857142857,292.0,333.7142857142857,5,6
2021-06-06,535,493,477,362,80,465,102,260,379,312,511.0,513.8571428571429,325.0,410.85714285714283,319.0,372.14285714285717,345.0,388.57142857142856,64.0,70.14285714285714,483.0,485.42857142857144,139.0,118.28571428571429,254.0,246.71428571428572,363.0,343.85714285714283,416.0,325.85714285714283,6,6
2021-06-07,635,469,329,321,65,421,137,246,339,362,535.0,537.0,493.0,422.57142857142856,477.0,370.0,362.0,383.2857142857143,80.0,73.57142857142857,465.0,479.2857142857143,102.0,128.57142857142858,260.0,244.71428571428572,379.0,354.57142857142856,312.0,327.14285714285717,0,6
2021-06-08,428,398,366,314,44,609,137,182,410,247,635.0,517.1428571428571,469.0,417.57142857142856,329.0,357.0,321.0,361.7142857142857,65.0,71.28571428571429,421.0,495.42857142857144,137.0,129.14285714285714,246.0,235.14285714285714,339.0,367.14285714285717,362.0,325.7142857142857,1,6
2021-06-09,405,324,287,354,95,494,142,271,418,352,428.0,501.85714285714283,398.0,403.42857142857144,366.0,350.42857142857144,314.0,351.2857142857143,44.0,72.28571428571429,609.0,500.14285714285717,137.0,128.28571428571428,182.0,244.28571428571428,410.0,378.57142857142856,247.0,331.2857142857143,2,6
2021-06-10,510,399,338,274,76,466,114,216,367,493,405.0,507.2857142857143,324.0,400.2857142857143,287.0,362.7142857142857,354.0,331.85714285714283,95.0,73.0,494.0,493.85714285714283,142.0,130.28571428571428,271.0,238.71428571428572,418.0,379.2857142857143,352.0,353.42857142857144,3,6
2021-06-11,485,349,326,322,66,489,125,258,338,319,510.0,501.2857142857143,399.0,393.85714285714283,338.0,348.85714285714283,274.0,327.42857142857144,76.0,70.0,466.0,489.57142857142856,114.0,128.0,216.0,241.0,367.0,373.42857142857144,493.0,357.2857142857143,4,6
2021-06-12,459,349,307,428,71,504,110,296,264,326,485.0,493.85714285714283,349.0,397.2857142857143,326.0,347.14285714285717,322.0,339.2857142857143,66.0,71.0,489.0,492.57142857142856,125.0,123.85714285714286,258.0,247.0,338.0,359.2857142857143,319.0,344.42857142857144,5,6
2021-06-13,463,437,327,473,81,463,112,224,331,356,459.0,483.57142857142856,349.0,389.2857142857143,307.0,325.7142857142857,428.0,355.14285714285717,71.0,71.14285714285714,504.0,492.2857142857143,110.0,125.28571428571429,296.0,241.85714285714286,264.0,352.42857142857144,326.0,350.7142857142857,6,6
2021-06-14,663,352,338,342,115,523,76,175,424,295,463.0,487.57142857142856,437.0,372.57142857142856,327.0,327.0,473.0,358.14285714285717,81.0,78.28571428571429,463.0,506.85714285714283,112.0,116.57142857142857,224.0,231.71428571428572,331.0,364.57142857142856,356.0,341.14285714285717,0,6
2021-06-15,463,341,284,354,83,465,168,258,437,349,663.0,492.57142857142856,352.0,364.42857142857144,338.0,315.2857142857143,342.0,363.85714285714283,115.0,83.85714285714286,523.0,486.2857142857143,76.0,121.0,175.0,242.57142857142858,424.0,368.42857142857144,295.0,355.7142857142857,1,6
2021-06-16,435,418,411,301,94,467,85,187,392,397,463.0,496.85714285714283,341.0,377.85714285714283,284.0,333.0,354.0,356.2857142857143,83.0,83.71428571428571,465.0,482.42857142857144,168.0,112.85714285714286,258.0,230.57142857142858,437.0,364.7142857142857,349.0,362.14285714285717,2,6
2021-06-17,396,396,347,318,90,435,110,300,412,374,435.0,480.57142857142856,418.0,377.42857142857144,411.0,334.2857142857143,301.0,362.57142857142856,94.0,85.71428571428571,467.0,478.0,85.0,112.28571428571429,187.0,242.57142857142858,392.0,371.14285714285717,397.0,345.14285714285717,3,6
2021-06-18,521,471,334,397,106,563,139,260,295,329,396.0,485.7142857142857,396.0,394.85714285714283,347.0,335.42857142857144,318.0,373.2857142857143,90.0,91.42857142857143,435.0,488.57142857142856,110.0,114.28571428571429,300.0,242.85714285714286,412.0,365.0,374.0,346.57142857142856,4,6
2021-06-19,488,369,340,348,97,578,75,280,348,426,521.0,489.85714285714283,471.0,397.7142857142857,334.0,340.14285714285717,397.0,361.85714285714283,106.0,95.14285714285714,563.0,499.14285714285717,139.0,109.28571428571429,260.0,240.57142857142858,295.0,377.0,329.0,360.85714285714283,5,6
2021-06-20,448,397,307,420,109,532,107,186,263,338,488.0,487.7142857142857,369.0,392.0,340.0,337.2857142857143,348.0,354.2857142857143,97.0,99.14285714285714,578.0,509.0,75.0,108.57142857142857,280.0,235.14285714285714,348.0,367.2857142857143,426.0,358.2857142857143,6,6
2021-06-21,480,376,480,413,61,444,95,227,479,374,448.0,461.57142857142856,397.0,395.42857142857144,307.0,357.57142857142856,420.0,364.42857142857144,109.0,91.42857142857143,532.0,497.7142857142857,107.0,111.28571428571429,186.0,242.57142857142858,263.0,375.14285714285717,338.0,369.57142857142856,0,6
2021-06-22,402,379,397,423,102,496,111,307,353,404,480.0,452.85714285714283,376.0,400.85714285714283,480.0,373.7142857142857,413.0,374.2857142857143,61.0,94.14285714285714,444.0,502.14285714285717,95.0,103.14285714285714,227.0,249.57142857142858,479.0,363.14285714285717,374.0,377.42857142857144,1,6
2021-06-23,486,375,307,370,79,420,75,251,366,299,402.0,460.14285714285717,379.0,394.7142857142857,397.0,358.85714285714283,423.0,384.14285714285717,102.0,92.0,496.0,495.42857142857144,111.0,101.71428571428571,307.0,258.7142857142857,353.0,359.42857142857144,404.0,363.42857142857144,2,6
2021-06-24,368,388,325,452,48,352,100,271,389,301,486.0,456.14285714285717,375.0,393.57142857142856,307.0,355.7142857142857,370.0,403.2857142857143,79.0,86.0,420.0,483.57142857142856,75.0,100.28571428571429,251.0,254.57142857142858,366.0,356.14285714285717,299.0,353.0,3,6
2021-06-25,524,445,465,356,96,515,105,257,344,482,368.0,456.57142857142856,388.0,389.85714285714283,325.0,374.42857142857144,452.0,397.42857142857144,48.0,84.57142857142857,352.0,476.7142857142857,100.0,95.42857142857143,271.0,254.14285714285714,389.0,363.14285714285717,301.0,374.85714285714283,4,6
2021-06-26,482,425,313,401,43,456,101,252,461,353,524.0,455.7142857142857,445.0,397.85714285714283,465.0,370.57142857142856,356.0,405.0,96.0,76.85714285714286,515.0,459.2857142857143,105.0,99.14285714285714,257.0,250.14285714285714,344.0,379.2857142857143,482.0,364.42857142857144,5,6
2021-06-27,592,360,353,444,69,459,115,288,384,380,482.0,476.2857142857143,425.0,392.57142857142856,313.0,377.14285714285717,401.0,408.42857142857144,43.0,71.14285714285714,456.0,448.85714285714283,101.0,100.28571428571429,252.0,264.7142857142857,461.0,396.57142857142856,353.0,370.42857142857144,6,6
2021-06-28,450,334,358,384,55,449,148,281,444,337,592.0,472.0,360.0,386.57142857142856,353.0,359.7142857142857,444.0,404.2857142857143,69.0,70.28571428571429,459.0,449.57142857142856,115.0,107.85714285714286,288.0,272.42857142857144,384.0,391.57142857142856,380.0,365.14285714285717,0,6
2021-06-29,556,317,378,307,98,482,147,283,344,449,450.0,494.0,334.0,377.7142857142857,358.0,357.0,384.0,387.7142857142857,55.0,69.71428571428571,449.0,447.57142857142856,148.0,113.0,281.0,269.0,444.0,390.2857142857143,337.0,371.57142857142856,1,6
2021-06-30,560,352,357,353,65,497,138,255,343,361,556.0,504.57142857142856,317.0,374.42857142857144,378.0,364.14285714285717,307.0,385.2857142857143,98.0,67.71428571428571,482.0,458.57142857142856,147.0,122.0,283.0,269.57142857142856,344.0,387.0,449.0,380.42857142857144,2,6
2021-07-01,524,451,245,331,63,442,95,248,323,345,560.0,526.8571428571429,352.0,383.42857142857144,357.0,352.7142857142857,353.0,368.0,65.0,69.85714285714286,497.0,471.42857142857144,138.0,121.28571428571429,255.0,266.2857142857143,343.0,377.57142857142856,361.0,386.7142857142857,3,7
2021-07-02,403,412,344,302,63,466,98,247,342,302,524.0,509.57142857142856,451.0,378.7142857142857,245.0,335.42857142857144,331.0,360.2857142857143,63.0,65.14285714285714,442.0,464.42857142857144,95.0,120.28571428571429,248.0,264.85714285714283,323.0,377.2857142857143,345.0,361.0,4,7
2021-07-03,496,368,293,285,56,465,121,248,277,286,403.0,511.57142857142856,412.0,370.57142857142856,344.0,332.57142857142856,302.0,343.7142857142857,63.0,67.0,466.0,465.7142857142857,98.0,123.14285714285714,247.0,264.2857142857143,342.0,351.0,302.0,351.42857142857144,5,7
2021-07-04,448,410,293,341,98,385,109,235,402,282,496.0,491.0,368.0,377.7142857142857,293.0,324.0,285.0,329.0,56.0,71.14285714285714,465.0,455.14285714285717,121.0,122.28571428571429,248.0,256.7142857142857,277.0,353.57142857142856,286.0,337.42857142857144,6,7
2021-07-05,453,374,404,292,72,500,99,274,373,267,448.0,491.42857142857144,410.0,383.42857142857144,293.0,330.57142857142856,341.0,315.85714285714283,98.0,73.57142857142857,385.0,462.42857142857144,109.0,115.28571428571429,235.0,255.71428571428572,402.0,343.42857142857144,282.0,327.42857142857144,0,7
2021-07-06,501,371,337,383,80,429,135,266,345,349,453.0,483.57142857142856,374.0,391.14285714285717,404.0,324.7142857142857,292.0,326.7142857142857,72.0,71.0,500.0,454.85714285714283,99.0,113.57142857142857,274.0,253.28571428571428,373.0,343.57142857142856,267.0,313.14285714285717,1,7
2021-07-07,518,417,389,330,39,458,149,199,325,237,501.0,477.57142857142856,371.0,400.42857142857144,337.0,329.2857142857143,383.0,323.42857142857144,80.0,67.28571428571429,429.0,449.2857142857143,135.0,115.14285714285714,266.0,245.28571428571428,345.0,341.0,349.0,295.42857142857144,2,7
2021-07-08,459,423,374,365,51,441,85,262,465,304,518.0,468.2857142857143,417.0,396.42857142857144,389.0,347.7142857142857,330.0,328.2857142857143,39.0,65.57142857142857,458.0,449.14285714285717,149.0,113.71428571428571,199.0,247.28571428571428,325.0,361.2857142857143,237.0,289.57142857142856,3,7
2021-07-09,470,539,408,318,114,486,141,249,310,284,459.0,477.85714285714283,423.0,414.57142857142856,374.0,356.85714285714283,365.0,330.57142857142856,51.0,72.85714285714286,441.0,452.0,85.0,119.85714285714286,262.0,247.57142857142858,465.0,356.7142857142857,304.0,287.0,4,7
2021-07-10,426,389,384,290,121,527,114,227,351,403,470.0,467.85714285714283,539.0,417.57142857142856,408.0,369.85714285714283,318.0,331.2857142857143,114.0,82.14285714285714,486.0,460.85714285714283,141.0,118.85714285714286,249.0,244.57142857142858,310.0,367.2857142857143,284.0,303.7142857142857,5,7
2021-07-11,535,392,381,454,58,424,96,388,365,397,426.0,480.2857142857143,389.0,415.0,384.0,382.42857142857144,290.0,347.42857142857144,121.0,76.42857142857143,527.0,466.42857142857144,114.0,117.0,227.0,266.42857142857144,351.0,362.0,403.0,320.14285714285717,6,7
2021-07-12,458,359,318,330,73,456,121,311,349,236,535.0,481.0,392.0,412.85714285714283,381.0,370.14285714285717,454.0,352.85714285714283,58.0,76.57142857142857,424.0,460.14285714285717,96.0,120.14285714285714,388.0,271.7142857142857,365.0,358.57142857142856,397.0,315.7142857142857,0,7
2021-07-13,461,417,324,270,59,510,84,222,416,371,458.0,475.2857142857143,359.0,419.42857142857144,318.0,368.2857142857143,330.0,336.7142857142857,73.0,73.57142857142857,456.0,471.7142857142857,121.0,112.85714285714286,311.0,265.42857142857144,349.0,368.7142857142857,236.0,318.85714285714283,1,7
2021-07-14,456,472,376,388,105,518,100,245,404,309,461.0,466.42857142857144,417.0,427.2857142857143,324.0,366.42857142857144,270.0,345.0,59.0,83.0,510.0,480.2857142857143,84.0,105.85714285714286,222.0,272.0,416.0,380.0,371.0,329.14285714285717,2,7
2021-07-15,577,481,347,312,69,457,90,305,318,361,456.0,483.2857142857143,472.0,435.57142857142856,376.0,362.57142857142856,388.0,337.42857142857144,105.0,85.57142857142857,518.0,482.57142857142856,100.0,106.57142857142857,245.0,278.14285714285717,404.0,359.0,309.0,337.2857142857143,3,7
2021-07-16,517,428,326,390,93,596,94,367,335,297,577.0,490.0,481.0,419.7142857142857,347.0,350.85714285714283,312.0,347.7142857142857,69.0,82.57142857142857,457.0,498.2857142857143,90.0,99.85714285714286,305.0,295.0,318.0,362.57142857142856,361.0,339.14285714285717,4,7
2021-07-17,431,414,393,438,47,384,103,335,380,249,517.0,490.7142857142857,428.0,423.2857142857143,326.0,352.14285714285717,390.0,368.85714285714283,93.0,72.0,596.0,477.85714285714283,94.0,98.28571428571429,367.0,310.42857142857144,335.0,366.7142857142857,297.0,317.14285714285717,5,7
2021-07-18,612,442,351,325,43,484,106,237,413,314,431.0,501.7142857142857,414.0,430.42857142857144,393.0,347.85714285714283,438.0,350.42857142857144,47.0,69.85714285714286,384.0,486.42857142857144,103.0,99.71428571428571,335.0,288.85714285714283,380.0,373.57142857142856,249.0,305.2857142857143,6,7
2021-07-19,473,448,391,297,27,449,92,186,393,336,612.0,503.85714285714283,442.0,443.14285714285717,351.0,358.2857142857143,325.0,345.7142857142857,43.0,63.285714285714285,484.0,485.42857142857144,106.0,95.57142857142857,237.0,271.0,413.0,379.85714285714283,314.0,319.57142857142856,0,7
2021-07-20,547,352,322,320,73,399,75,236,344,286,473.0,516.1428571428571,448.0,433.85714285714283,391.0,358.0,297.0,352.85714285714283,27.0,65.28571428571429,449.0,469.57142857142856,92.0,94.28571428571429,186.0,273.0,393.0,369.57142857142856,336.0,307.42857142857144,1,7
2021-07-21,551,476,350,350,50,429,117,245,357,262,547.0,529.7142857142857,352.0,434.42857142857144,322.0,354.2857142857143,320.0,347.42857142857144,73.0,57.42857142857143,399.0,456.85714285714283,75.0,96.71428571428571,236.0,273.0,344.0,362.85714285714283,286.0,300.7142857142857,2,7
2021-07-22,485,362,335,379,72,462,109,327,322,393,551.0,516.5714285714286,476.0,417.42857142857144,350.0,352.57142857142856,350.0,357.0,50.0,57.857142857142854,429.0,457.57142857142856,117.0,99.42857142857143,245.0,276.14285714285717,357.0,363.42857142857144,262.0,305.2857142857143,3,7
2021-07-23,552,368,423,312,71,442,67,244,366,232,485.0,521.5714285714286,362.0,408.85714285714283,335.0,366.42857142857144,379.0,345.85714285714283,72.0,54.714285714285715,462.0,435.57142857142856,109.0,95.57142857142857,327.0,258.57142857142856,322.0,367.85714285714283,393.0,296.0,4,7
2021-07-24,531,378,395,367,37,413,47,198,416,309,552.0,535.8571428571429,368.0,403.7142857142857,423.0,366.7142857142857,312.0,335.7142857142857,71.0,53.285714285714285,442.0,439.7142857142857,67.0,87.57142857142857,244.0,239.0,366.0,373.0,232.0,304.57142857142856,5,7
2021-07-25,478,436,399,381,93,377,103,192,371,277,531.0,516.7142857142857,378.0,402.85714285714283,395.0,373.57142857142856,367.0,343.7142857142857,37.0,60.42857142857143,413.0,424.42857142857144,47.0,87.14285714285714,198.0,232.57142857142858,416.0,367.0,309.0,299.2857142857143,6,7
2021-07-26,644,411,363,367,94,529,94,197,402,252,478.0,541.1428571428571,436.0,397.57142857142856,399.0,369.57142857142856,381.0,353.7142857142857,93.0,70.0,377.0,435.85714285714283,103.0,87.42857142857143,192.0,234.14285714285714,371.0,368.2857142857143,277.0,287.2857142857143,0,7
2021-07-27,560,441,370,424,54,409,108,275,306,311,644.0,543.0,411.0,410.2857142857143,363.0,376.42857142857144,367.0,368.57142857142856,94.0,67.28571428571429,529.0,437.2857142857143,94.0,92.14285714285714,197.0,239.71428571428572,402.0,362.85714285714283,252.0,290.85714285714283,1,7
2021-07-28,527,410,283,425,68,511,131,178,314,342,560.0,539.5714285714286,441.0,400.85714285714283,370.0,366.85714285714283,424.0,379.2857142857143,54.0,69.85714285714286,409.0,449.0,108.0,94.14285714285714,275.0,230.14285714285714,306.0,356.7142857142857,311.0,302.2857142857143,2,7
2021-07-29,583,361,339,285,45,483,78,236,381,277,527.0,553.5714285714286,410.0,400.7142857142857,283.0,367.42857142857144,425.0,365.85714285714283,68.0,66.0,511.0,452.0,131.0,89.71428571428571,178.0,217.14285714285714,314.0,365.14285714285717,342.0,285.7142857142857,3,7
2021-07-30,406,354,339,404,128,632,114,289,412,318,583.0,532.7142857142857,361.0,398.7142857142857,339.0,355.42857142857144,285.0,379.0,45.0,74.14285714285714,483.0,479.14285714285717,78.0,96.42857142857143,236.0,223.57142857142858,381.0,371.7142857142857,277.0,298.0,4,7
2021-07-31,570,429,358,303,45,506,126,211,342,306,406.0,538.2857142857143,354.0,406.0,339.0,350.14285714285717,404.0,369.85714285714283,128.0,75.28571428571429,632.0,492.42857142857144,114.0,107.71428571428571,289.0,225.42857142857142,412.0,361.14285714285717,318.0,297.57142857142856,5,7
2021-08-01,548,388,302,382,135,428,96,192,332,354,570.0,548.2857142857143,429.0,399.14285714285717,358.0,336.2857142857143,303.0,370.0,45.0,81.28571428571429,506.0,499.7142857142857,126.0,106.71428571428571,211.0,225.42857142857142,342.0,355.57142857142856,306.0,308.57142857142856,6,8
2021-08-02,439,361,427,275,90,444,100,269,364,336,548.0,519.0,388.0,392.0,302.0,345.42857142857144,382.0,356.85714285714283,135.0,80.71428571428571,428.0,487.57142857142856,96.0,107.57142857142857,192.0,235.71428571428572,332.0,350.14285714285717,354.0,320.57142857142856,0,8
2021-08-03,469,324,315,274,101,553,116,364,339,374,439.0,506.0,361.0,375.2857142857143,427.0,337.57142857142856,275.0,335.42857142857144,90.0,87.42857142857143,444.0,508.14285714285717,100.0,108.71428571428571,269.0,248.42857142857142,364.0,354.85714285714283,336.0,329.57142857142856,1,8
2021-08-04,609,437,373,312,73,494,96,202,317,345,469.0,517.7142857142857,324.0,379.14285714285717,315.0,350.42857142857144,274.0,319.2857142857143,101.0,88.14285714285714,553.0,505.7142857142857,116.0,103.71428571428571,364.0,251.85714285714286,339.0,355.2857142857143,374.0,330.0,2,8
2021-08-05,419,402,447,363,41,372,129,221,300,335,609.0,494.2857142857143,437.0,385.0,373.0,365.85714285714283,312.0,330.42857142857144,73.0,87.57142857142857,494.0,489.85714285714283,96.0,111.0,202.0,249.71428571428572,317.0,343.7142857142857,345.0,338.2857142857143,3,8
2021-08-06,449,410,300,355,68,553,47,284,445,371,419.0,500.42857142857144,402.0,393.0,447.0,360.2857142857143,363.0,323.42857142857144,41.0,79.0,372.0,478.57142857142856,129.0,101.42857142857143,221.0,249.0,300.0,348.42857142857144,335.0,345.85714285714283,4,8
2021-08-07,506,348,256,370,63,506,88,223,307,424,449.0,491.2857142857143,410.0,381.42857142857144,300.0,345.7142857142857,355.0,333.0,68.0,81.57142857142857,553.0,478.57142857142856,47.0,96.0,284.0,250.71428571428572,445.0,343.42857142857144,371.0,362.7142857142857,5,8
2021-08-08,516,411,339,304,98,552,168,208,353,357,506.0,486.7142857142857,348.0,384.7142857142857,256.0,351.0,370.0,321.85714285714283,63.0,76.28571428571429,506.0,496.2857142857143,88.0,106.28571428571429,223.0,253.0,307.0,346.42857142857144,424.0,363.14285714285717,6,8
2021-08-09,585,376,475,333,87,382,86,237,392,317,516.0,507.57142857142856,411.0,386.85714285714283,339.0,357.85714285714283,304.0,330.14285714285717,98.0,75.85714285714286,552.0,487.42857142857144,168.0,104.28571428571429,208.0,248.42857142857142,353.0,350.42857142857144,357.0,360.42857142857144,0,8
2021-08-10,424,397,288,400,70,494,142,310,376,317,585.0,501.14285714285717,376.0,397.2857142857143,475.0,354.0,333.0,348.14285714285717,87.0,71.42857142857143,382.0,479.0,86.0,108.0,237.0,240.71428571428572,392.0,355.7142857142857,317.0,352.2857142857143,1,8
2021-08-11,447,433,307,341,68,470,135,334,341,308,424.0,478.0,397.0,396.7142857142857,288.0,344.57142857142856,400.0,352.2857142857143,70.0,70.71428571428571,494.0,475.57142857142856,142.0,113.57142857142857,310.0,259.57142857142856,376.0,359.14285714285717,317.0,347.0,2,8
2021-08-12,504,323,352,401,41,471,111,231,357,383,447.0,490.14285714285717,433.0,385.42857142857144,307.0,331.0,341.0,357.7142857142857,68.0,70.71428571428571,470.0,489.7142857142857,135.0,111.0,334.0,261.0,341.0,367.2857142857143,308.0,353.85714285714283,3,8
2021-08-13,552,496,412,353,106,507,98,294,408,356,504.0,504.85714285714283,323.0,397.7142857142857,352.0,347.0,401.0,357.42857142857144,41.0,76.14285714285714,471.0,483.14285714285717,111.0,118.28571428571429,231.0,262.42857142857144,357.0,362.0,383.0,351.7142857142857,4,8
2021-08-14,595,352,348,330,74,468,79,237,298,298,552.0,517.5714285714286,496.0,398.2857142857143,412.0,360.14285714285717,353.0,351.7142857142857,106.0,77.71428571428571,507.0,477.7142857142857,98.0,117.0,294.0,264.42857142857144,408.0,360.7142857142857,356.0,333.7142857142857,5,8
2021-08-15,598,323,416,298,61,516,103,238,426,415,595.0,529.2857142857143,352.0,385.7142857142857,348.0,371.14285714285717,330.0,350.85714285714283,74.0,72.42857142857143,468.0,472.57142857142856,79.0,107.71428571428571,237.0,268.7142857142857,298.0,371.14285714285717,298.0,342.0,6,8
2021-08-16,502,371,470,399,61,465,103,326,320,266,598.0,517.4285714285714,323.0,385.0,416.0,370.42857142857144,298.0,360.2857142857143,61.0,68.71428571428571,516.0,484.42857142857144,103.0,110.14285714285714,238.0,281.42857142857144,426.0,360.85714285714283,415.0,334.7142857142857,0,8
2021-08-17,465,327,380,325,43,517,80,268,376,259,502.0,523.2857142857143,371.0,375.0,470.0,383.57142857142856,399.0,349.57142857142856,61.0,64.85714285714286,465.0,487.7142857142857,103.0,101.28571428571429,326.0,275.42857142857144,320.0,360.85714285714283,266.0,326.42857142857144,1,8
2021-08-18,462,420,304,341,38,447,106,279,237,297,465.0,525.4285714285714,327.0,373.14285714285717,380.0,383.14285714285717,325.0,349.57142857142856,43.0,60.57142857142857,517.0,484.42857142857144,80.0,97.14285714285714,268.0,267.57142857142856,376.0,346.0,259.0,324.85714285714283,2,8
2021-08-19,528,390,348,335,62,479,172,233,276,313,462.0,528.8571428571429,420.0,382.7142857142857,304.0,382.57142857142856,341.0,340.14285714285717,38.0,63.57142857142857,447.0,485.57142857142856,106.0,105.85714285714286,279.0,267.85714285714283,237.0,334.42857142857144,297.0,314.85714285714283,3,8
2021-08-20,550,329,301,335,95,429,107,278,303,364,528.0,528.5714285714286,390.0,358.85714285714283,348.0,366.7142857142857,335.0,337.57142857142856,62.0,62.0,479.0,474.42857142857144,172.0,107.14285714285714,233.0,265.57142857142856,276.0,319.42857142857144,313.0,316.0,4,8
2021-08-21,463,450,354,365,50,408,108,196,471,401,550.0,509.7142857142857,329.0,372.85714285714283,301.0,367.57142857142856,335.0,342.57142857142856,95.0,58.57142857142857,429.0,465.85714285714283,107.0,111.28571428571429,278.0,259.7142857142857,303.0,344.14285714285717,364.0,330.7142857142857,5,8
2021-08-22,499,394,314,356,77,398,83,316,321,367,463.0,495.57142857142856,450.0,383.0,354.0,353.0,365.0,350.85714285714283,50.0,60.857142857142854,408.0,449.0,108.0,108.42857142857143,196.0,270.85714285714283,471.0,329.14285714285717,401.0,323.85714285714283,6,8
2021-08-23,464,355,371,420,100,359,84,268,417,308,499.0,490.14285714285717,394.0,380.7142857142857,314.0,338.85714285714283,356.0,353.85714285714283,77.0,66.42857142857143,398.0,433.85714285714283,83.0,105.71428571428571,316.0,262.57142857142856,321.0,343.0,367.0,329.85714285714283,0,8
2021-08-24,496,394,436,329,78,539,184,311,373,260,464.0,494.57142857142856,355.0,390.2857142857143,371.0,346.85714285714283,420.0,354.42857142857144,100.0,71.42857142857143,359.0,437.0,84.0,120.57142857142857,268.0,268.7142857142857,417.0,342.57142857142856,308.0,330.0,1,8
2021-08-25,420,352,421,422,48,494,151,244,424,328,496.0,488.57142857142856,394.0,380.57142857142856,436.0,363.57142857142856,329.0,366.0,78.0,72.85714285714286,539.0,443.7142857142857,184.0,127.0,311.0,263.7142857142857,373.0,369.2857142857143,260.0,334.42857142857144,2,8
2021-08-26,533,371,315,409,64,540,142,244,336,312,420.0,489.2857142857143,352.0,377.85714285714283,421.0,358.85714285714283,422.0,376.57142857142856,48.0,73.14285714285714,494.0,452.42857142857144,151.0,122.71428571428571,244.0,265.2857142857143,424.0,377.85714285714283,328.0,334.2857142857143,3,8
2021-08-27,403,297,421,341,107,528,79,265,338,340,533.0,468.2857142857143,371.0,373.2857142857143,315.0,376.0,409.0,377.42857142857144,64.0,74.85714285714286,540.0,466.57142857142856,142.0,118.71428571428571,244.0,263.42857142857144,336.0,382.85714285714283,312.0,330.85714285714283,4,8
2021-08-28,541,356,396,330,68,374,113,240,339,349,403.0,479.42857142857144,297.0,359.85714285714283,421.0,382.0,341.0,372.42857142857144,107.0,77.42857142857143,528.0,461.7142857142857,79.0,119.42857142857143,265.0,269.7142857142857,338.0,364.0,340.0,323.42857142857144,5,8
2021-08-29,440,428,421,388,54,503,92,266,340,346,541.0,471.0,356.0,364.7142857142857,396.0,397.2857142857143,330.0,377.0,68.0,74.14285714285714,374.0,476.7142857142857,113.0,120.71428571428571,240.0,262.57142857142856,339.0,366.7142857142857,349.0,320.42857142857144,6,8
2021-08-30,512,351,451,346,50,507,52,209,351,390,440.0,477.85714285714283,428.0,364.14285714285717,421.0,408.7142857142857,388.0,366.42857142857144,54.0,67.0,503.0,497.85714285714283,92.0,116.14285714285714,266.0,254.14285714285714,340.0,357.2857142857143,346.0,332.14285714285717,0,8
2021-08-31,472,351,392,412,102,422,105,329,333,288,512.0,474.42857142857144,351.0,358.0,451.0,402.42857142857144,346.0,378.2857142857143,50.0,70.42857142857143,507.0,481.14285714285717,52.0,104.85714285714286,209.0,256.7142857142857,351.0,351.57142857142856,390.0,336.14285714285717,1,8
2021-09-01,438,376,394,343,61,459,127,265,321,327,472.0,477.0,351.0,361.42857142857144,392.0,398.57142857142856,412.0,367.0,102.0,72.28571428571429,422.0,476.14285714285717,105.0,101.42857142857143,329.0,259.7142857142857,333.0,336.85714285714283,288.0,336.0,2,9
2021-09-02,505,343,410,404,87,485,136,232,357,400,438.0,473.0,376.0,357.42857142857144,394.0,412.14285714285717,343.0,366.2857142857143,61.0,75.57142857142857,459.0,468.2857142857143,127.0,100.57142857142857,265.0,258.0,321.0,339.85714285714283,327.0,348.57142857142856,3,9
2021-09-03,557,345,346,461,62,564,76,256,284,431,505.0,495.0,343.0,364.2857142857143,410.0,401.42857142857144,404.0,383.42857142857144,87.0,69.14285714285714,485.0,473.42857142857144,136.0,100.14285714285714,232.0,256.7142857142857,357.0,332.14285714285717,400.0,361.57142857142856,4,9
2021-09-04,435,402,379,376,76,449,112,279,381,304,557.0,479.85714285714283,345.0,370.85714285714283,346.0,399.0,461.0,390.0,62.0,70.28571428571429,564.0,484.14285714285717,76.0,100.0,256.0,262.2857142857143,284.0,338.14285714285717,431.0,355.14285714285717,5,9
2021-09-05,490,530,360,305,100,500,119,218,330,261,435.0,487.0,402.0,385.42857142857144,379.0,390.2857142857143,376.0,378.14285714285717,76.0,76.85714285714286,449.0,483.7142857142857,112.0,103.85714285714286,279.0,255.42857142857142,381.0,336.7142857142857,304.0,343.0,6,9
2021-09-06,460,373,421,381,88,391,107,248,346,337,490.0,479.57142857142856,530.0,388.57142857142856,360.0,386.0,305.0,383.14285714285717,100.0,82.28571428571429,500.0,467.14285714285717,119.0,111.71428571428571,218.0,261.0,330.0,336.0,261.0,335.42857142857144,0,9
2021-09-07,487,399,352,291,55,584,87,266,302,270,460.0,481.7142857142857,373.0,395.42857142857144,421.0,380.2857142857143,381.0,365.85714285714283,88.0,75.57142857142857,391.0,490.2857142857143,107.0,109.14285714285714,248.0,252.0,346.0,331.57142857142856,337.0,332.85714285714283,1,9
2021-09-08,682,350,338,441,106,429,104,236,363,204,487.0,516.5714285714286,399.0,391.7142857142857,352.0,372.2857142857143,291.0,379.85714285714283,55.0,82.0,584.0,486.0,87.0,105.85714285714286,266.0,247.85714285714286,302.0,337.57142857142856,270.0,315.2857142857143,2,9
2021-09-09,443,378,286,427,83,376,68,288,446,321,682.0,507.7142857142857,350.0,396.7142857142857,338.0,354.57142857142856,441.0,383.14285714285717,106.0,81.42857142857143,429.0,470.42857142857144,104.0,96.14285714285714,236.0,255.85714285714286,363.0,350.2857142857143,204.0,304.0,3,9
2021-09-10,457,389,436,370,108,517,87,279,311,354,443.0,493.42857142857144,378.0,403.0,286.0,367.42857142857144,427.0,370.14285714285717,83.0,88.0,376.0,463.7142857142857,68.0,97.71428571428571,288.0,259.14285714285717,446.0,354.14285714285717,321.0,293.0,4,9
2021-09-11,556,399,321,445,36,415,94,299,401,286,457.0,510.7142857142857,389.0,402.57142857142856,436.0,359.14285714285717,370.0,380.0,108.0,82.28571428571429,517.0,458.85714285714283,87.0,95.14285714285714,279.0,262.0,311.0,357.0,354.0,290.42857142857144,5,9
2021-09-12,476,436,310,305,42,519,73,259,393,276,556.0,508.7142857142857,399.0,389.14285714285717,321.0,352.0,445.0,380.0,36.0,74.0,415.0,461.57142857142856,94.0,88.57142857142857,299.0,267.85714285714283,401.0,366.0,286.0,292.57142857142856,6,9
2021-09-13,460,432,324,375,87,318,85,273,235,245,476.0,508.7142857142857,436.0,397.57142857142856,310.0,338.14285714285717,305.0,379.14285714285717,42.0,73.85714285714286,519.0,451.14285714285717,73.0,85.42857142857143,259.0,271.42857142857144,393.0,350.14285714285717,276.0,279.42857142857144,0,9
2021-09-14,504,391,418,379,28,415,125,281,392,389,460.0,511.14285714285717,432.0,396.42857142857144,324.0,347.57142857142856,375.0,391.7142857142857,87.0,70.0,318.0,427.0,85.0,90.85714285714286,273.0,273.57142857142856,235.0,363.0,245.0,296.42857142857144,1,9
2021-09-15,460,417,337,411,30,446,92,261,367,354,504.0,479.42857142857144,391.0,406.0,418.0,347.42857142857144,379.0,387.42857142857144,28.0,59.142857142857146,415.0,429.42857142857144,125.0,89.14285714285714,281.0,277.14285714285717,392.0,363.57142857142856,389.0,317.85714285714283,2,9
2021-09-16,479,362,384,293,60,526,122,239,315,330,460.0,484.57142857142856,417.0,403.7142857142857,337.0,361.42857142857144,411.0,368.2857142857143,30.0,55.857142857142854,446.0,450.85714285714283,92.0,96.85714285714286,261.0,270.14285714285717,367.0,344.85714285714283,354.0,319.14285714285717,3,9
2021-09-17,499,444,327,333,106,530,96,208,378,309,479.0,490.57142857142856,362.0,411.57142857142856,384.0,345.85714285714283,293.0,363.0,60.0,55.57142857142857,526.0,452.7142857142857,122.0,98.14285714285714,239.0,260.0,315.0,354.42857142857144,330.0,312.7142857142857,4,9
2021-09-18,483,357,346,367,40,432,100,252,347,410,499.0,480.14285714285717,444.0,405.57142857142856,327.0,349.42857142857144,333.0,351.85714285714283,106.0,56.142857142857146,530.0,455.14285714285717,96.0,99.0,208.0,253.28571428571428,378.0,346.7142857142857,309.0,330.42857142857144,5,9
2021-09-19,612,414,350,355,54,517,96,253,346,365,483.0,499.57142857142856,357.0,402.42857142857144,346.0,355.14285714285717,367.0,359.0,40.0,57.857142857142854,432.0,454.85714285714283,100.0,102.28571428571429,252.0,252.42857142857142,347.0,340.0,410.0,343.14285714285717,6,9
2021-09-20,388,345,311,293,68,575,66,261,373,420,612.0,489.2857142857143,414.0,390.0,350.0,353.2857142857143,355.0,347.2857142857143,54.0,55.142857142857146,517.0,491.57142857142856,96.0,99.57142857142857,253.0,250.71428571428572,346.0,359.7142857142857,365.0,368.14285714285717,0,9
2021-09-21,494,319,403,419,42,412,128,269,333,370,388.0,487.85714285714283,345.0,379.7142857142857,311.0,351.14285714285717,293.0,353.0,68.0,57.142857142857146,575.0,491.14285714285717,66.0,100.0,261.0,249.0,373.0,351.2857142857143,420.0,365.42857142857144,1,9
2021-09-22,459,370,339,369,94,653,99,259,354,295,494.0,487.7142857142857,319.0,373.0,403.0,351.42857142857144,419.0,347.0,42.0,66.28571428571429,412.0,520.7142857142857,128.0,101.0,269.0,248.71428571428572,333.0,349.42857142857144,370.0,357.0,2,9
2021-09-23,531,369,377,314,85,367,146,203,396,339,459.0,495.14285714285717,370.0,374.0,339.0,350.42857142857144,369.0,350.0,94.0,69.85714285714286,653.0,498.0,99.0,104.42857142857143,259.0,243.57142857142858,354.0,361.0,295.0,358.2857142857143,3,9
2021-09-24,552,396,407,209,57,384,87,267,403,335,531.0,502.7142857142857,369.0,367.14285714285717,377.0,361.85714285714283,314.0,332.2857142857143,85.0,62.857142857142854,367.0,477.14285714285717,146.0,103.14285714285714,203.0,252.0,396.0,364.57142857142856,339.0,362.0,4,9
2021-09-25,466,342,463,399,63,470,95,203,295,309,552.0,500.2857142857143,396.0,365.0,407.0,378.57142857142856,209.0,336.85714285714283,57.0,66.14285714285714,384.0,482.57142857142856,87.0,102.42857142857143,267.0,245.0,403.0,357.14285714285717,335.0,347.57142857142856,5,9
2021-09-26,573,327,352,257,55,454,124,237,424,229,466.0,494.7142857142857,342.0,352.57142857142856,463.0,378.85714285714283,399.0,322.85714285714283,63.0,66.28571428571429,470.0,473.57142857142856,95.0,106.42857142857143,203.0,242.71428571428572,295.0,368.2857142857143,309.0,328.14285714285717,6,9
2021-09-27,495,354,341,340,38,541,50,263,363,381,573.0,510.0,327.0,353.85714285714283,352.0,383.14285714285717,257.0,329.57142857142856,55.0,62.0,454.0,468.7142857142857,124.0,104.14285714285714,237.0,243.0,424.0,366.85714285714283,229.0,322.57142857142856,0,9
2021-09-28,650,534,380,386,48,487,175,225,403,341,495.0,532.2857142857143,354.0,384.57142857142856,341.0,379.85714285714283,340.0,324.85714285714283,38.0,62.857142857142854,541.0,479.42857142857144,50.0,110.85714285714286,263.0,236.71428571428572,363.0,376.85714285714283,381.0,318.42857142857144,1,9
2021-09-29,539,483,331,429,105,453,129,221,404,275,650.0,543.7142857142857,534.0,400.7142857142857,380.0,378.7142857142857,386.0,333.42857142857144,48.0,64.42857142857143,487.0,450.85714285714283,175.0,115.14285714285714,225.0,231.28571428571428,403.0,384.0,341.0,315.57142857142856,2,9
2021-09-30,482,436,337,334,78,328,63,233,360,366,539.0,536.7142857142857,483.0,410.2857142857143,331.0,373.0,429.0,336.2857142857143,105.0,63.42857142857143,453.0,445.2857142857143,129.0,103.28571428571429,221.0,235.57142857142858,404.0,378.85714285714283,275.0,319.42857142857144,3,9
2021-10-01,577,496,271,318,91,506,71,278,288,301,482.0,540.2857142857143,436.0,424.57142857142856,337.0,353.57142857142856,334.0,351.85714285714283,78.0,68.28571428571429,328.0,462.7142857142857,63.0,101.0,233.0,237.14285714285714,360.0,362.42857142857144,366.0,314.57142857142856,4,10
2021-10-02,325,527,373,332,42,482,109,233,319,311,577.0,520.1428571428571,496.0,451.0,271.0,340.7142857142857,318.0,342.2857142857143,91.0,65.28571428571429,506.0,464.42857142857144,71.0,103.0,278.0,241.42857142857142,288.0,365.85714285714283,301.0,314.85714285714283,5,10
2021-10-03,579,420,292,437,94,430,85,184,303,345,325.0,521.0,527.0,464.2857142857143,373.0,332.14285714285717,332.0,368.0,42.0,70.85714285714286,482.0,461.0,109.0,97.42857142857143,233.0,233.85714285714286,319.0,348.57142857142856,311.0,331.42857142857144,6,10
2021-10-04,445,389,375,336,86,454,104,231,336,338,579.0,513.8571428571429,420.0,469.2857142857143,292.0,337.0,437.0,367.42857142857144,94.0,77.71428571428571,430.0,448.57142857142856,85.0,105.14285714285714,184.0,229.28571428571428,303.0,344.7142857142857,345.0,325.2857142857143,0,10
2021-10-05,391,437,393,365,53,535,92,301,404,308,445.0,476.85714285714283,389.0,455.42857142857144,375.0,338.85714285714283,336.0,364.42857142857144,86.0,78.42857142857143,454.0,455.42857142857144,104.0,93.28571428571429,231.0,240.14285714285714,336.0,344.85714285714283,338.0,320.57142857142856,1,10
2021-10-06,449,445,322,414,82,421,127,240,325,322,391.0,464.0,437.0,450.0,393.0,337.57142857142856,365.0,362.2857142857143,53.0,75.14285714285714,535.0,450.85714285714283,92.0,93.0,301.0,242.85714285714286,404.0,333.57142857142856,308.0,327.2857142857143,2,10
2021-10-07,476,329,465,355,86,412,137,243,332,371,449.0,463.14285714285717,445.0,434.7142857142857,322.0,355.85714285714283,414.0,365.2857142857143,82.0,76.28571428571429,421.0,462.85714285714283,127.0,103.57142857142857,240.0,244.28571428571428,325.0,329.57142857142856,322.0,328.0,3,10
2021-10-08,470,329,342,379,75,378,128,261,328,380,476.0,447.85714285714283,329.0,410.85714285714283,465.0,366.0,355.0,374.0,86.0,74.0,412.0,444.57142857142856,137.0,111.71428571428571,243.0,241.85714285714286,332.0,335.2857142857143,371.0,339.2857142857143,4,10
2021-10-09,418,396,291,283,51,516,117,312,334,306,470.0,461.14285714285717,329.0,392.14285714285717,342.0,354.2857142857143,379.0,367.0,75.0,75.28571428571429,378.0,449.42857142857144,128.0,112.85714285714286,261.0,253.14285714285714,328.0,337.42857142857144,380.0,338.57142857142856,5,10
2021-10-10,429,382,288,503,95,393,173,224,340,373,418.0,439.7142857142857,396.0,386.7142857142857,291.0,353.7142857142857,283.0,376.42857142857144,51.0,75.42857142857143,516.0,444.14285714285717,117.0,125.42857142857143,312.0,258.85714285714283,334.0,342.7142857142857,306.0,342.57142857142856,6,10
2021-10-11,407,338,388,378,55,460,121,222,398,354,429.0,434.2857142857143,382.0,379.42857142857144,288.0,355.57142857142856,503.0,382.42857142857144,95.0,71.0,393.0,445.0,173.0,127.85714285714286,224.0,257.57142857142856,340.0,351.57142857142856,373.0,344.85714285714283,0,10
2021-10-12,482,454,340,316,33,514,89,240,328,314,407.0,447.2857142857143,338.0,381.85714285714283,388.0,348.0,378.0,375.42857142857144,55.0,68.14285714285714,460.0,442.0,121.0,127.42857142857143,222.0,248.85714285714286,398.0,340.7142857142857,354.0,345.7142857142857,1,10
2021-10-13,465,391,328,497,45,550,128,296,329,379,482.0,449.57142857142856,454.0,374.14285714285717,340.0,348.85714285714283,316.0,387.2857142857143,33.0,62.857142857142854,514.0,460.42857142857144,89.0,127.57142857142857,240.0,256.85714285714283,328.0,341.2857142857143,314.0,353.85714285714283,2,10
2021-10-14,567,463,348,315,76,460,103,305,353,315,465.0,462.57142857142856,391.0,393.2857142857143,328.0,332.14285714285717,497.0,381.57142857142856,45.0,61.42857142857143,550.0,467.2857142857143,128.0,122.71428571428571,296.0,265.7142857142857,329.0,344.2857142857143,379.0,345.85714285714283,3,10
2021-10-15,410,459,398,441,34,400,108,250,322,317,567.0,454.0,463.0,411.85714285714283,348.0,340.14285714285717,315.0,390.42857142857144,76.0,55.57142857142857,460.0,470.42857142857144,103.0,119.85714285714286,305.0,264.14285714285717,353.0,343.42857142857144,315.0,336.85714285714283,4,10
2021-10-16,473,451,334,275,75,519,86,284,276,322,410.0,461.85714285714283,459.0,419.7142857142857,398.0,346.2857142857143,441.0,389.2857142857143,34.0,59.0,400.0,470.85714285714283,108.0,115.42857142857143,250.0,260.14285714285717,322.0,335.14285714285717,317.0,339.14285714285717,5,10
2021-10-17,495,391,401,347,100,588,156,196,425,374,473.0,471.2857142857143,451.0,421.0,334.0,362.42857142857144,275.0,367.0,75.0,59.714285714285715,519.0,498.7142857142857,86.0,113.0,284.0,256.14285714285717,276.0,347.2857142857143,322.0,339.2857142857143,6,10
2021-10-18,447,452,303,271,66,481,125,271,383,295,495.0,477.0,391.0,437.2857142857143,401.0,350.2857142857143,347.0,351.7142857142857,100.0,61.285714285714285,588.0,501.7142857142857,156.0,113.57142857142857,196.0,263.14285714285717,425.0,345.14285714285717,374.0,330.85714285714283,0,10
2021-10-19,523,462,390,355,78,608,122,238,368,338,447.0,482.85714285714283,452.0,438.42857142857144,303.0,357.42857142857144,271.0,357.2857142857143,66.0,67.71428571428571,481.0,515.1428571428571,125.0,118.28571428571429,271.0,262.85714285714283,383.0,350.85714285714283,295.0,334.2857142857143,1,10
2021-10-20,612,406,349,425,56,528,99,329,372,382,523.0,503.85714285714283,462.0,440.57142857142856,390.0,360.42857142857144,355.0,347.0,78.0,69.28571428571429,608.0,512.0,122.0,114.14285714285714,238.0,267.57142857142856,368.0,357.0,338.0,334.7142857142857,2,10
2021-10-21,444,466,332,357,69,497,108,232,347,260,612.0,486.2857142857143,406.0,441.0,349.0,358.14285714285717,425.0,353.0,56.0,68.28571428571429,528.0,517.2857142857143,99.0,114.85714285714286,329.0,257.14285714285717,372.0,356.14285714285717,382.0,326.85714285714283,3,10
2021-10-22,371,398,315,367,52,529,164,221,350,270,444.0,480.7142857142857,466.0,432.2857142857143,332.0,346.2857142857143,357.0,342.42857142857144,69.0,70.85714285714286,497.0,535.7142857142857,108.0,122.85714285714286,232.0,253.0,347.0,360.14285714285717,260.0,320.14285714285717,4,10
2021-10-23,556,496,336,412,64,460,114,250,331,367,371.0,492.57142857142856,398.0,438.7142857142857,315.0,346.57142857142856,367.0,362.0,52.0,69.28571428571429,529.0,527.2857142857143,164.0,126.85714285714286,221.0,248.14285714285714,350.0,368.0,270.0,326.57142857142856,5,10
2021-10-24,497,443,238,416,104,464,132,230,330,325,556.0,492.85714285714283,496.0,446.14285714285717,336.0,323.2857142857143,412.0,371.85714285714283,64.0,69.85714285714286,460.0,509.57142857142856,114.0,123.42857142857143,250.0,253.0,331.0,354.42857142857144,367.0,319.57142857142856,6,10
2021-10-25,457,307,389,407,64,455,142,177,358,388,497.0,494.2857142857143,443.0,425.42857142857144,238.0,335.57142857142856,416.0,391.2857142857143,104.0,69.57142857142857,464.0,505.85714285714283,132.0,125.85714285714286,230.0,239.57142857142858,330.0,350.85714285714283,325.0,332.85714285714283,0,10
2021-10-26,377,462,411,317,69,474,71,246,329,296,457.0,473.42857142857144,307.0,425.42857142857144,389.0,338.57142857142856,407.0,385.85714285714283,64.0,68.28571428571429,455.0,486.7142857142857,142.0,118.57142857142857,177.0,240.71428571428572,358.0,345.2857142857143,388.0,326.85714285714283,1,10
2021-10-27,516,420,377,366,87,396,84,267,351,249,377.0,459.7142857142857,462.0,427.42857142857144,411.0,342.57142857142856,317.0,377.42857142857144,69.0,72.71428571428571,474.0,467.85714285714283,71.0,116.42857142857143,246.0,231.85714285714286,329.0,342.2857142857143,296.0,307.85714285714283,2,10
2021-10-28,463,437,331,363,91,415,96,267,387,345,516.0,462.42857142857144,420.0,423.2857142857143,377.0,342.42857142857144,366.0,378.2857142857143,87.0,75.85714285714286,396.0,456.14285714285717,84.0,114.71428571428571,267.0,236.85714285714286,351.0,348.0,249.0,320.0,3,10
2021-10-29,555,397,412,297,96,440,100,196,369,267,463.0,488.7142857142857,437.0,423.14285714285717,331.0,356.2857142857143,363.0,368.2857142857143,91.0,82.14285714285714,415.0,443.42857142857144,96.0,105.57142857142857,267.0,233.28571428571428,387.0,350.7142857142857,345.0,319.57142857142856,4,10
2021-10-30,501,366,393,359,69,347,89,194,379,347,555.0,480.85714285714283,397.0,404.57142857142856,412.0,364.42857142857144,297.0,360.7142857142857,96.0,82.85714285714286,440.0,427.2857142857143,100.0,102.0,196.0,225.28571428571428,369.0,357.57142857142856,267.0,316.7142857142857,5,10
2021-10-31,513,378,315,445,60,459,100,261,333,378,501.0,483.14285714285717,366.0,395.2857142857143,393.0,375.42857142857144,359.0,364.85714285714283,69.0,76.57142857142857,347.0,426.57142857142856,89.0,97.42857142857143,194.0,229.71428571428572,379.0,358.0,347.0,324.2857142857143,6,10
2021-11-01,570,425,270,296,56,478,115,186,331,313,513.0,499.2857142857143,378.0,412.14285714285717,315.0,358.42857142857144,445.0,349.0,60.0,75.42857142857143,459.0,429.85714285714283,100.0,93.57142857142857,261.0,231.0,333.0,354.14285714285717,378.0,313.57142857142856,0,11
2021-11-02,496,321,359,372,91,409,124,271,350,380,570.0,516.2857142857143,425.0,392.0,270.0,351.0,296.0,356.85714285714283,56.0,78.57142857142857,478.0,420.57142857142856,115.0,101.14285714285714,186.0,234.57142857142858,331.0,357.14285714285717,313.0,325.57142857142856,1,11
2021-11-03,553,409,343,363,47,510,104,316,498,310,496.0,521.5714285714286,321.0,390.42857142857144,359.0,346.14285714285717,372.0,356.42857142857144,91.0,72.85714285714286,409.0,436.85714285714283,124.0,104.0,271.0,241.57142857142858,350.0,378.14285714285717,380.0,334.2857142857143,2,11
2021-11-04,510,457,253,376,90,525,127,275,384,290,553.0,528.2857142857143,409.0,393.2857142857143,343.0,335.0,363.0,358.2857142857143,47.0,72.71428571428571,510.0,452.57142857142856,104.0,108.42857142857143,316.0,242.71428571428572,498.0,377.7142857142857,310.0,326.42857142857144,3,11
2021-11-05,447,326,337,382,35,531,101,274,379,405,510.0,512.8571428571429,457.0,383.14285714285717,253.0,324.2857142857143,376.0,370.42857142857144,90.0,64.0,525.0,465.57142857142856,127.0,108.57142857142857,275.0,253.85714285714286,384.0,379.14285714285717,290.0,346.14285714285717,4,11
2021-11-06,442,342,368,344,62,465,141,172,297,340,447.0,504.42857142857144,326.0,379.7142857142857,337.0,320.7142857142857,382.0,368.2857142857143,35.0,63.0,531.0,482.42857142857144,101.0,116.0,274.0,250.71428571428572,379.0,367.42857142857144,405.0,345.14285714285717,5,11
2021-11-07,463,328,222,409,73,475,98,225,259,351,442.0,497.2857142857143,342.0,372.57142857142856,368.0,307.42857142857144,344.0,363.14285714285717,62.0,64.85714285714286,465.0,484.7142857142857,141.0,115.71428571428571,172.0,245.57142857142858,297.0,356.85714285714283,340.0,341.2857142857143,6,11
2021-11-08,485,459,435,346,59,336,112,274,439,430,463.0,485.14285714285717,328.0,377.42857142857144,222.0,331.0,409.0,370.2857142857143,73.0,65.28571428571429,475.0,464.42857142857144,98.0,115.28571428571429,225.0,258.14285714285717,259.0,372.2857142857143,351.0,358.0,0,11
2021-11-09,542,356,296,392,79,538,139,188,339,341,485.0,491.7142857142857,459.0,382.42857142857144,435.0,322.0,346.0,373.14285714285717,59.0,63.57142857142857,336.0,482.85714285714283,112.0,117.42857142857143,274.0,246.28571428571428,439.0,370.7142857142857,430.0,352.42857142857144,1,11
2021-11-10,531,330,478,353,57,486,91,249,388,395,542.0,488.57142857142856,356.0,371.14285714285717,296.0,341.2857142857143,392.0,371.7142857142857,79.0,65.0,538.0,479.42857142857144,139.0,115.57142857142857,188.0,236.71428571428572,339.0,355.0,341.0,364.57142857142856,2,11
2021-11-11,519,406,366,325,47,378,89,231,387,333,531.0,489.85714285714283,330.0,363.85714285714283,478.0,357.42857142857144,353.0,364.42857142857144,57.0,58.857142857142854,486.0,458.42857142857144,91.0,110.14285714285714,249.0,230.42857142857142,388.0,355.42857142857144,395.0,370.7142857142857,3,11
2021-11-12,608,379,357,320,58,512,114,208,453,307,519.0,512.8571428571429,406.0,371.42857142857144,366.0,360.2857142857143,325.0,355.57142857142856,47.0,62.142857142857146,378.0,455.7142857142857,89.0,112.0,231.0,221.0,387.0,366.0,333.0,356.7142857142857,4,11
2021-11-13,488,448,374,321,78,485,104,189,454,416,608.0,519.4285714285714,379.0,386.57142857142856,357.0,361.14285714285717,320.0,352.2857142857143,58.0,64.42857142857143,512.0,458.57142857142856,114.0,106.71428571428571,208.0,223.42857142857142,453.0,388.42857142857144,307.0,367.57142857142856,5,11
2021-11-14,471,368,400,368,77,497,122,178,382,330,488.0,520.5714285714286,448.0,392.2857142857143,374.0,386.57142857142856,321.0,346.42857142857144,78.0,65.0,485.0,461.7142857142857,104.0,110.14285714285714,189.0,216.71428571428572,454.0,406.0,416.0,364.57142857142856,6,11
2021-11-15,580,377,322,379,83,624,86,198,407,293,471.0,534.1428571428571,368.0,380.57142857142856,400.0,370.42857142857144,368.0,351.14285714285717,77.0,68.42857142857143,497.0,502.85714285714283,122.0,106.42857142857143,178.0,205.85714285714286,382.0,401.42857142857144,330.0,345.0,0,11
2021-11-16,512,394,409,271,57,426,107,219,345,309,580.0,529.8571428571429,377.0,386.0,322.0,386.57142857142856,379.0,333.85714285714283,83.0,65.28571428571429,624.0,486.85714285714283,86.0,101.85714285714286,198.0,210.28571428571428,407.0,402.2857142857143,293.0,340.42857142857144,1,11
2021-11-17,519,487,386,340,64,448,105,316,319,329,512.0,528.1428571428571,394.0,408.42857142857144,409.0,373.42857142857144,271.0,332.0,57.0,66.28571428571429,426.0,481.42857142857144,107.0,103.85714285714286,219.0,219.85714285714286,345.0,392.42857142857144,309.0,331.0,2,11
2021-11-18,464,414,308,379,58,436,127,242,395,308,519.0,520.2857142857143,487.0,409.57142857142856,386.0,365.14285714285717,340.0,339.7142857142857,64.0,67.85714285714286,448.0,489.7142857142857,105.0,109.28571428571429,316.0,221.42857142857142,319.0,393.57142857142856,329.0,327.42857142857144,3,11
2021-11-19,517,414,339,300,72,468,78,273,376,390,464.0,507.2857142857143,414.0,414.57142857142856,308.0,362.57142857142856,379.0,336.85714285714283,58.0,69.85714285714286,436.0,483.42857142857144,127.0,104.14285714285714,242.0,230.71428571428572,395.0,382.57142857142856,308.0,339.2857142857143,4,11
2021-11-20,461,323,383,425,52,523,127,180,384,239,517.0,503.42857142857144,414.0,396.7142857142857,339.0,363.85714285714283,300.0,351.7142857142857,72.0,66.14285714285714,468.0,488.85714285714283,78.0,107.42857142857143,273.0,229.42857142857142,376.0,372.57142857142856,390.0,314.0,5,11
2021-11-21,441,395,345,386,137,506,61,223,350,336,461.0,499.14285714285717,323.0,400.57142857142856,383.0,356.0,425.0,354.2857142857143,52.0,74.71428571428571,523.0,490.14285714285717,127.0,98.71428571428571,180.0,235.85714285714286,384.0,368.0,239.0,314.85714285714283,6,11
2021-11-22,403,359,369,410,85,530,146,134,420,355,441.0,473.85714285714283,395.0,398.0,345.0,362.7142857142857,386.0,358.7142857142857,137.0,75.0,506.0,476.7142857142857,61.0,107.28571428571429,223.0,226.71428571428572,350.0,369.85714285714283,336.0,323.7142857142857,0,11
2021-11-23,459,389,434,391,126,503,95,288,342,259,403.0,466.2857142857143,359.0,397.2857142857143,369.0,366.2857142857143,410.0,375.85714285714283,85.0,84.85714285714286,530.0,487.7142857142857,146.0,105.57142857142857,134.0,236.57142857142858,420.0,369.42857142857144,355.0,316.57142857142856,1,11
2021-11-24,421,369,426,363,71,367,104,273,436,316,459.0,452.2857142857143,389.0,380.42857142857144,434.0,372.0,391.0,379.14285714285717,126.0,85.85714285714286,503.0,476.14285714285717,95.0,105.42857142857143,288.0,230.42857142857142,342.0,386.14285714285717,259.0,314.7142857142857,2,11
2021-11-25,492,404,360,343,80,499,118,212,460,305,421.0,456.2857142857143,369.0,379.0,426.0,379.42857142857144,363.0,374.0,71.0,89.0,367.0,485.14285714285717,104.0,104.14285714285714,273.0,226.14285714285714,436.0,395.42857142857144,316.0,314.2857142857143,3,11
2021-11-26,477,424,403,366,106,610,121,304,422,340,492.0,450.57142857142856,404.0,380.42857142857144,360.0,388.57142857142856,343.0,383.42857142857144,80.0,93.85714285714286,499.0,505.42857142857144,118.0,110.28571428571429,212.0,230.57142857142858,460.0,402.0,305.0,307.14285714285717,4,11
2021-11-27,481,387,373,325,59,407,61,224,389,330,477.0,453.42857142857144,424.0,389.57142857142856,403.0,387.14285714285717,366.0,369.14285714285717,106.0,94.85714285714286,610.0,488.85714285714283,121.0,100.85714285714286,304.0,236.85714285714286,422.0,402.7142857142857,340.0,320.14285714285717,5,11
2021-11-28,571,414,436,384,47,431,95,197,371,401,481.0,472.0,387.0,392.2857142857143,373.0,400.14285714285717,325.0,368.85714285714283,59.0,82.0,407.0,478.14285714285717,61.0,105.71428571428571,224.0,233.14285714285714,389.0,405.7142857142857,330.0,329.42857142857144,6,11
2021-11-29,540,463,351,375,91,467,91,248,305,414,571.0,491.57142857142856,414.0,407.14285714285717,436.0,397.57142857142856,384.0,363.85714285714283,47.0,82.85714285714286,431.0,469.14285714285717,95.0,97.85714285714286,197.0,249.42857142857142,371.0,389.2857142857143,401.0,337.85714285714283,0,11
2021-11-30,534,381,327,408,93,571,88,259,415,338,540.0,502.2857142857143,463.0,406.0,351.0,382.2857142857143,375.0,366.2857142857143,91.0,78.14285714285714,467.0,478.85714285714283,91.0,96.85714285714286,248.0,245.28571428571428,305.0,399.7142857142857,414.0,349.14285714285717,1,11
2021-12-01,496,449,433,327,89,491,92,251,258,329,534.0,513.0,381.0,417.42857142857144,327.0,383.2857142857143,408.0,361.14285714285717,93.0,80.71428571428571,571.0,496.57142857142856,88.0,95.14285714285714,259.0,242.14285714285714,415.0,374.2857142857143,338.0,351.0,2,12
2021-12-02,424,323,451,295,76,484,116,292,310,354,496.0,503.2857142857143,449.0,405.85714285714283,433.0,396.2857142857143,327.0,354.2857142857143,89.0,80.14285714285714,491.0,494.42857142857144,92.0,94.85714285714286,251.0,253.57142857142858,258.0,352.85714285714283,329.0,358.0,3,12
2021-12-03,411,390,337,369,71,460,108,270,356,312,424.0,493.85714285714283,323.0,401.0,451.0,386.85714285714283,295.0,354.7142857142857,76.0,75.14285714285714,484.0,473.0,116.0,93.0,292.0,248.71428571428572,310.0,343.42857142857144,354.0,354.0,4,12
2021-12-04,398,417,419,391,90,399,113,229,310,315,411.0,482.0,390.0,405.2857142857143,337.0,393.42857142857144,369.0,364.14285714285717,71.0,79.57142857142857,460.0,471.85714285714283,108.0,100.42857142857143,270.0,249.42857142857142,356.0,332.14285714285717,312.0,351.85714285714283,5,12
2021-12-05,425,359,307,473,81,408,95,164,254,300,398.0,461.14285714285717,417.0,397.42857142857144,419.0,375.0,391.0,376.85714285714283,90.0,84.42857142857143,399.0,468.57142857142856,113.0,100.42857142857143,229.0,244.71428571428572,310.0,315.42857142857144,315.0,337.42857142857144,6,12
2021-12-06,519,492,404,328,40,449,97,252,446,333,425.0,458.14285714285717,359.0,401.57142857142856,307.0,382.57142857142856,473.0,370.14285714285717,81.0,77.14285714285714,408.0,466.0,95.0,101.28571428571429,164.0,245.28571428571428,254.0,335.57142857142856,300.0,325.85714285714283,0,12
2021-12-07,639,351,332,488,73,574,112,285,329,304,519.0,473.14285714285717,492.0,397.2857142857143,404.0,383.2857142857143,328.0,381.57142857142856,40.0,74.28571428571429,449.0,466.42857142857144,97.0,104.71428571428571,252.0,249.0,446.0,323.2857142857143,333.0,321.0,1,12
2021-12-08,496,414,490,395,56,468,75,203,278,271,639.0,473.14285714285717,351.0,392.2857142857143,332.0,391.42857142857144,488.0,391.2857142857143,73.0,69.57142857142857,574.0,463.14285714285717,112.0,102.28571428571429,285.0,242.14285714285714,329.0,326.14285714285717,304.0,312.7142857142857,2,12
2021-12-09,540,339,424,367,57,528,99,319,314,357,496.0,489.7142857142857,414.0,394.57142857142856,490.0,387.57142857142856,395.0,401.57142857142856,56.0,66.85714285714286,468.0,469.42857142857144,75.0,99.85714285714286,203.0,246.0,278.0,326.7142857142857,271.0,313.14285714285717,3,12
2021-12-10,497,341,324,342,82,496,74,235,413,300,540.0,502.0,339.0,387.57142857142856,424.0,385.7142857142857,367.0,397.7142857142857,57.0,68.42857142857143,528.0,474.57142857142856,99.0,95.0,319.0,241.0,314.0,334.85714285714283,357.0,311.42857142857144,4,12
2021-12-11,517,323,353,416,71,512,90,195,445,311,497.0,519.0,341.0,374.14285714285717,324.0,376.2857142857143,342.0,401.2857142857143,82.0,65.71428571428571,496.0,490.7142857142857,74.0,91.71428571428571,235.0,236.14285714285714,413.0,354.14285714285717,300.0,310.85714285714283,5,12
2021-12-12,455,347,393,347,50,559,108,253,395,286,517.0,523.2857142857143,323.0,372.42857142857144,353.0,388.57142857142856,416.0,383.2857142857143,71.0,61.285714285714285,512.0,512.2857142857143,90.0,93.57142857142857,195.0,248.85714285714286,445.0,374.2857142857143,311.0,308.85714285714283,6,12
2021-12-13,556,411,396,471,70,415,93,235,266,413,455.0,528.5714285714286,347.0,360.85714285714283,393.0,387.42857142857144,347.0,403.7142857142857,50.0,65.57142857142857,559.0,507.42857142857144,108.0,93.0,253.0,246.42857142857142,395.0,348.57142857142856,286.0,320.2857142857143,0,12
2021-12-14,508,484,362,301,35,420,116,225,357,226,556.0,509.85714285714283,411.0,379.85714285714283,396.0,391.7142857142857,471.0,377.0,70.0,60.142857142857146,415.0,485.42857142857144,93.0,93.57142857142857,235.0,237.85714285714286,266.0,352.57142857142856,413.0,309.14285714285717,1,12
2021-12-15,567,488,300,336,90,451,146,278,290,343,508.0,520.0,484.0,390.42857142857144,362.0,364.57142857142856,301.0,368.57142857142856,35.0,65.0,420.0,483.0,116.0,103.71428571428571,225.0,248.57142857142858,357.0,354.2857142857143,226.0,319.42857142857144,2,12
2021-12-16,486,370,284,374,35,356,77,246,399,269,567.0,512.2857142857143,488.0,394.85714285714283,300.0,344.57142857142856,336.0,369.57142857142856,90.0,61.857142857142854,451.0,458.42857142857144,146.0,100.57142857142857,278.0,238.14285714285714,290.0,366.42857142857144,343.0,306.85714285714283,3,12
2021-12-17,496,361,351,328,105,388,147,221,389,430,486.0,512.1428571428571,370.0,397.7142857142857,284.0,348.42857142857144,374.0,367.57142857142856,35.0,65.14285714285714,356.0,443.0,77.0,111.0,246.0,236.14285714285714,399.0,363.0,269.0,325.42857142857144,4,12
2021-12-18,627,387,354,303,97,371,102,193,305,384,496.0,527.8571428571429,361.0,406.85714285714283,351.0,348.57142857142856,328.0,351.42857142857144,105.0,68.85714285714286,388.0,422.85714285714283,147.0,112.71428571428571,221.0,235.85714285714286,389.0,343.0,430.0,335.85714285714283,5,12
2021-12-19,355,403,355,310,58,496,121,218,405,366,627.0,513.5714285714286,387.0,414.85714285714283,354.0,343.14285714285717,303.0,346.14285714285717,97.0,70.0,371.0,413.85714285714283,102.0,114.57142857142857,193.0,230.85714285714286,305.0,344.42857142857144,384.0,347.2857142857143,6,12
2021-12-20,536,415,249,337,104,400,116,212,372,359,355.0,510.7142857142857,403.0,415.42857142857144,355.0,322.14285714285717,310.0,327.0,58.0,74.85714285714286,496.0,411.7142857142857,121.0,117.85714285714286,218.0,227.57142857142858,405.0,359.57142857142856,366.0,339.57142857142856,0,12
2021-12-21,514,496,442,348,49,515,106,203,373,423,536.0,511.57142857142856,415.0,417.14285714285717,249.0,333.57142857142856,337.0,333.7142857142857,104.0,76.85714285714286,400.0,425.2857142857143,116.0,116.42857142857143,212.0,224.42857142857142,372.0,361.85714285714283,359.0,367.7142857142857,1,12
2021-12-22,471,333,311,410,122,461,112,264,372,337,514.0,497.85714285714283,496.0,395.0,442.0,335.14285714285717,348.0,344.2857142857143,49.0,81.42857142857143,515.0,426.7142857142857,106.0,111.57142857142857,203.0,222.42857142857142,373.0,373.57142857142856,423.0,366.85714285714283,2,12
2021-12-23,494,423,367,406,78,411,105,220,324,395,471.0,499.0,333.0,402.57142857142856,311.0,347.0,410.0,348.85714285714283,122.0,87.57142857142857,461.0,434.57142857142856,112.0,115.57142857142857,264.0,218.71428571428572,372.0,362.85714285714283,337.0,384.85714285714283,3,12
2021-12-24,531,408,397,302,65,456,95,231,379,358,494.0,504.0,423.0,409.2857142857143,367.0,353.57142857142856,406.0,345.14285714285717,78.0,81.85714285714286,411.0,444.2857142857143,105.0,108.14285714285714,220.0,220.14285714285714,324.0,361.42857142857144,395.0,374.57142857142856,4,12
2021-12-25,478,467,364,362,56,508,107,277,288,255,531.0,482.7142857142857,408.0,420.7142857142857,397.0,355.0,302.0,353.57142857142856,65.0,76.0,456.0,463.85714285714283,95.0,108.85714285714286,231.0,232.14285714285714,379.0,359.0,358.0,356.14285714285717,5,12
2021-12-26,544,460,388,363,69,514,97,289,341,317,478.0,509.7142857142857,467.0,428.85714285714283,364.0,359.7142857142857,362.0,361.14285714285717,56.0,77.57142857142857,508.0,466.42857142857144,107.0,105.42857142857143,277.0,242.28571428571428,288.0,349.85714285714283,255.0,349.14285714285717,6,12
2021-12-27,519,447,463,362,97,397,100,215,290,311,544.0,507.2857142857143,460.0,433.42857142857144,388.0,390.2857142857143,363.0,364.7142857142857,69.0,76.57142857142857,514.0,466.0,97.0,103.14285714285714,289.0,242.71428571428572,341.0,338.14285714285717,317.0,342.2857142857143,0,12
2021-12-28,522,410,333,351,67,509,146,235,263,384,519.0,508.42857142857144,447.0,421.14285714285717,463.0,374.7142857142857,362.0,365.14285714285717,97.0,79.14285714285714,397.0,465.14285714285717,100.0,108.85714285714286,215.0,247.28571428571428,290.0,322.42857142857144,311.0,336.7142857142857,1,12
2021-12-29,486,422,309,279,80,449,115,178,309,331,522.0,510.57142857142856,410.0,433.85714285714283,333.0,374.42857142857144,351.0,346.42857142857144,67.0,73.14285714285714,509.0,463.42857142857144,146.0,109.28571428571429,235.0,235.0,263.0,313.42857142857144,384.0,335.85714285714283,2,12
2021-12-30,582,311,353,378,89,452,115,261,345,314,486.0,523.1428571428571,422.0,417.85714285714283,309.0,372.42857142857144,279.0,342.42857142857144,80.0,74.71428571428571,449.0,469.2857142857143,115.0,110.71428571428571,178.0,240.85714285714286,309.0,316.42857142857144,331.0,324.2857142857143,3,12
2021-12-31,576,387,432,344,91,445,161,255,295,345,582.0,529.5714285714286,311.0,414.85714285714283,353.0,377.42857142857144,378.0,348.42857142857144,89.0,78.42857142857143,452.0,467.7142857142857,115.0,120.14285714285714,261.0,244.28571428571428,345.0,304.42857142857144,314.0,322.42857142857144,4,12
2022-01-01,567,427,251,397,28,462,74,249,312,436,576.0,542.2857142857143,387.0,409.14285714285717,432.0,361.2857142857143,344.0,353.42857142857144,91.0,74.42857142857143,445.0,461.14285714285717,161.0,115.42857142857143,255.0,240.28571428571428,295.0,307.85714285714283,345.0,348.2857142857143,5,1
2022-01-02,486,307,411,324,104,382,112,282,466,308,567.0,534.0,427.0,387.2857142857143,251.0,364.57142857142856,397.0,347.85714285714283,28.0,79.42857142857143,462.0,442.2857142857143,74.0,117.57142857142857,249.0,239.28571428571428,312.0,325.7142857142857,436.0,347.0,6,1
2022-01-03,471,392,377,351,69,490,101,256,380,270,486.0,527.1428571428571,307.0,379.42857142857144,411.0,352.2857142857143,324.0,346.2857142857143,104.0,75.42857142857143,382.0,455.57142857142856,112.0,117.71428571428571,282.0,245.14285714285714,466.0,338.57142857142856,308.0,341.14285714285717,0,1
2022-01-04,419,369,314,496,84,478,133,259,421,236,471.0,512.4285714285714,392.0,373.57142857142856,377.0,349.57142857142856,351.0,367.0,69.0,77.85714285714286,490.0,451.14285714285717,101.0,115.85714285714286,256.0,248.57142857142858,380.0,361.14285714285717,270.0,320.0,1,1
2022-01-05,473,389,361,366,54,625,113,241,392,415,419.0,510.57142857142856,369.0,368.85714285714283,314.0,357.0,496.0,379.42857142857144,84.0,74.14285714285714,478.0,476.2857142857143,133.0,115.57142857142857,259.0,257.57142857142856,421.0,373.0,236.0,332.0,2,1
2022-01-06,501,303,410,407,90,454,74,210,351,388,473.0,499.0,389.0,367.7142857142857,361.0,365.14285714285717,366.0,383.57142857142856,54.0,74.28571428571429,625.0,476.57142857142856,113.0,109.71428571428571,241.0,250.28571428571428,392.0,373.85714285714283,415.0,342.57142857142856,3,1
2022-01-07,522,367,417,341,29,428,78,161,351,277,501.0,491.2857142857143,303.0,364.85714285714283,410.0,363.0,407.0,383.14285714285717,90.0,65.42857142857143,454.0,474.14285714285717,74.0,97.85714285714286,210.0,236.85714285714286,351.0,381.85714285714283,388.0,332.85714285714283,4,1
2022-01-08,464,406,285,370,76,428,87,255,422,319,522.0,476.57142857142856,367.0,361.85714285714283,417.0,367.85714285714283,341.0,379.2857142857143,29.0,72.28571428571429,428.0,469.2857142857143,78.0,99.71428571428571,161.0,237.71428571428572,351.0,397.57142857142856,277.0,316.14285714285717,5,1
2022-01-09,544,462,365,415,70,536,128,229,352,326,464.0,484.85714285714283,406.0,384.0,285.0,361.2857142857143,370.0,392.2857142857143,76.0,67.42857142857143,428.0,491.2857142857143,87.0,102.0,255.0,230.14285714285714,422.0,381.2857142857143,319.0,318.7142857142857,6,1
2022-01-10,543,401,271,394,87,458,77,339,372,358,544.0,495.14285714285717,462.0,385.2857142857143,365.0,346.14285714285717,415.0,398.42857142857144,70.0,70.0,536.0,486.7142857142857,128.0,98.57142857142857,229.0,242.0,352.0,380.14285714285717,326.0,331.2857142857143,0,1
2022-01-11,535,411,319,384,103,468,99,266,408,420,543.0,511.7142857142857,401.0,391.2857142857143,271.0,346.85714285714283,394.0,382.42857142857144,87.0,72.71428571428571,458.0,485.2857142857143,77.0,93.71428571428571,339.0,243.0,372.0,378.2857142857143,358.0,357.57142857142856,1,1
2022-01-12,483,363,379,419,62,570,107,219,366,395,535.0,513.1428571428571,411.0,387.57142857142856,319.0,349.42857142857144,384.0,390.0,103.0,73.85714285714286,468.0,477.42857142857144,99.0,92.85714285714286,266.0,239.85714285714286,408.0,374.57142857142856,420.0,354.7142857142857,2,1
2022-01-13,589,257,309,453,78,451,80,228,378,325,483.0,525.7142857142857,363.0,381.0,379.0,335.0,419.0,396.57142857142856,62.0,72.14285714285714,570.0,477.0,107.0,93.71428571428571,219.0,242.42857142857142,366.0,378.42857142857144,395.0,345.7142857142857,3,1
2022-01-14,490,429,409,348,57,463,108,259,393,315,589.0,521.1428571428571,257.0,389.85714285714283,309.0,333.85714285714283,453.0,397.57142857142856,78.0,76.14285714285714,451.0,482.0,80.0,98.0,228.0,256.42857142857144,378.0,384.42857142857144,325.0,351.14285714285717,4,1
2022-01-15,502,523,350,397,66,600,99,245,418,325,490.0,526.5714285714286,429.0,406.57142857142856,409.0,343.14285714285717,348.0,401.42857142857144,57.0,74.71428571428571,463.0,506.57142857142856,108.0,99.71428571428571,259.0,255.0,393.0,383.85714285714283,315.0,352.0,5,1
2022-01-16,437,463,450,385,81,457,146,291,241,403,502.0,511.2857142857143,523.0,406.7142857142857,350.0,355.2857142857143,397.0,397.14285714285717,66.0,76.28571428571429,600.0,495.2857142857143,99.0,102.28571428571429,245.0,263.85714285714283,418.0,368.0,325.0,363.0,6,1
2022-01-17,599,390,403,317,104,475,120,263,453,327,437.0,519.2857142857143,463.0,405.14285714285717,450.0,374.14285714285717,385.0,386.14285714285717,81.0,78.71428571428571,457.0,497.7142857142857,146.0,108.42857142857143,291.0,253.0,241.0,379.57142857142856,403.0,358.57142857142856,0,1
2022-01-18,626,432,361,385,92,508,80,265,317,239,599.0,532.2857142857143,390.0,408.14285714285717,403.0,380.14285714285717,317.0,386.2857142857143,104.0,77.14285714285714,475.0,503.42857142857144,120.0,105.71428571428571,263.0,252.85714285714286,453.0,366.57142857142856,327.0,332.7142857142857,1,1
2022-01-19,506,398,398,278,82,437,80,315,402,277,626.0,535.5714285714286,432.0,413.14285714285717,361.0,382.85714285714283,385.0,366.14285714285717,92.0,80.0,508.0,484.42857142857144,80.0,101.85714285714286,265.0,266.57142857142856,317.0,371.7142857142857,239.0,315.85714285714283,2,1
2022-01-20,487,367,359,350,73,427,109,224,359,318,506.0,521.0,398.0,428.85714285714283,398.0,390.0,278.0,351.42857142857144,82.0,79.28571428571429,437.0,481.0,80.0,106.0,315.0,266.0,402.0,369.0,277.0,314.85714285714283,3,1
2022-01-21,520,452,360,283,67,540,115,272,375,276,487.0,525.2857142857143,367.0,432.14285714285717,359.0,383.0,350.0,342.14285714285717,73.0,80.71428571428571,427.0,492.0,109.0,107.0,224.0,267.85714285714283,359.0,366.42857142857144,318.0,309.2857142857143,4,1
2022-01-22,483,354,264,440,67,482,72,171,348,320,520.0,522.5714285714286,452.0,408.0,360.0,370.7142857142857,283.0,348.2857142857143,67.0,80.85714285714286,540.0,475.14285714285717,115.0,103.14285714285714,272.0,257.2857142857143,375.0,356.42857142857144,276.0,308.57142857142856,5,1
2022-01-23,417,428,435,357,86,419,104,223,399,333,483.0,519.7142857142857,354.0,403.0,264.0,368.57142857142856,440.0,344.2857142857143,67.0,81.57142857142857,482.0,469.7142857142857,72.0,97.14285714285714,171.0,247.57142857142858,348.0,379.0,320.0,298.57142857142856,6,1
2022-01-24,732,442,408,267,85,482,92,263,412,340,417.0,538.7142857142857,428.0,410.42857142857144,435.0,369.2857142857143,357.0,337.14285714285717,86.0,78.85714285714286,419.0,470.7142857142857,104.0,93.14285714285714,223.0,247.57142857142858,399.0,373.14285714285717,333.0,300.42857142857144,0,1
2022-01-25,441,453,421,382,101,545,102,278,378,376,732.0,512.2857142857143,442.0,413.42857142857144,408.0,377.85714285714283,267.0,336.7142857142857,85.0,80.14285714285714,482.0,476.0,92.0,96.28571428571429,263.0,249.42857142857142,412.0,381.85714285714283,340.0,320.0,1,1
2022-01-26,521,396,334,353,31,420,100,263,316,252,441.0,514.4285714285714,453.0,413.14285714285717,421.0,368.7142857142857,382.0,347.42857142857144,101.0,72.85714285714286,545.0,473.57142857142856,102.0,99.14285714285714,278.0,242.0,378.0,369.57142857142856,376.0,316.42857142857144,2,1
2022-01-27,407,342,378,325,71,524,92,271,327,302,521.0,503.0,396.0,409.57142857142856,334.0,371.42857142857144,353.0,343.85714285714283,31.0,72.57142857142857,420.0,487.42857142857144,100.0,96.71428571428571,263.0,248.71428571428572,316.0,365.0,252.0,314.14285714285717,3,1
2022-01-28,541,402,384,302,70,517,102,259,414,319,407.0,506.0,342.0,402.42857142857144,378.0,374.85714285714283,325.0,346.57142857142856,71.0,73.0,524.0,484.14285714285717,92.0,94.85714285714286,271.0,246.85714285714286,327.0,370.57142857142856,302.0,320.2857142857143,4,1
2022-01-29,573,365,279,424,102,463,118,376,387,249,541.0,518.8571428571429,402.0,404.0,384.0,377.0,302.0,344.2857142857143,70.0,78.0,517.0,481.42857142857144,102.0,101.42857142857143,259.0,276.14285714285717,414.0,376.14285714285717,319.0,310.14285714285717,5,1
2022-01-30,598,347,305,346,106,516,128,244,268,305,573.0,544.7142857142857,365.0,392.42857142857144,279.0,358.42857142857144,424.0,342.7142857142857,102.0,80.85714285714286,463.0,495.2857142857143,118.0,104.85714285714286,376.0,279.14285714285717,387.0,357.42857142857144,249.0,306.14285714285717,6,1
2022-01-31,452,405,374,364,66,456,85,194,406,258,598.0,504.7142857142857,347.0,387.14285714285717,305.0,353.57142857142856,346.0,356.57142857142856,106.0,78.14285714285714,516.0,491.57142857142856,128.0,103.85714285714286,244.0,269.2857142857143,268.0,356.57142857142856,305.0,294.42857142857144,0,1
2022-02-01,537,389,369,345,76,511,120,303,312,274,452.0,518.4285714285714,405.0,378.0,374.0,346.14285714285717,364.0,351.2857142857143,66.0,74.57142857142857,456.0,486.7142857142857,85.0,106.42857142857143,194.0,272.85714285714283,406.0,347.14285714285717,258.0,279.85714285714283,1,2
2022-02-02,452,386,341,330,94,485,87,339,450,351,537.0,508.57142857142856,389.0,376.57142857142856,369.0,347.14285714285717,345.0,348.0,76.0,83.57142857142857,511.0,496.0,120.0,104.57142857142857,303.0,283.7142857142857,312.0,366.2857142857143,274.0,294.0,2,2
2022-02-03,500,362,410,343,75,554,89,208,375,304,452.0,521.8571428571429,386.0,379.42857142857144,341.0,351.7142857142857,330.0,350.57142857142856,94.0,84.14285714285714,485.0,500.2857142857143,87.0,104.14285714285714,339.0,274.7142857142857,450.0,373.14285714285717,351.0,294.2857142857143,3,2
2022-02-04,409,302,406,183,89,499,129,201,308,314,500.0,503.0,362.0,365.14285714285717,410.0,354.85714285714283,343.0,333.57142857142856,75.0,86.85714285714286,554.0,497.7142857142857,89.0,108.0,208.0,266.42857142857144,375.0,358.0,304.0,293.57142857142856,4,2
2022-02-05,481,372,442,415,36,470,132,240,324,341,409.0,489.85714285714283,302.0,366.14285714285717,406.0,378.14285714285717,183.0,332.2857142857143,89.0,77.42857142857143,499.0,498.7142857142857,129.0,110.0,201.0,247.0,308.0,349.0,314.0,306.7142857142857,5,2
2022-02-06,422,370,377,381,41,496,69,260,462,326,481.0,464.7142857142857,372.0,369.42857142857144,442.0,388.42857142857144,415.0,337.2857142857143,36.0,68.14285714285714,470.0,495.85714285714283,132.0,101.57142857142857,240.0,249.28571428571428,324.0,376.7142857142857,341.0,309.7142857142857,6,2
2022-02-07,478,362,363,361,57,523,61,264,381,259,422.0,468.42857142857144,370.0,363.2857142857143,377.0,386.85714285714283,381.0,336.85714285714283,41.0,66.85714285714286,496.0,505.42857142857144,69.0,98.14285714285714,260.0,259.2857142857143,462.0,373.14285714285717,326.0,309.85714285714283,0,2
2022-02-08,529,297,355,288,68,491,106,241,361,299,478.0,467.2857142857143,362.0,350.14285714285717,363.0,384.85714285714283,361.0,328.7142857142857,57.0,65.71428571428571,523.0,502.57142857142856,61.0,96.14285714285714,264.0,250.42857142857142,381.0,380.14285714285717,259.0,313.42857142857144,1,2
2022-02-09,502,316,322,366,63,374,81,250,371,482,529.0,474.42857142857144,297.0,340.14285714285717,355.0,382.14285714285717,288.0,333.85714285714283,68.0,61.285714285714285,491.0,486.7142857142857,106.0,95.28571428571429,241.0,237.71428571428572,361.0,368.85714285714283,299.0,332.14285714285717,2,2
2022-02-10,594,460,401,315,26,543,158,249,414,383,502.0,487.85714285714283,316.0,354.14285714285717,322.0,380.85714285714283,366.0,329.85714285714283,63.0,54.285714285714285,374.0,485.14285714285717,81.0,105.14285714285714,250.0,243.57142857142858,371.0,374.42857142857144,482.0,343.42857142857144,3,2
2022-02-11,553,568,405,290,76,439,136,355,316,365,594.0,508.42857142857144,460.0,392.14285714285717,401.0,380.7142857142857,315.0,345.14285714285717,26.0,52.42857142857143,543.0,476.57142857142856,158.0,106.14285714285714,249.0,265.57142857142856,414.0,375.57142857142856,383.0,350.7142857142857,4,2
2022-02-12,535,394,321,343,118,590,103,200,312,347,553.0,516.1428571428571,568.0,395.2857142857143,405.0,363.42857142857144,290.0,334.85714285714283,76.0,64.14285714285714,439.0,493.7142857142857,136.0,102.0,355.0,259.85714285714283,316.0,373.85714285714283,365.0,351.57142857142856,5,2
2022-02-13,608,421,401,320,55,528,149,243,422,329,535.0,542.7142857142857,394.0,402.57142857142856,321.0,366.85714285714283,343.0,326.14285714285717,118.0,66.14285714285714,590.0,498.2857142857143,103.0,113.42857142857143,200.0,257.42857142857144,312.0,368.14285714285717,347.0,352.0,6,2
2022-02-14,454,367,352,377,32,388,138,311,322,295,608.0,539.2857142857143,421.0,403.2857142857143,401.0,365.2857142857143,320.0,328.42857142857144,55.0,62.57142857142857,528.0,479.0,149.0,124.42857142857143,243.0,264.14285714285717,422.0,359.7142857142857,329.0,357.14285714285717,0,2
2022-02-15,586,435,355,375,92,440,131,232,269,313,454.0,547.4285714285714,367.0,423.0,352.0,365.2857142857143,377.0,340.85714285714283,32.0,66.0,388.0,471.7142857142857,138.0,128.0,311.0,262.85714285714283,322.0,346.57142857142856,295.0,359.14285714285717,1,2
2022-02-16,430,421,426,394,65,451,121,231,385,428,586.0,537.1428571428571,435.0,438.0,355.0,380.14285714285717,375.0,344.85714285714283,92.0,66.28571428571429,440.0,482.7142857142857,131.0,133.71428571428572,232.0,260.14285714285717,269.0,348.57142857142856,313.0,351.42857142857144,2,2
2022-02-17,448,500,422,401,83,541,62,322,326,390,430.0,516.2857142857143,421.0,443.7142857142857,426.0,383.14285714285717,394.0,357.14285714285717,65.0,74.42857142857143,451.0,482.42857142857144,121.0,120.0,231.0,270.57142857142856,385.0,336.0,428.0,352.42857142857144,3,2
2022-02-18,533,397,386,318,96,497,122,263,375,347,448.0,513.4285714285714,500.0,419.2857142857143,422.0,380.42857142857144,401.0,361.14285714285717,83.0,77.28571428571429,541.0,490.7142857142857,62.0,118.0,322.0,257.42857142857144,326.0,344.42857142857144,390.0,349.85714285714283,4,2
2022-02-19,532,427,487,351,87,506,117,251,306,431,533.0,513.0,397.0,424.0,386.0,404.14285714285717,318.0,362.2857142857143,96.0,72.85714285714286,497.0,478.7142857142857,122.0,120.0,263.0,264.7142857142857,375.0,343.57142857142856,347.0,361.85714285714283,5,2
2022-02-20,407,416,379,326,62,510,97,261,334,240,532.0,484.2857142857143,427.0,423.2857142857143,487.0,401.0,351.0,363.14285714285717,87.0,73.85714285714286,506.0,476.14285714285717,117.0,112.57142857142857,251.0,267.2857142857143,306.0,331.0,431.0,349.14285714285717,6,2
2022-02-21,501,419,396,363,113,489,80,383,390,386,407.0,491.0,416.0,430.7142857142857,379.0,407.2857142857143,326.0,361.14285714285717,62.0,85.42857142857143,510.0,490.57142857142856,97.0,104.28571428571429,261.0,277.57142857142856,334.0,340.7142857142857,240.0,362.14285714285717,0,2
2022-02-22,611,404,382,369,89,400,99,254,400,284,501.0,494.57142857142856,419.0,426.2857142857143,396.0,411.14285714285717,363.0,360.2857142857143,113.0,85.0,489.0,484.85714285714283,80.0,99.71428571428571,383.0,280.7142857142857,390.0,359.42857142857144,386.0,358.0,1,2
2022-02-23,388,358,307,362,97,515,144,288,289,351,611.0,488.57142857142856,404.0,417.2857142857143,382.0,394.14285714285717,369.0,355.7142857142857,89.0,89.57142857142857,400.0,494.0,99.0,103.0,254.0,288.85714285714283,400.0,345.7142857142857,284.0,347.0,2,2
2022-02-24,498,365,315,316,124,549,105,300,413,330,388.0,495.7142857142857,358.0,398.0,307.0,378.85714285714283,362.0,343.57142857142856,97.0,95.42857142857143,515.0,495.14285714285717,144.0,109.14285714285714,288.0,285.7142857142857,289.0,358.14285714285717,351.0,338.42857142857144,3,2
2022-02-25,482,401,399,321,71,486,112,279,338,300,498.0,488.42857142857144,365.0,398.57142857142856,315.0,380.7142857142857,316.0,344.0,124.0,91.85714285714286,549.0,493.57142857142856,105.0,107.71428571428571,300.0,288.0,413.0,352.85714285714283,330.0,331.7142857142857,4,2
2022-02-26,483,494,371,396,86,591,100,233,411,262,482.0,481.42857142857144,401.0,408.14285714285717,399.0,364.14285714285717,321.0,350.42857142857144,71.0,91.71428571428571,486.0,505.7142857142857,112.0,105.28571428571429,279.0,285.42857142857144,338.0,367.85714285714283,300.0,307.57142857142856,5,2
2022-02-27,540,327,322,267,107,552,76,237,368,349,483.0,500.42857142857144,494.0,395.42857142857144,371.0,356.0,396.0,342.0,86.0,98.14285714285714,591.0,511.7142857142857,100.0,102.28571428571429,233.0,282.0,411.0,372.7142857142857,262.0,323.14285714285717,6,2
2022-02-28,488,365,310,426,79,429,138,204,370,331,540.0,498.57142857142856,327.0,387.7142857142857,322.0,343.7142857142857,267.0,351.0,107.0,93.28571428571429,552.0,503.14285714285717,76.0,110.57142857142857,237.0,256.42857142857144,368.0,369.85714285714283,349.0,315.2857142857143,0,2
2022-03-01,554,277,410,360,128,408,113,332,370,324,488.0,490.42857142857144,365.0,369.57142857142856,310.0,347.7142857142857,426.0,349.7142857142857,79.0,98.85714285714286,429.0,504.2857142857143,138.0,112.57142857142857,204.0,267.57142857142856,370.0,365.57142857142856,331.0,321.0,1,3
2022-03-02,635,401,418,407,88,330,102,244,374,363,554.0,525.7142857142857,277.0,375.7142857142857,410.0,363.57142857142856,360.0,356.14285714285717,128.0,97.57142857142857,408.0,477.85714285714283,113.0,106.57142857142857,332.0,261.2857142857143,370.0,377.7142857142857,324.0,322.7142857142857,2,3
2022-03-03,545,566,388,382,72,512,131,246,526,235,635.0,532.4285714285714,401.0,404.42857142857144,418.0,374.0,407.0,365.57142857142856,88.0,90.14285714285714,330.0,472.57142857142856,102.0,110.28571428571429,244.0,253.57142857142858,374.0,393.85714285714283,363.0,309.14285714285717,3,3
2022-03-04,502,433,410,453,71,448,77,259,373,325,545.0,535.2857142857143,566.0,409.0,388.0,375.57142857142856,382.0,384.42857142857144,72.0,90.14285714285714,512.0,467.14285714285717,131.0,105.28571428571429,246.0,250.71428571428572,526.0,398.85714285714283,235.0,312.7142857142857,4,3
2022-03-05,557,422,327,377,63,485,139,286,488,353,502.0,545.8571428571429,433.0,398.7142857142857,410.0,369.2857142857143,453.0,381.7142857142857,71.0,86.85714285714286,448.0,452.0,77.0,110.85714285714286,259.0,258.2857142857143,373.0,409.85714285714283,325.0,325.7142857142857,5,3
2022-03-06,570,412,412,477,50,417,97,265,327,312,557.0,550.1428571428571,422.0,410.85714285714283,327.0,382.14285714285717,377.0,411.7142857142857,63.0,78.71428571428571,485.0,432.7142857142857,139.0,113.85714285714286,286.0,262.2857142857143,488.0,404.0,353.0,320.42857142857144,6,3
2022-03-07,455,355,436,274,106,607,119,307,301,325,570.0,545.4285714285714,412.0,409.42857142857144,412.0,400.14285714285717,477.0,390.0,50.0,82.57142857142857,417.0,458.14285714285717,97.0,111.14285714285714,265.0,277.0,327.0,394.14285714285717,312.0,319.57142857142856,0,3
2022-03-08,604,388,366,372,49,459,91,206,400,397,455.0,552.5714285714286,355.0,425.2857142857143,436.0,393.85714285714283,274.0,391.7142857142857,106.0,71.28571428571429,607.0,465.42857142857144,119.0,108.0,307.0,259.0,301.0,398.42857142857144,325.0,330.0,1,3
2022-03-09,563,374,317,330,75,433,147,262,301,327,604.0,542.2857142857143,388.0,421.42857142857144,366.0,379.42857142857144,372.0,380.7142857142857,49.0,69.42857142857143,459.0,480.14285714285717,91.0,114.42857142857143,206.0,261.57142857142856,400.0,388.0,397.0,324.85714285714283,2,3
2022-03-10,414,353,421,273,40,447,114,231,384,284,563.0,523.5714285714286,374.0,391.0,317.0,384.14285714285717,330.0,365.14285714285717,75.0,64.85714285714286,433.0,470.85714285714283,147.0,112.0,262.0,259.42857142857144,301.0,367.7142857142857,327.0,331.85714285714283,3,3
2022-03-11,516,477,300,381,78,440,125,343,391,336,414.0,525.5714285714286,353.0,397.2857142857143,421.0,368.42857142857144,273.0,354.85714285714283,40.0,65.85714285714286,447.0,469.7142857142857,114.0,118.85714285714286,231.0,271.42857142857144,384.0,370.2857142857143,284.0,333.42857142857144,4,3
2022-03-12,462,448,376,324,121,530,71,269,422,335,516.0,512.0,477.0,401.0,300.0,375.42857142857144,381.0,347.2857142857143,78.0,74.14285714285714,440.0,476.14285714285717,125.0,109.14285714285714,343.0,269.0,391.0,360.85714285714283,336.0,330.85714285714283,5,3
2022-03-13,549,386,339,363,65,596,123,285,344,324,462.0,509.0,448.0,397.2857142857143,376.0,365.0,324.0,331.0,121.0,76.28571428571429,530.0,501.7142857142857,71.0,112.85714285714286,269.0,271.85714285714283,422.0,363.2857142857143,335.0,332.57142857142856,6,3
2022-03-14,477,422,386,395,55,526,182,239,344,330,549.0,512.1428571428571,386.0,406.85714285714283,339.0,357.85714285714283,363.0,348.2857142857143,65.0,69.0,596.0,490.14285714285717,123.0,121.85714285714286,285.0,262.14285714285717,344.0,369.42857142857144,324.0,333.2857142857143,0,3
2022-03-15,566,338,361,340,78,527,70,287,385,340,477.0,506.7142857142857,422.0,399.7142857142857,386.0,357.14285714285717,395.0,343.7142857142857,55.0,73.14285714285714,526.0,499.85714285714283,182.0,118.85714285714286,239.0,273.7142857142857,344.0,367.2857142857143,330.0,325.14285714285717,1,3
2022-03-16,512,371,311,324,68,529,132,189,400,313,566.0,499.42857142857144,338.0,399.2857142857143,361.0,356.2857142857143,340.0,342.85714285714283,78.0,72.14285714285714,527.0,513.5714285714286,70.0,116.71428571428571,287.0,263.2857142857143,385.0,381.42857142857144,340.0,323.14285714285717,2,3
2022-03-17,506,418,344,366,79,565,110,169,441,310,512.0,512.5714285714286,371.0,408.57142857142856,311.0,345.2857142857143,324.0,356.14285714285717,68.0,77.71428571428571,529.0,530.4285714285714,132.0,116.14285714285714,189.0,254.42857142857142,400.0,389.57142857142856,313.0,326.85714285714283,3,3
2022-03-18,613,439,431,409,96,404,102,285,340,340,506.0,526.4285714285714,418.0,403.14285714285717,344.0,364.0,366.0,360.14285714285717,79.0,80.28571428571429,565.0,525.2857142857143,110.0,112.85714285714286,169.0,246.14285714285714,441.0,382.2857142857143,310.0,327.42857142857144,4,3
2022-03-19,584,437,327,346,82,542,122,295,285,337,613.0,543.8571428571429,439.0,401.57142857142856,431.0,357.0,409.0,363.2857142857143,96.0,74.71428571428571,404.0,527.0,102.0,120.14285714285714,285.0,249.85714285714286,340.0,362.7142857142857,340.0,327.7142857142857,5,3
2022-03-20,581,462,392,417,82,509,110,225,438,490,584.0,548.4285714285714,437.0,412.42857142857144,327.0,364.57142857142856,346.0,371.0,82.0,77.14285714285714,542.0,514.5714285714286,122.0,118.28571428571429,295.0,241.28571428571428,285.0,376.14285714285717,337.0,351.42857142857144,6,3
2022-03-21,453,376,358,387,132,463,75,245,427,296,581.0,545.0,462.0,405.85714285714283,392.0,360.57142857142856,417.0,369.85714285714283,82.0,88.14285714285714,509.0,505.57142857142856,110.0,103.0,225.0,242.14285714285714,438.0,388.0,490.0,346.57142857142856,0,3
2022-03-22,496,352,279,348,136,493,79,207,429,271,453.0,535.0,376.0,407.85714285714283,358.0,348.85714285714283,387.0,371.0,132.0,96.42857142857143,463.0,500.7142857142857,75.0,104.28571428571429,245.0,230.71428571428572,427.0,394.2857142857143,296.0,336.7142857142857,1,3
2022-03-23,650,330,438,334,45,427,88,275,275,454,496.0,554.7142857142857,352.0,402.0,279.0,367.0,348.0,372.42857142857144,136.0,93.14285714285714,493.0,486.14285714285717,79.0,98.0,207.0,243.0,429.0,376.42857142857144,271.0,356.85714285714283,2,3
2022-03-24,429,444,266,340,53,504,119,310,379,377,650.0,543.7142857142857,330.0,405.7142857142857,438.0,355.85714285714283,334.0,368.7142857142857,45.0,89.42857142857143,427.0,477.42857142857144,88.0,99.28571428571429,275.0,263.14285714285717,275.0,367.57142857142856,454.0,366.42857142857144,3,3
2022-03-25,550,440,409,400,83,472,99,216,263,281,429.0,534.7142857142857,444.0,405.85714285714283,266.0,352.7142857142857,340.0,367.42857142857144,53.0,87.57142857142857,504.0,487.14285714285717,119.0,98.85714285714286,310.0,253.28571428571428,379.0,356.57142857142856,377.0,358.0,4,3
2022-03-26,544,404,310,242,68,417,116,220,432,267,550.0,529.0,440.0,401.14285714285717,409.0,350.2857142857143,400.0,352.57142857142856,83.0,85.57142857142857,472.0,469.2857142857143,99.0,98.0,216.0,242.57142857142858,263.0,377.57142857142856,281.0,348.0,5,3
2022-03-27,567,351,377,327,72,406,69,250,361,225,544.0,527.0,404.0,385.2857142857143,310.0,348.14285714285717,242.0,339.7142857142857,68.0,84.14285714285714,417.0,454.57142857142856,116.0,92.14285714285714,220.0,246.14285714285714,432.0,366.57142857142856,267.0,310.14285714285717,6,3
2022-03-28,491,356,387,374,34,547,136,258,465,353,567.0,532.4285714285714,351.0,382.42857142857144,377.0,352.2857142857143,327.0,337.85714285714283,72.0,70.14285714285714,406.0,466.57142857142856,69.0,100.85714285714286,250.0,248.0,361.0,372.0,225.0,318.2857142857143,0,3
2022-03-29,539,457,365,315,41,469,114,266,365,325,491.0,538.5714285714286,356.0,397.42857142857144,387.0,364.57142857142856,374.0,333.14285714285717,34.0,56.57142857142857,547.0,463.14285714285717,136.0,105.85714285714286,258.0,256.42857142857144,465.0,362.85714285714283,353.0,326.0,1,3
2022-03-30,538,462,317,429,119,384,73,208,348,301,539.0,522.5714285714286,457.0,416.2857142857143,365.0,347.2857142857143,315.0,346.7142857142857,41.0,67.14285714285714,469.0,457.0,114.0,103.71428571428571,266.0,246.85714285714286,365.0,373.2857142857143,325.0,304.14285714285717,2,3
2022-03-31,537,416,349,278,80,482,54,223,432,355,538.0,538.0,462.0,412.2857142857143,317.0,359.14285714285717,429.0,337.85714285714283,119.0,71.0,384.0,453.85714285714283,73.0,94.42857142857143,208.0,234.42857142857142,348.0,380.85714285714283,301.0,301.0,3,3
2022-04-01,497,354,335,348,110,576,72,265,302,353,537.0,530.4285714285714,416.0,400.0,349.0,348.57142857142856,278.0,330.42857142857144,80.0,74.85714285714286,482.0,468.7142857142857,54.0,90.57142857142857,223.0,241.42857142857142,432.0,386.42857142857144,355.0,311.2857142857143,4,4
2022-04-02,582,399,404,322,134,534,177,305,330,253,497.0,535.8571428571429,354.0,399.2857142857143,335.0,362.0,348.0,341.85714285714283,110.0,84.28571428571429,576.0,485.42857142857144,72.0,99.28571428571429,265.0,253.57142857142858,302.0,371.85714285714283,353.0,309.2857142857143,5,4
2022-04-03,457,413,346,358,90,440,137,272,303,301,582.0,520.1428571428571,399.0,408.14285714285717,404.0,357.57142857142856,322.0,346.2857142857143,134.0,86.85714285714286,534.0,490.2857142857143,177.0,109.0,305.0,256.7142857142857,330.0,363.57142857142856,253.0,320.14285714285717,6,4
2022-04-04,471,369,383,300,83,488,119,250,323,250,457.0,517.2857142857143,413.0,410.0,346.0,357.0,358.0,335.7142857142857,90.0,93.85714285714286,440.0,481.85714285714283,137.0,106.57142857142857,272.0,255.57142857142858,303.0,343.2857142857143,301.0,305.42857142857144,0,4
2022-04-05,529,374,311,305,53,396,91,185,486,318,471.0,515.8571428571429,369.0,398.14285714285717,383.0,349.2857142857143,300.0,334.2857142857143,83.0,95.57142857142857,488.0,471.42857142857144,119.0,103.28571428571429,250.0,244.0,323.0,360.57142857142856,250.0,304.42857142857144,1,4
2022-04-06,560,413,448,253,103,395,59,333,385,337,529.0,519.0,374.0,391.14285714285717,311.0,368.0,305.0,309.14285714285717,53.0,93.28571428571429,396.0,473.0,91.0,101.28571428571429,185.0,261.85714285714283,486.0,365.85714285714283,318.0,309.57142857142856,2,4
2022-04-07,545,393,432,453,83,474,99,202,300,277,560.0,520.1428571428571,413.0,387.85714285714283,448.0,379.85714285714283,253.0,334.14285714285717,103.0,93.71428571428571,395.0,471.85714285714283,59.0,107.71428571428571,333.0,258.85714285714283,385.0,347.0,337.0,298.42857142857144,3,4
2022-04-08,570,383,302,330,56,493,104,253,445,350,545.0,530.5714285714286,393.0,392.0,432.0,375.14285714285717,453.0,331.57142857142856,83.0,86.0,474.0,460.0,99.0,112.28571428571429,202.0,257.14285714285717,300.0,367.42857142857144,277.0,298.0,4,4
2022-04-09,458,457,276,351,68,487,94,279,274,340,570.0,512.8571428571429,383.0,400.2857142857143,302.0,356.85714285714283,330.0,335.7142857142857,56.0,76.57142857142857,493.0,453.2857142857143,104.0,100.42857142857143,253.0,253.42857142857142,445.0,359.42857142857144,350.0,310.42857142857144,5,4
2022-04-10,453,384,348,416,123,442,88,211,358,244,458.0,512.2857142857143,457.0,396.14285714285717,276.0,357.14285714285717,351.0,344.0,68.0,81.28571428571429,487.0,453.57142857142856,94.0,93.42857142857143,279.0,244.71428571428572,274.0,367.2857142857143,340.0,302.2857142857143,6,4
2022-04-11,473,332,320,408,94,452,106,231,354,292,453.0,512.5714285714286,384.0,390.85714285714283,348.0,348.14285714285717,416.0,359.42857142857144,123.0,82.85714285714286,442.0,448.42857142857144,88.0,91.57142857142857,211.0,242.0,358.0,371.7142857142857,244.0,308.2857142857143,0,4
2022-04-12,573,340,294,397,54,538,118,208,286,305,473.0,518.8571428571429,332.0,386.0,320.0,345.7142857142857,408.0,372.57142857142856,94.0,83.0,452.0,468.7142857142857,106.0,95.42857142857143,231.0,245.28571428571428,354.0,343.14285714285717,292.0,306.42857142857144,1,4
2022-04-13,436,350,434,362,89,379,118,307,385,357,573.0,501.14285714285717,340.0,377.0,294.0,343.7142857142857,397.0,388.14285714285717,54.0,81.0,538.0,466.42857142857144,118.0,103.85714285714286,208.0,241.57142857142858,286.0,343.14285714285717,305.0,309.2857142857143,2,4
2022-04-14,483,469,321,361,106,516,87,253,386,282,436.0,492.2857142857143,350.0,387.85714285714283,434.0,327.85714285714283,362.0,375.0,89.0,84.28571428571429,379.0,472.42857142857144,118.0,102.14285714285714,307.0,248.85714285714286,385.0,355.42857142857144,357.0,310.0,3,4
2022-04-15,440,490,306,409,60,432,145,285,286,373,483.0,473.7142857142857,469.0,403.14285714285717,321.0,328.42857142857144,361.0,386.2857142857143,106.0,84.85714285714286,516.0,463.7142857142857,87.0,108.0,253.0,253.42857142857142,386.0,332.7142857142857,282.0,313.2857142857143,4,4
2022-04-16,466,384,417,479,90,353,139,434,316,324,440.0,474.85714285714283,490.0,392.7142857142857,306.0,348.57142857142856,409.0,404.57142857142856,60.0,88.0,432.0,444.57142857142856,145.0,114.42857142857143,285.0,275.57142857142856,286.0,338.7142857142857,373.0,311.0,5,4
2022-04-17,522,400,255,407,110,503,112,208,312,439,466.0,484.7142857142857,384.0,395.0,417.0,335.2857142857143,479.0,403.2857142857143,90.0,86.14285714285714,353.0,453.2857142857143,139.0,117.85714285714286,434.0,275.14285714285717,316.0,332.14285714285717,324.0,338.85714285714283,6,4
2022-04-18,492,398,361,380,103,457,107,269,339,277,522.0,487.42857142857144,400.0,404.42857142857144,255.0,341.14285714285717,407.0,399.2857142857143,110.0,87.42857142857143,503.0,454.0,112.0,118.0,208.0,280.57142857142856,312.0,330.0,439.0,336.7142857142857,0,4
2022-04-19,487,421,301,318,57,434,105,203,337,399,492.0,475.14285714285717,398.0,416.0,361.0,342.14285714285717,380.0,388.0,103.0,87.85714285714286,457.0,439.14285714285717,107.0,116.14285714285714,269.0,279.85714285714283,339.0,337.2857142857143,277.0,350.14285714285717,1,4
2022-04-20,516,351,439,346,87,480,66,244,407,350,487.0,486.57142857142856,421.0,416.14285714285717,301.0,342.85714285714283,318.0,385.7142857142857,57.0,87.57142857142857,434.0,453.57142857142856,105.0,108.71428571428571,203.0,270.85714285714283,337.0,340.42857142857144,399.0,349.14285714285717,2,4
2022-04-21,532,455,324,321,65,490,170,209,332,443,516.0,493.57142857142856,351.0,414.14285714285717,439.0,343.2857142857143,346.0,380.0,87.0,81.71428571428571,480.0,449.85714285714283,66.0,120.57142857142857,244.0,264.57142857142856,407.0,332.7142857142857,350.0,372.14285714285717,3,4
2022-04-22,529,365,438,385,71,432,94,204,293,277,532.0,506.2857142857143,455.0,396.2857142857143,324.0,362.14285714285717,321.0,376.57142857142856,65.0,83.28571428571429,490.0,449.85714285714283,170.0,113.28571428571429,209.0,253.0,332.0,333.7142857142857,443.0,358.42857142857144,4,4
2022-04-23,533,451,327,356,106,490,97,205,352,374,529.0,515.8571428571429,365.0,405.85714285714283,438.0,349.2857142857143,385.0,359.0,71.0,85.57142857142857,432.0,469.42857142857144,94.0,107.28571428571429,204.0,220.28571428571428,293.0,338.85714285714283,277.0,365.57142857142856,5,4
2022-04-24,460,386,379,403,84,449,85,221,392,331,533.0,507.0,451.0,403.85714285714283,327.0,367.0,356.0,358.42857142857144,106.0,81.85714285714286,490.0,461.7142857142857,97.0,103.42857142857143,205.0,222.14285714285714,352.0,350.2857142857143,374.0,350.14285714285717,6,4
2022-04-25,486,339,372,316,87,527,75,232,370,339,460.0,506.14285714285717,386.0,395.42857142857144,379.0,368.57142857142856,403.0,349.2857142857143,84.0,79.57142857142857,449.0,471.7142857142857,85.0,98.85714285714286,221.0,216.85714285714286,392.0,354.7142857142857,331.0,359.0,0,4
2022-04-26,517,348,368,335,48,582,121,160,331,307,486.0,510.42857142857144,339.0,385.0,372.0,378.14285714285717,316.0,351.7142857142857,87.0,78.28571428571429,527.0,492.85714285714283,75.0,101.14285714285714,232.0,210.71428571428572,370.0,353.85714285714283,339.0,345.85714285714283,1,4
2022-04-27,539,404,304,373,62,502,97,206,411,317,517.0,513.7142857142857,348.0,392.57142857142856,368.0,358.85714285714283,335.0,355.57142857142856,48.0,74.71428571428571,582.0,496.0,121.0,105.57142857142857,160.0,205.28571428571428,331.0,354.42857142857144,307.0,341.14285714285717,2,4
2022-04-28,416,445,453,386,68,553,148,232,334,446,539.0,497.14285714285717,404.0,391.14285714285717,304.0,377.2857142857143,373.0,364.85714285714283,62.0,75.14285714285714,502.0,505.0,97.0,102.42857142857143,206.0,208.57142857142858,411.0,354.7142857142857,317.0,341.57142857142856,3,4
2022-04-29,537,391,290,392,73,550,121,279,316,320,416.0,498.2857142857143,445.0,394.85714285714283,453.0,356.14285714285717,386.0,365.85714285714283,68.0,75.42857142857143,553.0,521.8571428571429,148.0,106.28571428571429,232.0,219.28571428571428,334.0,358.0,446.0,347.7142857142857,4,4
2022-04-30,523,391,287,388,51,487,96,222,296,319,537.0,496.85714285714283,391.0,386.2857142857143,290.0,350.42857142857144,392.0,370.42857142857144,73.0,67.57142857142857,550.0,521.4285714285714,121.0,106.14285714285714,279.0,221.71428571428572,316.0,350.0,320.0,339.85714285714283,5,4
2022-05-01,489,424,434,362,94,387,44,280,437,325,523.0,501.0,391.0,391.7142857142857,287.0,358.2857142857143,388.0,364.57142857142856,51.0,69.0,487.0,512.5714285714286,96.0,100.28571428571429,222.0,230.14285714285714,296.0,356.42857142857144,319.0,339.0,6,5
2022-05-02,583,390,310,362,83,437,143,222,377,259,489.0,514.8571428571429,424.0,399.0,434.0,349.42857142857144,362.0,371.14285714285717,94.0,68.42857142857143,387.0,499.7142857142857,44.0,110.0,280.0,228.71428571428572,437.0,357.42857142857144,325.0,327.57142857142856,0,5
2022-05-03,516,360,247,268,48,526,91,254,370,331,583.0,514.7142857142857,390.0,400.7142857142857,310.0,332.14285714285717,362.0,361.57142857142856,83.0,68.42857142857143,437.0,491.7142857142857,143.0,105.71428571428571,222.0,242.14285714285714,377.0,363.0,259.0,331.0,1,5
2022-05-04,504,424,330,374,101,514,76,264,364,325,516.0,509.7142857142857,360.0,403.57142857142856,247.0,335.85714285714283,268.0,361.7142857142857,48.0,74.0,526.0,493.42857142857144,91.0,102.71428571428571,254.0,250.42857142857142,370.0,356.2857142857143,331.0,332.14285714285717,2,5
2022-05-05,462,409,318,355,57,539,116,269,379,365,504.0,516.2857142857143,424.0,398.42857142857144,330.0,316.57142857142856,374.0,357.2857142857143,101.0,72.42857142857143,514.0,491.42857142857144,76.0,98.14285714285714,264.0,255.71428571428572,364.0,362.7142857142857,325.0,320.57142857142856,3,5
2022-05-06,512,380,385,391,93,427,85,220,367,263,462.0,512.7142857142857,409.0,396.85714285714283,318.0,330.14285714285717,355.0,357.14285714285717,57.0,75.28571428571429,539.0,473.85714285714283,116.0,93.0,269.0,247.28571428571428,379.0,370.0,365.0,312.42857142857144,4,5
2022-05-07,562,329,356,420,42,484,148,222,411,315,512.0,518.2857142857143,380.0,388.0,385.0,340.0,391.0,361.7142857142857,93.0,74.0,427.0,473.42857142857144,85.0,100.42857142857143,220.0,247.28571428571428,367.0,386.42857142857144,263.0,311.85714285714283,5,5
2022-05-08,416,377,406,355,34,418,85,250,334,389,562.0,507.85714285714283,329.0,381.2857142857143,356.0,336.0,420.0,360.7142857142857,42.0,65.42857142857143,484.0,477.85714285714283,148.0,106.28571428571429,222.0,243.0,411.0,371.7142857142857,315.0,321.0,6,5
2022-05-09,496,380,289,371,92,499,103,248,438,335,416.0,495.42857142857144,377.0,379.85714285714283,406.0,333.0,355.0,362.0,34.0,66.71428571428571,418.0,486.7142857142857,85.0,100.57142857142857,250.0,246.71428571428572,334.0,380.42857142857144,389.0,331.85714285714283,0,5
2022-05-10,523,435,363,379,60,515,102,233,298,267,496.0,496.42857142857144,380.0,390.57142857142856,289.0,349.57142857142856,371.0,377.85714285714283,92.0,68.42857142857143,499.0,485.14285714285717,103.0,102.14285714285714,248.0,243.71428571428572,438.0,370.14285714285717,335.0,322.7142857142857,1,5
2022-05-11,516,374,328,420,85,455,116,279,288,352,523.0,498.14285714285717,435.0,383.42857142857144,363.0,349.2857142857143,379.0,384.42857142857144,60.0,66.14285714285714,515.0,476.7142857142857,102.0,107.85714285714286,233.0,245.85714285714286,298.0,359.2857142857143,267.0,326.57142857142856,2,5
2022-05-12,453,429,401,441,48,451,151,271,410,316,516.0,496.85714285714283,374.0,386.2857142857143,328.0,361.14285714285717,420.0,396.7142857142857,85.0,64.85714285714286,455.0,464.14285714285717,116.0,112.85714285714286,279.0,246.14285714285714,288.0,363.7142857142857,352.0,319.57142857142856,3,5
2022-05-13,431,372,325,341,109,501,123,298,293,306,453.0,485.2857142857143,429.0,385.14285714285717,401.0,352.57142857142856,441.0,389.57142857142856,48.0,67.14285714285714,451.0,474.7142857142857,151.0,118.28571428571429,271.0,257.2857142857143,410.0,353.14285714285717,316.0,325.7142857142857,4,5
2022-05-14,609,363,363,313,47,516,127,366,345,258,431.0,492.0,372.0,390.0,325.0,353.57142857142856,341.0,374.2857142857143,109.0,67.85714285714286,501.0,479.2857142857143,123.0,115.28571428571429,298.0,277.85714285714283,293.0,343.7142857142857,306.0,317.57142857142856,5,5
2022-05-15,511,352,364,390,51,541,64,196,358,298,609.0,505.57142857142856,363.0,386.42857142857144,363.0,347.57142857142856,313.0,379.2857142857143,47.0,70.28571428571429,516.0,496.85714285714283,127.0,112.28571428571429,366.0,270.14285714285717,345.0,347.14285714285717,258.0,304.57142857142856,6,5
2022-05-16,557,423,405,357,39,549,97,297,345,269,511.0,514.2857142857143,352.0,392.57142857142856,364.0,364.14285714285717,390.0,377.2857142857143,51.0,62.714285714285715,541.0,504.0,64.0,111.42857142857143,196.0,277.14285714285717,358.0,333.85714285714283,298.0,295.14285714285717,0,5
2022-05-17,455,402,322,431,62,466,177,300,344,335,557.0,504.57142857142856,423.0,387.85714285714283,405.0,358.2857142857143,357.0,384.7142857142857,39.0,63.0,549.0,497.0,97.0,122.14285714285714,297.0,286.7142857142857,345.0,340.42857142857144,269.0,304.85714285714283,1,5
2022-05-18,560,394,350,322,91,558,100,297,317,362,455.0,510.85714285714283,402.0,390.7142857142857,322.0,361.42857142857144,431.0,370.7142857142857,62.0,63.857142857142854,466.0,511.7142857142857,177.0,119.85714285714286,300.0,289.2857142857143,344.0,344.57142857142856,335.0,306.2857142857143,2,5
2022-05-19,546,464,347,400,38,543,72,215,319,292,560.0,524.1428571428571,394.0,395.7142857142857,350.0,353.7142857142857,322.0,364.85714285714283,91.0,62.42857142857143,558.0,524.8571428571429,100.0,108.57142857142857,297.0,281.2857142857143,317.0,331.57142857142856,362.0,302.85714285714283,3,5
2022-05-20,432,442,417,383,67,445,80,218,344,322,546.0,524.2857142857143,464.0,405.7142857142857,347.0,366.85714285714283,400.0,370.85714285714283,38.0,56.42857142857143,543.0,516.8571428571429,72.0,102.42857142857143,215.0,269.85714285714283,319.0,338.85714285714283,292.0,305.14285714285717,4,5
2022-05-21,487,441,311,349,62,504,82,252,384,342,432.0,506.85714285714283,442.0,416.85714285714283,417.0,359.42857142857144,383.0,376.0,67.0,58.57142857142857,445.0,515.1428571428571,80.0,96.0,218.0,253.57142857142858,344.0,344.42857142857144,322.0,317.14285714285717,5,5
2022-05-22,506,425,379,322,77,456,122,248,330,326,487.0,506.14285714285717,441.0,427.2857142857143,311.0,361.57142857142856,349.0,366.2857142857143,62.0,62.285714285714285,504.0,503.0,82.0,104.28571428571429,252.0,261.0,384.0,340.42857142857144,342.0,321.14285714285717,6,5
2022-05-23,479,345,423,303,67,412,128,207,497,272,506.0,495.0,425.0,416.14285714285717,379.0,364.14285714285717,322.0,358.57142857142856,77.0,66.28571428571429,456.0,483.42857142857144,122.0,108.71428571428571,248.0,248.14285714285714,330.0,362.14285714285717,326.0,321.57142857142856,0,5
2022-05-24,599,456,386,400,32,501,80,224,438,292,479.0,515.5714285714286,345.0,423.85714285714283,423.0,373.2857142857143,303.0,354.14285714285717,67.0,62.0,412.0,488.42857142857144,128.0,94.85714285714286,207.0,237.28571428571428,497.0,375.57142857142856,272.0,315.42857142857144,1,5
2022-05-25,538,387,384,417,95,522,90,237,368,426,599.0,512.4285714285714,456.0,422.85714285714283,386.0,378.14285714285717,400.0,367.7142857142857,32.0,62.57142857142857,501.0,483.2857142857143,80.0,93.42857142857143,224.0,228.71428571428572,438.0,382.85714285714283,292.0,324.57142857142856,2,5
2022-05-26,489,500,423,297,108,521,105,188,350,337,538.0,504.2857142857143,387.0,428.0,384.0,389.0,417.0,353.0,95.0,72.57142857142857,522.0,480.14285714285717,90.0,98.14285714285714,237.0,224.85714285714286,368.0,387.2857142857143,426.0,331.0,3,5
2022-05-27,583,459,371,392,44,457,146,266,382,409,489.0,525.8571428571429,500.0,430.42857142857144,423.0,382.42857142857144,297.0,354.2857142857143,108.0,69.28571428571429,521.0,481.85714285714283,105.0,107.57142857142857,188.0,231.71428571428572,350.0,392.7142857142857,337.0,343.42857142857144,4,5
2022-05-28,566,426,265,419,69,413,127,156,398,321,583.0,537.1428571428571,459.0,428.2857142857143,371.0,375.85714285714283,392.0,364.2857142857143,44.0,70.28571428571429,457.0,468.85714285714283,146.0,114.0,266.0,218.0,382.0,394.7142857142857,409.0,340.42857142857144,5,5
2022-05-29,421,364,288,294,103,374,170,300,338,338,566.0,525.0,426.0,419.57142857142856,265.0,362.85714285714283,419.0,360.2857142857143,69.0,74.0,413.0,457.14285714285717,127.0,120.85714285714286,156.0,225.42857142857142,398.0,395.85714285714283,321.0,342.14285714285717,6,5
2022-05-30,570,305,483,382,141,427,120,235,366,338,421.0,538.0,364.0,413.85714285714283,288.0,371.42857142857144,294.0,371.57142857142856,103.0,84.57142857142857,374.0,459.2857142857143,170.0,119.71428571428571,300.0,229.42857142857142,338.0,377.14285714285717,338.0,351.57142857142856,0,5
2022-05-31,515,302,320,466,102,400,96,249,411,316,570.0,526.0,305.0,391.85714285714283,483.0,362.0,382.0,381.0,141.0,94.57142857142857,427.0,444.85714285714283,120.0,122.0,235.0,233.0,366.0,373.2857142857143,338.0,355.0,1,5
2022-06-01,503,409,279,295,41,510,143,174,332,320,515.0,521.0,302.0,395.0,320.0,347.0,466.0,363.57142857142856,102.0,86.85714285714286,400.0,443.14285714285717,96.0,129.57142857142858,249.0,224.0,411.0,368.14285714285717,316.0,339.85714285714283,2,6
2022-06-02,533,484,335,302,74,577,123,197,425,320,503.0,527.2857142857143,409.0,392.7142857142857,279.0,334.42857142857144,295.0,364.2857142857143,41.0,82.0,510.0,451.14285714285717,143.0,132.14285714285714,174.0,225.28571428571428,332.0,378.85714285714283,320.0,337.42857142857144,3,6
2022-06-03,511,469,369,393,70,442,75,235,436,350,533.0,517.0,484.0,394.14285714285717,335.0,334.14285714285717,302.0,364.42857142857144,74.0,85.71428571428571,577.0,449.0,123.0,122.0,197.0,220.85714285714286,425.0,386.57142857142856,320.0,329.0,4,6
2022-06-04,494,352,365,372,69,432,130,252,346,294,511.0,506.7142857142857,469.0,383.57142857142856,369.0,348.42857142857144,393.0,357.7142857142857,70.0,85.71428571428571,442.0,451.7142857142857,75.0,122.42857142857143,235.0,234.57142857142858,436.0,379.14285714285717,350.0,325.14285714285717,5,6
2022-06-05,558,320,328,425,41,499,129,349,309,289,494.0,526.2857142857143,352.0,377.2857142857143,365.0,354.14285714285717,372.0,376.42857142857144,69.0,76.85714285714286,432.0,469.57142857142856,130.0,116.57142857142857,252.0,241.57142857142858,346.0,375.0,294.0,318.14285714285717,6,6
2022-06-06,387,345,409,362,35,392,148,200,299,339,558.0,500.14285714285717,320.0,383.0,328.0,343.57142857142856,425.0,373.57142857142856,41.0,61.714285714285715,499.0,464.57142857142856,129.0,120.57142857142857,349.0,236.57142857142858,309.0,365.42857142857144,289.0,318.2857142857143,0,6
2022-06-07,512,452,314,374,75,515,144,193,373,332,387.0,499.7142857142857,345.0,404.42857142857144,409.0,342.7142857142857,362.0,360.42857142857144,35.0,57.857142857142854,392.0,481.0,148.0,127.42857142857143,200.0,228.57142857142858,299.0,360.0,339.0,320.57142857142856,1,6
2022-06-08,564,330,385,299,75,495,82,337,339,364,512.0,508.42857142857144,452.0,393.14285714285717,314.0,357.85714285714283,374.0,361.0,75.0,62.714285714285715,515.0,478.85714285714283,144.0,118.71428571428571,193.0,251.85714285714286,373.0,361.0,332.0,326.85714285714283,2,6
2022-06-09,485,400,418,445,87,547,128,249,314,310,564.0,501.57142857142856,330.0,381.14285714285717,385.0,369.7142857142857,299.0,381.42857142857144,75.0,64.57142857142857,495.0,474.57142857142856,82.0,119.42857142857143,337.0,259.2857142857143,339.0,345.14285714285717,364.0,325.42857142857144,3,6
2022-06-10,494,325,381,404,98,633,67,228,362,346,485.0,499.14285714285717,400.0,360.57142857142856,418.0,371.42857142857144,445.0,383.0,87.0,68.57142857142857,547.0,501.85714285714283,128.0,118.28571428571429,249.0,258.2857142857143,314.0,334.57142857142856,310.0,324.85714285714283,4,6
2022-06-11,427,395,224,406,78,478,86,290,352,430,494.0,489.57142857142856,325.0,366.7142857142857,381.0,351.2857142857143,404.0,387.85714285714283,98.0,69.85714285714286,633.0,508.42857142857144,67.0,112.0,228.0,263.7142857142857,362.0,335.42857142857144,346.0,344.2857142857143,5,6
2022-06-12,471,367,385,327,58,452,117,290,420,341,427.0,477.14285714285717,395.0,373.42857142857144,224.0,359.42857142857144,406.0,373.85714285714283,78.0,72.28571428571429,478.0,501.7142857142857,86.0,110.28571428571429,290.0,255.28571428571428,352.0,351.2857142857143,430.0,351.7142857142857,6,6
2022-06-13,496,364,431,212,74,446,101,263,425,318,471.0,492.7142857142857,367.0,376.14285714285717,385.0,362.57142857142856,327.0,352.42857142857144,58.0,77.85714285714286,452.0,509.42857142857144,117.0,103.57142857142857,290.0,264.2857142857143,420.0,369.2857142857143,341.0,348.7142857142857,0,6
2022-06-14,465,375,319,352,76,349,122,212,356,405,496.0,486.0,364.0,365.14285714285717,431.0,363.2857142857143,212.0,349.2857142857143,74.0,78.0,446.0,485.7142857142857,101.0,100.42857142857143,263.0,267.0,425.0,366.85714285714283,318.0,359.14285714285717,1,6
2022-06-15,453,404,297,440,116,568,139,256,408,275,465.0,470.14285714285717,375.0,375.7142857142857,319.0,350.7142857142857,352.0,369.42857142857144,76.0,83.85714285714286,349.0,496.14285714285717,122.0,108.57142857142857,212.0,255.42857142857142,356.0,376.7142857142857,405.0,346.42857142857144,2,6
2022-06-16,517,484,345,338,97,491,117,251,466,342,453.0,474.7142857142857,404.0,387.7142857142857,297.0,340.2857142857143,440.0,354.14285714285717,116.0,85.28571428571429,568.0,488.14285714285717,139.0,107.0,256.0,255.71428571428572,408.0,398.42857142857144,275.0,351.0,3,6
2022-06-17,456,322,351,364,100,470,93,237,370,322,517.0,469.2857142857143,484.0,387.2857142857143,345.0,336.0,338.0,348.42857142857144,97.0,85.57142857142857,491.0,464.85714285714283,117.0,110.71428571428571,251.0,257.0,466.0,399.57142857142856,342.0,347.57142857142856,4,6
2022-06-18,511,443,335,325,68,419,121,251,331,319,456.0,481.2857142857143,322.0,394.14285714285717,351.0,351.85714285714283,364.0,336.85714285714283,100.0,84.14285714285714,470.0,456.42857142857144,93.0,115.71428571428571,237.0,251.42857142857142,370.0,396.57142857142856,322.0,331.7142857142857,5,6
2022-06-19,399,452,320,255,85,508,116,205,380,324,511.0,471.0,443.0,406.2857142857143,335.0,342.57142857142856,325.0,326.57142857142856,68.0,88.0,419.0,464.42857142857144,121.0,115.57142857142857,251.0,239.28571428571428,331.0,390.85714285714283,319.0,329.2857142857143,6,6
2022-06-20,447,411,323,509,78,521,45,266,444,370,399.0,464.0,452.0,413.0,320.0,327.14285714285717,255.0,369.0,85.0,88.57142857142857,508.0,475.14285714285717,116.0,107.57142857142857,205.0,239.71428571428572,380.0,393.57142857142856,324.0,336.7142857142857,0,6
2022-06-21,487,508,410,384,69,448,116,248,384,304,447.0,467.14285714285717,411.0,432.0,323.0,340.14285714285717,509.0,373.57142857142856,78.0,87.57142857142857,521.0,489.2857142857143,45.0,106.71428571428571,266.0,244.85714285714286,444.0,397.57142857142856,370.0,322.2857142857143,1,6
2022-06-22,510,363,312,330,42,568,85,212,370,306,487.0,475.2857142857143,508.0,426.14285714285717,410.0,342.2857142857143,384.0,357.85714285714283,69.0,77.0,448.0,489.2857142857143,116.0,99.0,248.0,238.57142857142858,384.0,392.14285714285717,304.0,326.7142857142857,2,6
2022-06-23,516,591,343,361,64,511,92,253,313,370,510.0,475.14285714285717,363.0,441.42857142857144,312.0,342.0,330.0,361.14285714285717,42.0,72.28571428571429,568.0,492.14285714285717,85.0,95.42857142857143,212.0,238.85714285714286,370.0,370.2857142857143,306.0,330.7142857142857,3,6
2022-06-24,364,377,319,359,41,517,144,289,252,297,516.0,462.0,591.0,449.2857142857143,343.0,337.42857142857144,361.0,360.42857142857144,64.0,63.857142857142854,511.0,498.85714285714283,92.0,102.71428571428571,253.0,246.28571428571428,313.0,353.42857142857144,370.0,327.14285714285717,4,6
2022-06-25,572,326,334,290,73,462,79,243,366,388,364.0,470.7142857142857,377.0,432.57142857142856,319.0,337.2857142857143,359.0,355.42857142857144,41.0,64.57142857142857,517.0,505.0,144.0,96.71428571428571,289.0,245.14285714285714,252.0,358.42857142857144,297.0,337.0,5,6
2022-06-26,527,305,357,270,50,451,92,275,385,318,572.0,489.0,326.0,411.57142857142856,334.0,342.57142857142856,290.0,357.57142857142856,73.0,59.57142857142857,462.0,496.85714285714283,79.0,93.28571428571429,243.0,255.14285714285714,366.0,359.14285714285717,388.0,336.14285714285717,6,6
2022-06-27,561,351,427,336,70,472,95,254,367,322,527.0,505.2857142857143,305.0,403.0,357.0,357.42857142857144,270.0,332.85714285714283,50.0,58.42857142857143,451.0,489.85714285714283,92.0,100.42857142857143,275.0,253.42857142857142,385.0,348.14285714285717,318.0,329.2857142857143,0,6
2022-06-28,480,476,324,338,73,443,121,274,425,363,561.0,504.2857142857143,351.0,398.42857142857144,427.0,345.14285714285717,336.0,326.2857142857143,70.0,59.0,472.0,489.14285714285717,95.0,101.14285714285714,254.0,257.14285714285717,367.0,354.0,322.0,337.7142857142857,1,6
2022-06-29,595,447,261,463,81,529,111,219,356,353,480.0,516.4285714285714,476.0,410.42857142857144,324.0,337.85714285714283,338.0,345.2857142857143,73.0,64.57142857142857,443.0,483.57142857142856,121.0,104.85714285714286,274.0,258.14285714285717,425.0,352.0,363.0,344.42857142857144,2,6
2022-06-30,500,414,392,341,76,589,107,271,276,254,595.0,514.1428571428571,447.0,385.14285714285717,261.0,344.85714285714283,463.0,342.42857142857144,81.0,66.28571428571429,529.0,494.7142857142857,111.0,107.0,219.0,260.7142857142857,356.0,346.7142857142857,353.0,327.85714285714283,3,6
2022-07-01,517,451,232,412,127,507,116,255,323,298,500.0,536.0,414.0,395.7142857142857,392.0,332.42857142857144,341.0,350.0,76.0,78.57142857142857,589.0,493.2857142857143,107.0,103.0,271.0,255.85714285714286,276.0,356.85714285714283,254.0,328.0,4,7
2022-07-02,561,407,351,261,85,424,40,282,291,332,517.0,534.4285714285714,451.0,407.2857142857143,232.0,334.85714285714283,412.0,345.85714285714283,127.0,80.28571428571429,507.0,487.85714285714283,116.0,97.42857142857143,255.0,261.42857142857144,323.0,346.14285714285717,298.0,320.0,5,7
2022-07-03,548,369,395,368,65,503,142,243,345,259,561.0,537.4285714285714,407.0,416.42857142857144,351.0,340.2857142857143,261.0,359.85714285714283,85.0,82.42857142857143,424.0,495.2857142857143,40.0,104.57142857142857,282.0,256.85714285714283,291.0,340.42857142857144,332.0,311.57142857142856,6,7
2022-07-04,495,383,311,494,148,460,71,311,324,345,548.0,528.0,369.0,421.0,395.0,323.7142857142857,368.0,382.42857142857144,65.0,93.57142857142857,503.0,493.57142857142856,142.0,101.14285714285714,243.0,265.0,345.0,334.2857142857143,259.0,314.85714285714283,0,7
2022-07-05,457,420,359,370,62,454,118,207,353,382,495.0,524.7142857142857,383.0,413.0,311.0,328.7142857142857,494.0,387.0,148.0,92.0,460.0,495.14285714285717,71.0,100.71428571428571,311.0,255.42857142857142,324.0,324.0,345.0,317.57142857142856,1,7
2022-07-06,432,396,334,370,70,454,89,197,465,290,457.0,501.42857142857144,420.0,405.7142857142857,359.0,339.14285714285717,370.0,373.7142857142857,62.0,90.42857142857143,454.0,484.42857142857144,118.0,97.57142857142857,207.0,252.28571428571428,353.0,339.57142857142856,382.0,308.57142857142856,2,7
2022-07-07,503,361,440,357,62,563,107,274,383,299,432.0,501.85714285714283,396.0,398.14285714285717,334.0,346.0,370.0,376.0,70.0,88.42857142857143,454.0,480.7142857142857,89.0,97.57142857142857,197.0,252.71428571428572,465.0,354.85714285714283,290.0,315.0,3,7
2022-07-08,349,423,303,370,86,428,89,188,296,266,503.0,477.85714285714283,361.0,394.14285714285717,440.0,356.14285714285717,357.0,370.0,62.0,82.57142857142857,563.0,469.42857142857144,107.0,93.71428571428571,274.0,243.14285714285714,383.0,351.0,299.0,310.42857142857144,4,7
2022-07-09,472,417,367,269,48,463,93,241,330,375,349.0,465.14285714285717,423.0,395.57142857142856,303.0,358.42857142857144,370.0,371.14285714285717,86.0,77.28571428571429,428.0,475.0,89.0,101.28571428571429,188.0,237.28571428571428,296.0,356.57142857142856,266.0,316.57142857142856,5,7
2022-07-10,473,429,355,353,81,509,106,197,353,450,472.0,454.42857142857144,417.0,404.14285714285717,367.0,352.7142857142857,269.0,369.0,48.0,79.57142857142857,463.0,475.85714285714283,93.0,96.14285714285714,241.0,230.71428571428572,330.0,357.7142857142857,375.0,343.85714285714283,6,7
2022-07-11,454,404,339,398,81,375,135,217,394,338,473.0,448.57142857142856,429.0,407.14285714285717,355.0,356.7142857142857,353.0,355.2857142857143,81.0,70.0,509.0,463.7142857142857,106.0,105.28571428571429,197.0,217.28571428571428,353.0,367.7142857142857,450.0,342.85714285714283,0,7
2022-07-12,630,417,319,279,73,404,150,228,399,329,454.0,473.2857142857143,404.0,406.7142857142857,339.0,351.0,398.0,342.2857142857143,81.0,71.57142857142857,375.0,456.57142857142856,135.0,109.85714285714286,217.0,220.28571428571428,394.0,374.2857142857143,338.0,335.2857142857143,1,7
2022-07-13,481,461,322,306,112,425,76,275,377,380,630.0,480.2857142857143,417.0,416.0,319.0,349.2857142857143,279.0,333.14285714285717,73.0,77.57142857142857,404.0,452.42857142857144,150.0,108.0,228.0,231.42857142857142,399.0,361.7142857142857,329.0,348.14285714285717,2,7
2022-07-14,486,289,352,282,76,423,138,245,349,274,481.0,477.85714285714283,461.0,405.7142857142857,322.0,336.7142857142857,306.0,322.42857142857144,112.0,79.57142857142857,425.0,432.42857142857144,76.0,112.42857142857143,275.0,227.28571428571428,377.0,356.85714285714283,380.0,344.57142857142856,3,7
2022-07-15,484,490,488,358,132,373,76,237,375,378,486.0,497.14285714285717,289.0,415.2857142857143,352.0,363.14285714285717,282.0,320.7142857142857,76.0,86.14285714285714,423.0,424.57142857142856,138.0,110.57142857142857,245.0,234.28571428571428,349.0,368.14285714285717,274.0,360.57142857142856,4,7
2022-07-16,469,391,347,366,72,507,65,205,287,316,484.0,496.7142857142857,490.0,411.57142857142856,488.0,360.2857142857143,358.0,334.57142857142856,132.0,89.57142857142857,373.0,430.85714285714283,76.0,106.57142857142857,237.0,229.14285714285714,375.0,362.0,378.0,352.14285714285717,5,7
2022-07-17,503,403,411,329,70,496,128,212,289,371,469.0,501.0,391.0,407.85714285714283,347.0,368.2857142857143,366.0,331.14285714285717,72.0,88.0,507.0,429.0,65.0,109.71428571428571,205.0,231.28571428571428,287.0,352.85714285714283,316.0,340.85714285714283,6,7
2022-07-18,569,380,354,415,34,458,88,260,317,313,503.0,517.4285714285714,403.0,404.42857142857144,411.0,370.42857142857144,329.0,333.57142857142856,70.0,81.28571428571429,496.0,440.85714285714283,128.0,103.0,212.0,237.42857142857142,289.0,341.85714285714283,371.0,337.2857142857143,0,7
2022-07-19,530,482,402,379,89,312,68,234,303,341,569.0,503.14285714285717,380.0,413.7142857142857,354.0,382.2857142857143,415.0,347.85714285714283,34.0,83.57142857142857,458.0,427.7142857142857,88.0,91.28571428571429,260.0,238.28571428571428,317.0,328.14285714285717,313.0,339.0,1,7
2022-07-20,599,426,331,397,53,471,119,256,394,319,530.0,520.0,482.0,408.7142857142857,402.0,383.57142857142856,379.0,360.85714285714283,89.0,75.14285714285714,312.0,434.2857142857143,68.0,97.42857142857143,234.0,235.57142857142858,303.0,330.57142857142856,341.0,330.2857142857143,2,7
2022-07-21,578,407,387,266,89,475,109,281,288,359,599.0,533.1428571428571,426.0,425.57142857142856,331.0,388.57142857142856,397.0,358.57142857142856,53.0,77.0,471.0,441.7142857142857,119.0,93.28571428571429,256.0,240.71428571428572,394.0,321.85714285714283,319.0,342.42857142857144,3,7
2022-07-22,507,390,379,332,67,356,142,232,355,325,578.0,536.4285714285714,407.0,411.2857142857143,387.0,373.0,266.0,354.85714285714283,89.0,67.71428571428571,475.0,439.2857142857143,109.0,102.71428571428571,281.0,240.0,288.0,319.0,359.0,334.85714285714283,4,7
2022-07-23,516,367,384,465,82,570,92,237,393,343,507.0,543.1428571428571,390.0,407.85714285714283,379.0,378.2857142857143,332.0,369.0,67.0,69.14285714285714,356.0,448.2857142857143,142.0,106.57142857142857,232.0,244.57142857142858,355.0,334.14285714285717,325.0,338.7142857142857,5,7
2022-07-24,597,315,437,293,103,548,47,225,355,278,516.0,556.5714285714286,367.0,395.2857142857143,384.0,382.0,465.0,363.85714285714283,82.0,73.85714285714286,570.0,455.7142857142857,92.0,95.0,237.0,246.42857142857142,393.0,343.57142857142856,343.0,325.42857142857144,6,7
2022-07-25,488,403,410,328,106,445,158,323,298,287,597.0,545.0,315.0,398.57142857142856,437.0,390.0,293.0,351.42857142857144,103.0,84.14285714285714,548.0,453.85714285714283,47.0,105.0,225.0,255.42857142857142,355.0,340.85714285714283,278.0,321.7142857142857,0,7
2022-07-26,589,356,351,391,102,454,92,297,464,284,488.0,553.4285714285714,403.0,380.57142857142856,410.0,382.7142857142857,328.0,353.14285714285717,106.0,86.0,445.0,474.14285714285717,158.0,108.42857142857143,323.0,264.42857142857144,298.0,363.85714285714283,287.0,313.57142857142856,1,7
2022-07-27,608,361,405,482,101,427,114,260,294,331,589.0,554.7142857142857,356.0,371.2857142857143,351.0,393.2857142857143,391.0,365.2857142857143,102.0,92.85714285714286,454.0,467.85714285714283,92.0,107.71428571428571,297.0,265.0,464.0,349.57142857142856,284.0,315.2857142857143,2,7
2022-07-28,463,442,384,292,45,472,103,253,366,299,608.0,538.2857142857143,361.0,376.2857142857143,405.0,392.85714285714283,482.0,369.0,101.0,86.57142857142857,427.0,467.42857142857144,114.0,106.85714285714286,260.0,261.0,294.0,360.7142857142857,331.0,306.7142857142857,3,7
2022-07-29,442,408,379,354,72,586,63,264,391,351,463.0,529.0,442.0,378.85714285714283,384.0,392.85714285714283,292.0,372.14285714285717,45.0,87.28571428571429,472.0,500.2857142857143,103.0,95.57142857142857,253.0,265.57142857142856,366.0,365.85714285714283,299.0,310.42857142857144,4,7
2022-07-30,539,291,395,308,101,386,59,248,300,253,442.0,532.2857142857143,408.0,368.0,379.0,394.42857142857144,354.0,349.7142857142857,72.0,90.0,586.0,474.0,63.0,90.85714285714286,264.0,267.14285714285717,391.0,352.57142857142856,351.0,297.57142857142856,5,7
2022-07-31,394,494,318,375,49,511,143,266,383,456,539.0,503.2857142857143,291.0,393.57142857142856,395.0,377.42857142857144,308.0,361.42857142857144,101.0,82.28571428571429,386.0,468.7142857142857,59.0,104.57142857142857,248.0,273.0,300.0,356.57142857142856,253.0,323.0,6,7
2022-08-01,432,439,376,403,85,421,68,218,311,307,394.0,495.2857142857143,494.0,398.7142857142857,318.0,372.57142857142856,375.0,372.14285714285717,49.0,79.28571428571429,511.0,465.2857142857143,143.0,91.71428571428571,266.0,258.0,383.0,358.42857142857144,456.0,325.85714285714283,0,8
2022-08-02,479,443,404,361,95,409,77,237,387,314,432.0,479.57142857142856,439.0,411.14285714285717,376.0,380.14285714285717,403.0,367.85714285714283,85.0,78.28571428571429,421.0,458.85714285714283,68.0,89.57142857142857,218.0,249.42857142857142,311.0,347.42857142857144,307.0,330.14285714285717,1,8
2022-08-03,587,371,403,292,91,452,114,279,411,243,479.0,476.57142857142856,443.0,412.57142857142856,404.0,379.85714285714283,361.0,340.7142857142857,95.0,76.85714285714286,409.0,462.42857142857144,77.0,89.57142857142857,237.0,252.14285714285714,387.0,364.14285714285717,314.0,317.57142857142856,2,8
2022-08-04,500,391,331,256,78,411,85,182,388,356,587.0,481.85714285714283,371.0,405.2857142857143,403.0,372.2857142857143,292.0,335.57142857142856,91.0,81.57142857142857,452.0,453.7142857142857,114.0,87.0,279.0,242.0,411.0,367.2857142857143,243.0,325.7142857142857,3,8
2022-08-05,491,448,382,339,61,349,65,261,401,316,500.0,488.85714285714283,391.0,411.0,331.0,372.7142857142857,256.0,333.42857142857144,78.0,80.0,411.0,419.85714285714283,85.0,87.28571428571429,182.0,241.57142857142858,388.0,368.7142857142857,356.0,320.7142857142857,4,8
2022-08-06,531,473,355,357,40,473,142,290,388,358,491.0,487.7142857142857,448.0,437.0,382.0,367.0,339.0,340.42857142857144,61.0,71.28571428571429,349.0,432.2857142857143,65.0,99.14285714285714,261.0,247.57142857142858,401.0,381.2857142857143,316.0,335.7142857142857,5,8
2022-08-07,538,277,297,319,68,399,99,249,420,377,531.0,508.2857142857143,473.0,406.0,355.0,364.0,357.0,332.42857142857144,40.0,74.0,473.0,416.2857142857143,142.0,92.85714285714286,290.0,245.14285714285714,388.0,386.57142857142856,358.0,324.42857142857144,6,8
2022-08-08,609,350,386,445,108,533,112,258,373,358,538.0,533.5714285714286,277.0,393.2857142857143,297.0,365.42857142857144,319.0,338.42857142857144,68.0,77.28571428571429,399.0,432.2857142857143,99.0,99.14285714285714,249.0,250.85714285714286,420.0,395.42857142857144,377.0,331.7142857142857,0,8
2022-08-09,590,334,316,320,47,422,124,241,276,325,609.0,549.4285714285714,350.0,377.7142857142857,386.0,352.85714285714283,445.0,332.57142857142856,108.0,70.42857142857143,533.0,434.14285714285717,112.0,105.85714285714286,258.0,251.42857142857142,373.0,379.57142857142856,358.0,333.2857142857143,1,8
2022-08-10,562,573,442,465,91,421,149,291,494,351,590.0,545.8571428571429,334.0,406.57142857142856,316.0,358.42857142857144,320.0,357.2857142857143,47.0,70.42857142857143,422.0,429.7142857142857,124.0,110.85714285714286,241.0,253.14285714285714,276.0,391.42857142857144,325.0,348.7142857142857,2,8
2022-08-11,631,327,440,364,49,418,106,205,415,305,562.0,564.5714285714286,573.0,397.42857142857144,442.0,374.0,465.0,372.7142857142857,91.0,66.28571428571429,421.0,430.7142857142857,149.0,113.85714285714286,291.0,256.42857142857144,494.0,395.2857142857143,351.0,341.42857142857144,3,8
2022-08-12,531,326,281,391,71,477,102,252,401,291,631.0,570.2857142857143,327.0,380.0,440.0,359.57142857142856,364.0,380.14285714285717,49.0,67.71428571428571,418.0,449.0,106.0,119.14285714285714,205.0,255.14285714285714,415.0,395.2857142857143,305.0,337.85714285714283,4,8
2022-08-13,648,393,339,214,102,430,112,252,379,331,531.0,587.0,326.0,368.57142857142856,281.0,357.2857142857143,391.0,359.7142857142857,71.0,76.57142857142857,477.0,442.85714285714283,102.0,114.85714285714286,252.0,249.71428571428572,401.0,394.0,291.0,334.0,5,8
2022-08-14,485,367,414,311,45,429,90,229,405,383,648.0,579.4285714285714,393.0,381.42857142857144,339.0,374.0,214.0,358.57142857142856,102.0,73.28571428571429,430.0,447.14285714285717,112.0,113.57142857142857,252.0,246.85714285714286,379.0,391.85714285714283,331.0,334.85714285714283,6,8
2022-08-15,573,437,443,435,55,450,102,281,382,327,485.0,574.2857142857143,367.0,393.85714285714283,414.0,382.14285714285717,311.0,357.14285714285717,45.0,65.71428571428571,429.0,435.2857142857143,90.0,112.14285714285714,229.0,250.14285714285714,405.0,393.14285714285717,383.0,330.42857142857144,0,8
2022-08-16,534,393,336,430,48,512,53,238,331,403,573.0,566.2857142857143,437.0,402.2857142857143,443.0,385.0,435.0,372.85714285714283,55.0,65.85714285714286,450.0,448.14285714285717,102.0,102.0,281.0,249.71428571428572,382.0,401.0,327.0,341.57142857142856,1,8
2022-08-17,493,373,437,364,96,581,139,229,322,299,534.0,556.4285714285714,393.0,373.7142857142857,336.0,384.2857142857143,430.0,358.42857142857144,48.0,66.57142857142857,512.0,471.0,53.0,100.57142857142857,238.0,240.85714285714286,331.0,376.42857142857144,403.0,334.14285714285717,2,8
2022-08-18,480,410,374,329,64,448,134,233,280,276,493.0,534.8571428571429,373.0,385.57142857142856,437.0,374.85714285714283,364.0,353.42857142857144,96.0,68.71428571428571,581.0,475.2857142857143,139.0,104.57142857142857,229.0,244.85714285714286,322.0,357.14285714285717,299.0,330.0,3,8
2022-08-19,428,437,359,371,78,525,136,212,318,288,480.0,520.1428571428571,410.0,401.42857142857144,374.0,386.0,329.0,350.57142857142856,64.0,69.71428571428571,448.0,482.14285714285717,134.0,109.42857142857143,233.0,239.14285714285714,280.0,345.2857142857143,276.0,329.57142857142856,4,8
2022-08-20,551,374,279,292,95,524,58,218,405,340,428.0,506.2857142857143,437.0,398.7142857142857,359.0,377.42857142857144,371.0,361.7142857142857,78.0,68.71428571428571,525.0,495.57142857142856,136.0,101.71428571428571,212.0,234.28571428571428,318.0,349.0,288.0,330.85714285714283,5,8
2022-08-21,478,414,354,341,61,400,51,175,343,280,551.0,505.2857142857143,374.0,405.42857142857144,279.0,368.85714285714283,292.0,366.0,95.0,71.0,524.0,491.42857142857144,58.0,96.14285714285714,218.0,226.57142857142858,405.0,340.14285714285717,340.0,316.14285714285717,6,8
2022-08-22,548,357,426,254,129,514,81,230,313,328,478.0,501.7142857142857,414.0,394.0,354.0,366.42857142857144,341.0,340.14285714285717,61.0,81.57142857142857,400.0,500.57142857142856,51.0,93.14285714285714,175.0,219.28571428571428,343.0,330.2857142857143,280.0,316.2857142857143,0,8
2022-08-23,563,371,378,358,84,500,111,328,409,248,548.0,505.85714285714283,357.0,390.85714285714283,426.0,372.42857142857144,254.0,329.85714285714283,129.0,86.71428571428571,514.0,498.85714285714283,81.0,101.42857142857143,230.0,232.14285714285714,313.0,341.42857142857144,328.0,294.14285714285717,1,8
2022-08-24,494,489,375,345,81,441,107,312,506,306,563.0,506.0,371.0,407.42857142857144,378.0,363.57142857142856,358.0,327.14285714285717,84.0,84.57142857142857,500.0,478.85714285714283,111.0,96.85714285714286,328.0,244.0,409.0,367.7142857142857,248.0,295.14285714285717,2,8
2022-08-25,635,436,377,355,69,514,99,244,332,334,494.0,528.1428571428571,489.0,411.14285714285717,375.0,364.0,345.0,330.85714285714283,81.0,85.28571428571429,441.0,488.2857142857143,107.0,91.85714285714286,312.0,245.57142857142858,506.0,375.14285714285717,306.0,303.42857142857144,3,8
2022-08-26,489,398,417,399,56,486,94,321,379,294,635.0,536.8571428571429,436.0,405.57142857142856,377.0,372.2857142857143,355.0,334.85714285714283,69.0,82.14285714285714,514.0,482.7142857142857,99.0,85.85714285714286,244.0,261.14285714285717,332.0,383.85714285714283,334.0,304.2857142857143,4,8
2022-08-27,513,354,351,282,42,454,101,249,362,347,489.0,531.4285714285714,398.0,402.7142857142857,417.0,382.57142857142856,399.0,333.42857142857144,56.0,74.57142857142857,486.0,472.7142857142857,94.0,92.0,321.0,265.57142857142856,379.0,377.7142857142857,294.0,305.2857142857143,5,8
2022-08-28,526,462,334,350,83,542,116,219,356,281,513.0,538.2857142857143,354.0,409.57142857142856,351.0,379.7142857142857,282.0,334.7142857142857,42.0,77.71428571428571,454.0,493.0,101.0,101.28571428571429,249.0,271.85714285714283,362.0,379.57142857142856,347.0,305.42857142857144,6,8
2022-08-29,600,486,399,468,55,478,100,252,412,325,526.0,545.7142857142857,462.0,428.0,334.0,375.85714285714283,350.0,365.2857142857143,83.0,67.14285714285714,542.0,487.85714285714283,116.0,104.0,219.0,275.0,356.0,393.7142857142857,281.0,305.0,0,8
2022-08-30,420,440,333,338,57,403,140,255,285,323,600.0,525.2857142857143,486.0,437.85714285714283,399.0,369.42857142857144,468.0,362.42857142857144,55.0,63.285714285714285,478.0,474.0,100.0,108.14285714285714,252.0,264.57142857142856,412.0,376.0,325.0,315.7142857142857,1,8
2022-08-31,554,378,331,334,71,487,104,275,362,359,420.0,533.8571428571429,440.0,422.0,333.0,363.14285714285717,338.0,360.85714285714283,57.0,61.857142857142854,403.0,480.57142857142856,140.0,107.71428571428571,255.0,259.2857142857143,285.0,355.42857142857144,323.0,323.2857142857143,2,8
2022-09-01,397,454,387,387,121,435,132,256,348,454,554.0,499.85714285714283,378.0,424.57142857142856,331.0,364.57142857142856,334.0,365.42857142857144,71.0,69.28571428571429,487.0,469.2857142857143,104.0,112.42857142857143,275.0,261.0,362.0,357.7142857142857,359.0,340.42857142857144,3,9
2022-09-02,594,408,304,345,76,455,110,283,360,395,397.0,514.8571428571429,454.0,426.0,387.0,348.42857142857144,387.0,357.7142857142857,121.0,72.14285714285714,435.0,464.85714285714283,132.0,114.71428571428571,256.0,255.57142857142858,348.0,355.0,454.0,354.85714285714283,4,9
2022-09-03,484,376,330,373,82,393,102,278,374,376,594.0,510.7142857142857,408.0,429.14285714285717,304.0,345.42857142857144,345.0,370.7142857142857,76.0,77.85714285714286,455.0,456.14285714285717,110.0,114.85714285714286,283.0,259.7142857142857,360.0,356.7142857142857,395.0,359.0,5,9
2022-09-04,482,399,335,320,73,504,126,249,334,264,484.0,504.42857142857144,376.0,420.14285714285717,330.0,345.57142857142856,373.0,366.42857142857144,82.0,76.42857142857143,393.0,450.7142857142857,102.0,116.28571428571429,278.0,264.0,374.0,353.57142857142856,376.0,356.57142857142856,6,9
2022-09-05,466,429,398,314,78,499,150,211,275,305,482.0,485.2857142857143,399.0,412.0,335.0,345.42857142857144,320.0,344.42857142857144,73.0,79.71428571428571,504.0,453.7142857142857,126.0,123.42857142857143,249.0,258.14285714285717,334.0,334.0,264.0,353.7142857142857,0,9
2022-09-06,421,349,292,321,81,443,83,310,346,379,466.0,485.42857142857144,429.0,399.0,398.0,339.57142857142856,314.0,342.0,78.0,83.14285714285714,499.0,459.42857142857144,150.0,115.28571428571429,211.0,266.0,275.0,342.7142857142857,305.0,361.7142857142857,1,9
2022-09-07,543,367,385,335,92,404,112,246,403,303,421.0,483.85714285714283,349.0,397.42857142857144,292.0,347.2857142857143,321.0,342.14285714285717,81.0,86.14285714285714,443.0,447.57142857142856,83.0,116.42857142857143,310.0,261.85714285714283,346.0,348.57142857142856,379.0,353.7142857142857,2,9
2022-09-08,590,328,362,302,80,422,83,316,291,330,543.0,511.42857142857144,367.0,379.42857142857144,385.0,343.7142857142857,335.0,330.0,92.0,80.28571428571429,404.0,445.7142857142857,112.0,109.42857142857143,246.0,270.42857142857144,403.0,340.42857142857144,303.0,336.0,3,9
2022-09-09,598,332,364,277,58,445,104,268,374,276,590.0,512.0,328.0,368.57142857142856,362.0,352.2857142857143,302.0,320.2857142857143,80.0,77.71428571428571,422.0,444.2857142857143,83.0,108.57142857142857,316.0,268.2857142857143,291.0,342.42857142857144,330.0,319.0,4,9
2022-09-10,547,354,319,402,61,460,106,288,390,274,598.0,521.0,332.0,365.42857142857144,364.0,350.7142857142857,277.0,324.42857142857144,58.0,74.71428571428571,445.0,453.85714285714283,104.0,109.14285714285714,268.0,269.7142857142857,374.0,344.7142857142857,276.0,304.42857142857144,5,9
2022-09-11,459,428,417,305,79,602,73,241,333,273,547.0,517.7142857142857,354.0,369.57142857142856,319.0,362.42857142857144,402.0,322.2857142857143,61.0,75.57142857142857,460.0,467.85714285714283,106.0,101.57142857142857,288.0,268.57142857142856,390.0,344.57142857142856,274.0,305.7142857142857,6,9
2022-09-12,661,378,284,335,84,409,128,206,359,286,459.0,545.5714285714286,428.0,362.2857142857143,417.0,346.14285714285717,305.0,325.2857142857143,79.0,76.42857142857143,602.0,455.0,73.0,98.42857142857143,241.0,267.85714285714283,333.0,356.57142857142856,273.0,303.0,0,9
2022-09-13,469,416,313,425,115,520,105,214,363,380,661.0,552.4285714285714,378.0,371.85714285714283,284.0,349.14285714285717,335.0,340.14285714285717,84.0,81.28571428571429,409.0,466.0,128.0,101.57142857142857,206.0,254.14285714285714,359.0,359.0,286.0,303.14285714285717,1,9
2022-09-14,471,395,389,287,78,444,103,211,318,295,469.0,542.1428571428571,416.0,375.85714285714283,313.0,349.7142857142857,425.0,333.2857142857143,115.0,79.28571428571429,520.0,471.7142857142857,105.0,100.28571428571429,214.0,249.14285714285714,363.0,346.85714285714283,380.0,302.0,2,9
2022-09-15,562,302,360,363,97,440,88,268,316,268,471.0,538.1428571428571,395.0,372.14285714285717,389.0,349.42857142857144,287.0,342.0,78.0,81.71428571428571,444.0,474.2857142857143,103.0,101.0,211.0,242.28571428571428,318.0,350.42857142857144,295.0,293.14285714285717,3,9
2022-09-16,421,430,391,294,78,557,147,299,308,326,562.0,512.8571428571429,302.0,386.14285714285717,360.0,353.2857142857143,363.0,344.42857142857144,97.0,84.57142857142857,440.0,490.2857142857143,88.0,107.14285714285714,268.0,246.71428571428572,316.0,341.0,268.0,300.2857142857143,4,9
2022-09-17,458,286,349,287,65,574,124,245,442,324,421.0,500.14285714285717,430.0,376.42857142857144,391.0,357.57142857142856,294.0,328.0,78.0,85.14285714285714,557.0,506.57142857142856,147.0,109.71428571428571,299.0,240.57142857142858,308.0,348.42857142857144,326.0,307.42857142857144,5,9
2022-09-18,542,375,279,332,104,473,129,219,353,381,458.0,512.0,286.0,368.85714285714283,349.0,337.85714285714283,287.0,331.85714285714283,65.0,88.71428571428571,574.0,488.14285714285717,124.0,117.71428571428571,245.0,237.42857142857142,442.0,351.2857142857143,324.0,322.85714285714283,6,9
2022-09-19,533,398,373,353,94,535,136,232,309,294,542.0,493.7142857142857,375.0,371.7142857142857,279.0,350.57142857142856,332.0,334.42857142857144,104.0,90.14285714285714,473.0,506.14285714285717,129.0,118.85714285714286,219.0,241.14285714285714,353.0,344.14285714285717,381.0,324.0,0,9
2022-09-20,408,410,353,292,54,476,84,306,269,354,533.0,485.0,398.0,370.85714285714283,373.0,356.2857142857143,353.0,315.42857142857144,94.0,81.42857142857143,535.0,499.85714285714283,136.0,115.85714285714286,232.0,254.28571428571428,309.0,330.7142857142857,294.0,320.2857142857143,1,9
2022-09-21,422,406,411,399,39,397,77,236,442,328,408.0,478.0,410.0,372.42857142857144,353.0,359.42857142857144,292.0,331.42857142857144,54.0,75.85714285714286,476.0,493.14285714285717,84.0,112.14285714285714,306.0,257.85714285714283,269.0,348.42857142857144,354.0,325.0,2,9
2022-09-22,434,426,323,313,57,523,137,255,366,397,422.0,459.7142857142857,406.0,390.14285714285717,411.0,354.14285714285717,399.0,324.2857142857143,39.0,70.14285714285714,397.0,505.0,77.0,119.14285714285714,236.0,256.0,442.0,355.57142857142856,328.0,343.42857142857144,3,9
2022-09-23,594,460,365,314,49,405,96,338,383,287,434.0,484.42857142857144,426.0,394.42857142857144,323.0,350.42857142857144,313.0,327.14285714285717,57.0,66.0,523.0,483.2857142857143,137.0,111.85714285714286,255.0,261.57142857142856,366.0,366.2857142857143,397.0,337.85714285714283,4,9
2022-09-24,495,296,349,354,51,427,78,217,323,305,594.0,489.7142857142857,460.0,395.85714285714283,365.0,350.42857142857144,314.0,336.7142857142857,49.0,64.0,405.0,462.2857142857143,96.0,105.28571428571429,338.0,257.57142857142856,383.0,349.2857142857143,287.0,335.14285714285717,5,9
2022-09-25,607,451,394,276,94,515,109,193,311,454,495.0,499.0,296.0,406.7142857142857,349.0,366.85714285714283,354.0,328.7142857142857,51.0,62.57142857142857,427.0,468.2857142857143,78.0,102.42857142857143,217.0,253.85714285714286,323.0,343.2857142857143,305.0,345.57142857142856,6,9
2022-09-26,505,408,361,351,99,430,95,288,284,274,607.0,495.0,451.0,408.14285714285717,394.0,365.14285714285717,276.0,328.42857142857144,94.0,63.285714285714285,515.0,453.2857142857143,109.0,96.57142857142857,193.0,261.85714285714283,311.0,339.7142857142857,454.0,342.7142857142857,0,9
2022-09-27,599,403,288,272,85,458,99,204,461,278,505.0,522.2857142857143,408.0,407.14285714285717,361.0,355.85714285714283,351.0,325.57142857142856,99.0,67.71428571428571,430.0,450.7142857142857,95.0,98.71428571428571,288.0,247.28571428571428,284.0,367.14285714285717,274.0,331.85714285714283,1,9
2022-09-28,483,419,387,338,71,368,119,229,366,271,599.0,531.0,403.0,409.0,288.0,352.42857142857144,272.0,316.85714285714283,85.0,72.28571428571429,458.0,446.57142857142856,99.0,104.71428571428571,204.0,246.28571428571428,461.0,356.2857142857143,278.0,323.7142857142857,2,9
2022-09-29,508,415,237,337,62,473,107,170,300,320,483.0,541.5714285714286,419.0,407.42857142857144,387.0,340.14285714285717,338.0,320.2857142857143,71.0,73.0,368.0,439.42857142857144,119.0,100.42857142857143,229.0,234.14285714285714,366.0,346.85714285714283,271.0,312.7142857142857,3,9
2022-09-30,508,329,291,389,48,471,110,205,317,332,508.0,529.2857142857143,415.0,388.7142857142857,237.0,329.57142857142856,337.0,331.0,62.0,72.85714285714286,473.0,448.85714285714283,107.0,102.42857142857143,170.0,215.14285714285714,300.0,337.42857142857144,320.0,319.14285714285717,4,9
2022-10-01,476,448,346,314,50,464,108,311,336,350,508.0,526.5714285714286,329.0,410.42857142857144,291.0,329.14285714285717,389.0,325.2857142857143,48.0,72.71428571428571,471.0,454.14285714285717,110.0,106.71428571428571,205.0,228.57142857142858,317.0,339.2857142857143,332.0,325.57142857142856,5,10
2022-10-02,614,390,417,329,78,403,92,196,394,370,476.0,527.5714285714286,448.0,401.7142857142857,346.0,332.42857142857144,314.0,332.85714285714283,50.0,70.42857142857143,464.0,438.14285714285717,108.0,104.28571428571429,311.0,229.0,336.0,351.14285714285717,350.0,313.57142857142856,6,10
2022-10-03,448,427,420,420,58,428,60,234,290,358,614.0,519.4285714285714,390.0,404.42857142857144,417.0,340.85714285714283,329.0,342.7142857142857,78.0,64.57142857142857,403.0,437.85714285714283,92.0,99.28571428571429,196.0,221.28571428571428,394.0,352.0,370.0,325.57142857142856,0,10
2022-10-04,414,383,287,405,105,472,101,213,369,367,448.0,493.0,427.0,401.57142857142856,420.0,340.7142857142857,420.0,361.7142857142857,58.0,67.42857142857143,428.0,439.85714285714283,60.0,99.57142857142857,234.0,222.57142857142858,290.0,338.85714285714283,358.0,338.2857142857143,1,10
2022-10-05,628,455,356,374,32,453,83,224,298,400,414.0,513.7142857142857,383.0,406.7142857142857,287.0,336.2857142857143,405.0,366.85714285714283,105.0,61.857142857142854,472.0,452.0,101.0,94.42857142857143,213.0,221.85714285714286,369.0,329.14285714285717,367.0,356.7142857142857,2,10
2022-10-06,427,378,302,292,44,478,72,252,347,245,628.0,502.14285714285717,455.0,401.42857142857144,356.0,345.57142857142856,374.0,360.42857142857144,32.0,59.285714285714285,453.0,452.7142857142857,83.0,89.42857142857143,224.0,233.57142857142858,298.0,335.85714285714283,400.0,346.0,3,10
2022-10-07,607,426,334,378,72,439,98,266,382,299,427.0,516.2857142857143,378.0,415.2857142857143,302.0,351.7142857142857,292.0,358.85714285714283,44.0,62.714285714285715,478.0,448.14285714285717,72.0,87.71428571428571,252.0,242.28571428571428,347.0,345.14285714285717,245.0,341.2857142857143,4,10
2022-10-08,491,406,378,210,54,468,51,290,358,309,607.0,518.4285714285714,426.0,409.2857142857143,334.0,356.2857142857143,378.0,344.0,72.0,63.285714285714285,439.0,448.7142857142857,98.0,79.57142857142857,266.0,239.28571428571428,382.0,348.2857142857143,299.0,335.42857142857144,5,10
2022-10-09,412,363,361,371,79,503,124,300,344,218,491.0,489.57142857142856,406.0,405.42857142857144,378.0,348.2857142857143,210.0,350.0,54.0,63.42857142857143,468.0,463.0,51.0,84.14285714285714,290.0,254.14285714285714,358.0,341.14285714285717,309.0,313.7142857142857,6,10
2022-10-10,416,384,382,370,63,564,122,154,278,282,412.0,485.0,363.0,399.2857142857143,361.0,342.85714285714283,371.0,342.85714285714283,79.0,64.14285714285714,503.0,482.42857142857144,124.0,93.0,300.0,242.71428571428572,344.0,339.42857142857144,218.0,302.85714285714283,0,10
2022-10-11,517,349,424,315,102,490,112,291,422,334,416.0,499.7142857142857,384.0,394.42857142857144,382.0,362.42857142857144,370.0,330.0,63.0,63.714285714285715,564.0,485.0,122.0,94.57142857142857,154.0,253.85714285714286,278.0,347.0,282.0,298.14285714285717,1,10
2022-10-12,511,375,449,364,107,483,102,245,343,240,517.0,483.0,349.0,383.0,424.0,375.7142857142857,315.0,328.57142857142856,102.0,74.42857142857143,490.0,489.2857142857143,112.0,97.28571428571429,291.0,256.85714285714283,422.0,353.42857142857144,334.0,275.2857142857143,2,10
2022-10-13,595,377,427,371,118,376,99,239,389,316,511.0,507.0,375.0,382.85714285714283,449.0,393.57142857142856,364.0,339.85714285714283,107.0,85.0,483.0,474.7142857142857,102.0,101.14285714285714,245.0,255.0,343.0,359.42857142857144,240.0,285.42857142857144,3,10
2022-10-14,523,393,386,313,90,497,138,219,313,311,595.0,495.0,377.0,378.14285714285717,427.0,401.0,371.0,330.57142857142856,118.0,87.57142857142857,376.0,483.0,99.0,106.85714285714286,239.0,248.28571428571428,389.0,349.57142857142856,316.0,287.14285714285717,4,10
2022-10-15,648,463,382,403,81,421,82,328,350,286,523.0,517.4285714285714,393.0,386.2857142857143,386.0,401.57142857142856,313.0,358.14285714285717,90.0,91.42857142857143,497.0,476.2857142857143,138.0,111.28571428571429,219.0,253.71428571428572,313.0,348.42857142857144,311.0,283.85714285714283,5,10
2022-10-16,543,513,342,326,62,585,130,195,433,356,648.0,536.1428571428571,463.0,407.7142857142857,382.0,398.85714285714283,403.0,351.7142857142857,81.0,89.0,421.0,488.0,82.0,112.14285714285714,328.0,238.71428571428572,350.0,361.14285714285717,286.0,303.57142857142856,6,10
2022-10-17,463,318,324,378,57,428,109,242,333,400,543.0,542.8571428571429,513.0,398.2857142857143,342.0,390.57142857142856,326.0,352.85714285714283,62.0,88.14285714285714,585.0,468.57142857142856,130.0,110.28571428571429,195.0,251.28571428571428,433.0,369.0,356.0,320.42857142857144,0,10
2022-10-18,502,560,502,335,47,413,123,194,259,428,463.0,540.7142857142857,318.0,428.42857142857144,324.0,401.7142857142857,378.0,355.7142857142857,57.0,80.28571428571429,428.0,457.57142857142856,109.0,111.85714285714286,242.0,237.42857142857142,333.0,345.7142857142857,400.0,333.85714285714283,1,10
2022-10-19,494,339,388,392,75,404,64,225,371,367,502.0,538.2857142857143,560.0,423.2857142857143,502.0,393.0,335.0,359.7142857142857,47.0,75.71428571428571,413.0,446.2857142857143,123.0,106.42857142857143,194.0,234.57142857142858,259.0,349.7142857142857,428.0,352.0,2,10
2022-10-20,476,420,395,358,81,414,126,290,355,324,494.0,521.2857142857143,339.0,429.42857142857144,388.0,388.42857142857144,392.0,357.85714285714283,75.0,70.42857142857143,404.0,451.7142857142857,64.0,110.28571428571429,225.0,241.85714285714286,371.0,344.85714285714283,367.0,353.14285714285717,3,10
2022-10-21,454,428,341,342,122,462,105,262,401,321,476.0,511.42857142857144,420.0,434.42857142857144,395.0,382.0,358.0,362.0,81.0,75.0,414.0,446.7142857142857,126.0,105.57142857142857,290.0,248.0,355.0,357.42857142857144,324.0,354.57142857142856,4,10
2022-10-22,457,426,305,302,60,422,105,211,385,362,454.0,484.14285714285717,428.0,429.14285714285717,341.0,371.0,342.0,347.57142857142856,122.0,72.0,462.0,446.85714285714283,105.0,108.85714285714286,262.0,231.28571428571428,401.0,362.42857142857144,321.0,365.42857142857144,5,10
2022-10-23,466,334,347,344,43,438,123,223,387,367,457.0,473.14285714285717,426.0,403.57142857142856,305.0,371.7142857142857,302.0,350.14285714285717,60.0,69.28571428571429,422.0,425.85714285714283,105.0,107.85714285714286,211.0,235.28571428571428,385.0,355.85714285714283,362.0,367.0,6,10
2022-10-24,544,460,310,356,72,396,123,234,361,351,466.0,484.7142857142857,334.0,423.85714285714283,347.0,369.7142857142857,344.0,347.0,43.0,71.42857142857143,438.0,421.2857142857143,123.0,109.85714285714286,223.0,234.14285714285714,387.0,359.85714285714283,367.0,360.0,0,10
2022-10-25,533,330,373,448,44,564,90,205,351,364,544.0,489.14285714285717,460.0,391.0,310.0,351.2857142857143,356.0,363.14285714285717,72.0,71.0,396.0,442.85714285714283,123.0,105.14285714285714,234.0,235.71428571428572,361.0,373.0,351.0,350.85714285714283,1,10
2022-10-26,369,399,381,392,55,427,139,220,282,270,533.0,471.2857142857143,330.0,399.57142857142856,373.0,350.2857142857143,448.0,363.14285714285717,44.0,68.14285714285714,564.0,446.14285714285717,90.0,115.85714285714286,205.0,235.0,351.0,360.2857142857143,364.0,337.0,2,10
2022-10-27,523,413,347,326,73,483,84,192,435,332,369.0,478.0,399.0,398.57142857142856,381.0,343.42857142857144,392.0,358.57142857142856,55.0,67.0,427.0,456.0,139.0,109.85714285714286,220.0,221.0,282.0,371.7142857142857,270.0,338.14285714285717,3,10
2022-10-28,460,357,405,417,100,523,120,196,352,366,523.0,478.85714285714283,413.0,388.42857142857144,347.0,352.57142857142856,326.0,369.2857142857143,73.0,63.857142857142854,483.0,464.7142857142857,84.0,112.0,192.0,211.57142857142858,435.0,364.7142857142857,332.0,344.57142857142856,4,10
2022-10-29,459,422,329,401,43,490,152,213,403,378,460.0,479.14285714285717,357.0,387.85714285714283,405.0,356.0,417.0,383.42857142857144,100.0,61.42857142857143,523.0,474.42857142857144,120.0,118.71428571428571,196.0,211.85714285714286,352.0,367.2857142857143,366.0,346.85714285714283,5,10
2022-10-30,499,384,330,363,83,494,96,231,331,339,459.0,483.85714285714283,422.0,395.0,329.0,353.57142857142856,401.0,386.14285714285717,43.0,67.14285714285714,490.0,482.42857142857144,152.0,114.85714285714286,213.0,213.0,403.0,359.2857142857143,378.0,342.85714285714283,6,10
2022-10-31,353,454,358,300,79,530,162,277,353,287,499.0,456.57142857142856,384.0,394.14285714285717,330.0,360.42857142857144,363.0,378.14285714285717,83.0,68.14285714285714,494.0,501.57142857142856,96.0,120.42857142857143,231.0,219.14285714285714,331.0,358.14285714285717,339.0,333.7142857142857,0,10
2022-11-01,423,449,375,365,65,423,94,308,281,334,353.0,440.85714285714283,454.0,411.14285714285717,358.0,360.7142857142857,300.0,366.2857142857143,79.0,71.14285714285714,530.0,481.42857142857144,162.0,121.0,277.0,233.85714285714286,353.0,348.14285714285717,287.0,329.42857142857144,1,11
2022-11-02,474,564,313,307,57,535,128,214,353,428,423.0,455.85714285714283,449.0,434.7142857142857,375.0,351.0,365.0,354.14285714285717,65.0,71.42857142857143,423.0,496.85714285714283,94.0,119.42857142857143,308.0,233.0,281.0,358.2857142857143,334.0,352.0,2,11
2022-11-03,569,469,375,302,113,514,103,319,425,338,474.0,462.42857142857144,564.0,442.7142857142857,313.0,355.0,307.0,350.7142857142857,57.0,77.14285714285714,535.0,501.2857142857143,128.0,122.14285714285714,214.0,251.14285714285714,353.0,356.85714285714283,428.0,352.85714285714283,3,11
2022-11-04,535,402,412,407,64,530,69,201,327,325,569.0,473.14285714285717,469.0,449.14285714285717,375.0,356.0,302.0,349.2857142857143,113.0,72.0,514.0,502.2857142857143,103.0,114.85714285714286,319.0,251.85714285714286,425.0,353.2857142857143,338.0,347.0,4,11
2022-11-05,418,374,372,381,68,518,94,178,356,311,535.0,467.2857142857143,402.0,442.2857142857143,412.0,362.14285714285717,407.0,346.42857142857144,64.0,75.57142857142857,530.0,506.2857142857143,69.0,106.57142857142857,201.0,246.85714285714286,327.0,346.57142857142856,325.0,337.42857142857144,5,11
2022-11-06,474,408,305,332,80,499,118,285,331,388,418.0,463.7142857142857,374.0,445.7142857142857,372.0,358.57142857142856,381.0,342.0,68.0,75.14285714285714,518.0,507.0,94.0,109.71428571428571,178.0,254.57142857142858,356.0,346.57142857142856,311.0,344.42857142857144,6,11
2022-11-07,543,485,387,296,60,452,117,282,299,305,474.0,490.85714285714283,408.0,450.14285714285717,305.0,362.7142857142857,332.0,341.42857142857144,80.0,72.42857142857143,499.0,495.85714285714283,118.0,103.28571428571429,285.0,255.28571428571428,331.0,338.85714285714283,388.0,347.0,0,11
2022-11-08,501,389,436,359,105,468,136,258,404,354,543.0,502.0,485.0,441.57142857142856,387.0,371.42857142857144,296.0,340.57142857142856,60.0,78.14285714285714,452.0,502.2857142857143,117.0,109.28571428571429,282.0,248.14285714285714,299.0,356.42857142857144,305.0,349.85714285714283,1,11
2022-11-09,464,408,388,353,72,430,81,274,422,381,501.0,500.57142857142856,389.0,419.2857142857143,436.0,382.14285714285717,359.0,347.14285714285717,105.0,80.28571428571429,468.0,487.2857142857143,136.0,102.57142857142857,258.0,256.7142857142857,404.0,366.2857142857143,354.0,343.14285714285717,2,11
2022-11-10,482,401,367,406,97,444,132,285,383,319,464.0,488.14285714285717,408.0,409.57142857142856,388.0,381.0,353.0,362.0,72.0,78.0,430.0,477.2857142857143,81.0,106.71428571428571,274.0,251.85714285714286,422.0,360.2857142857143,381.0,340.42857142857144,3,11
2022-11-11,556,399,321,404,88,367,112,230,417,271,482.0,491.14285714285717,401.0,409.14285714285717,367.0,368.0,406.0,361.57142857142856,97.0,81.42857142857143,444.0,454.0,132.0,112.85714285714286,285.0,256.0,383.0,373.14285714285717,319.0,332.7142857142857,4,11
2022-11-12,464,390,337,385,81,452,82,241,415,297,556.0,497.7142857142857,399.0,411.42857142857144,321.0,363.0,404.0,362.14285714285717,88.0,83.28571428571429,367.0,444.57142857142856,112.0,111.14285714285714,230.0,265.0,417.0,381.57142857142856,271.0,330.7142857142857,5,11
2022-11-13,440,329,375,380,39,422,86,226,326,334,464.0,492.85714285714283,390.0,400.14285714285717,337.0,373.0,385.0,369.0,81.0,77.42857142857143,452.0,433.57142857142856,82.0,106.57142857142857,241.0,256.57142857142856,415.0,380.85714285714283,297.0,323.0,6,11
2022-11-14,496,415,330,335,74,447,93,331,315,360,440.0,486.14285714285717,329.0,390.14285714285717,375.0,364.85714285714283,380.0,374.57142857142856,39.0,79.42857142857143,422.0,432.85714285714283,86.0,103.14285714285714,226.0,263.57142857142856,326.0,383.14285714285717,334.0,330.85714285714283,0,11
2022-11-15,493,430,307,385,76,576,104,306,354,360,496.0,485.0,415.0,396.0,330.0,346.42857142857144,335.0,378.2857142857143,74.0,75.28571428571429,447.0,448.2857142857143,93.0,98.57142857142857,331.0,270.42857142857144,315.0,376.0,360.0,331.7142857142857,1,11
2022-11-16,574,340,319,369,68,525,126,295,412,403,493.0,500.7142857142857,430.0,386.2857142857143,307.0,336.57142857142856,385.0,380.57142857142856,76.0,74.71428571428571,576.0,461.85714285714283,104.0,105.0,306.0,273.42857142857144,354.0,374.57142857142856,360.0,334.85714285714283,2,11
2022-11-17,514,444,347,352,97,466,93,215,364,292,574.0,505.2857142857143,340.0,392.42857142857144,319.0,333.7142857142857,369.0,372.85714285714283,68.0,74.71428571428571,525.0,465.0,126.0,99.42857142857143,295.0,263.42857142857144,412.0,371.85714285714283,403.0,331.0,3,11
2022-11-18,499,370,378,393,96,421,79,232,375,240,514.0,497.14285714285717,444.0,388.2857142857143,347.0,341.85714285714283,352.0,371.2857142857143,97.0,75.85714285714286,466.0,472.7142857142857,93.0,94.71428571428571,215.0,263.7142857142857,364.0,365.85714285714283,292.0,326.57142857142856,4,11
2022-11-19,592,398,402,502,95,594,39,255,396,339,499.0,515.4285714285714,370.0,389.42857142857144,378.0,351.14285714285717,393.0,388.0,96.0,77.85714285714286,421.0,493.0,79.0,88.57142857142857,232.0,265.7142857142857,375.0,363.14285714285717,240.0,332.57142857142856,5,11
2022-11-20,450,321,319,372,47,331,96,257,358,413,592.0,516.8571428571429,398.0,388.2857142857143,402.0,343.14285714285717,502.0,386.85714285714283,95.0,79.0,594.0,480.0,39.0,90.0,255.0,270.14285714285717,396.0,367.7142857142857,339.0,343.85714285714283,6,11
2022-11-21,490,464,324,370,76,554,127,236,372,306,450.0,516.0,321.0,395.2857142857143,319.0,342.2857142857143,372.0,391.85714285714283,47.0,79.28571428571429,331.0,495.2857142857143,96.0,94.85714285714286,257.0,256.57142857142856,358.0,375.85714285714283,413.0,336.14285714285717,0,11
2022-11-22,551,362,339,409,77,396,131,279,328,310,490.0,524.2857142857143,464.0,385.57142857142856,324.0,346.85714285714283,370.0,395.2857142857143,76.0,79.42857142857143,554.0,469.57142857142856,127.0,98.71428571428571,236.0,252.71428571428572,372.0,372.14285714285717,306.0,329.0,1,11
2022-11-23,461,408,338,422,89,421,89,230,277,310,551.0,508.14285714285717,362.0,395.2857142857143,339.0,349.57142857142856,409.0,402.85714285714283,77.0,82.42857142857143,396.0,454.7142857142857,131.0,93.42857142857143,279.0,243.42857142857142,328.0,352.85714285714283,310.0,315.7142857142857,2,11
2022-11-24,481,373,367,331,53,429,90,241,366,316,461.0,503.42857142857144,408.0,385.14285714285717,338.0,352.42857142857144,422.0,399.85714285714283,89.0,76.14285714285714,421.0,449.42857142857144,89.0,93.0,230.0,247.14285714285714,277.0,353.14285714285717,310.0,319.14285714285717,3,11
2022-11-25,515,355,280,365,108,461,64,282,397,397,481.0,505.7142857142857,373.0,383.0,367.0,338.42857142857144,331.0,395.85714285714283,53.0,77.85714285714286,429.0,455.14285714285717,90.0,90.85714285714286,241.0,254.28571428571428,366.0,356.2857142857143,316.0,341.57142857142856,4,11
2022-11-26,577,396,358,291,39,434,154,200,389,333,515.0,503.57142857142856,355.0,382.7142857142857,280.0,332.14285714285717,365.0,365.7142857142857,108.0,69.85714285714286,461.0,432.2857142857143,64.0,107.28571428571429,282.0,246.42857142857142,397.0,355.2857142857143,397.0,340.7142857142857,5,11
2022-11-27,552,306,346,329,71,494,91,221,391,347,577.0,518.1428571428571,396.0,380.57142857142856,358.0,336.0,291.0,359.57142857142856,39.0,73.28571428571429,434.0,455.57142857142856,154.0,106.57142857142857,200.0,241.28571428571428,389.0,360.0,333.0,331.2857142857143,6,11
2022-11-28,554,406,452,400,92,458,69,325,377,368,552.0,527.2857142857143,306.0,372.2857142857143,346.0,354.2857142857143,329.0,363.85714285714283,71.0,75.57142857142857,494.0,441.85714285714283,91.0,98.28571428571429,221.0,254.0,391.0,360.7142857142857,347.0,340.14285714285717,0,11
2022-11-29,535,432,389,349,108,466,123,292,471,345,554.0,525.0,406.0,382.2857142857143,452.0,361.42857142857144,400.0,355.2857142857143,92.0,80.0,458.0,451.85714285714283,69.0,97.14285714285714,325.0,255.85714285714286,377.0,381.14285714285717,368.0,345.14285714285717,1,11
2022-11-30,572,422,282,323,73,511,93,250,392,376,535.0,540.8571428571429,432.0,384.2857142857143,389.0,353.42857142857144,349.0,341.14285714285717,108.0,77.71428571428571,466.0,464.7142857142857,123.0,97.71428571428571,292.0,258.7142857142857,471.0,397.57142857142856,345.0,354.57142857142856,2,11
2022-12-01,482,484,393,342,89,396,86,305,397,370,572.0,541.0,422.0,400.14285714285717,282.0,357.14285714285717,323.0,342.7142857142857,73.0,82.85714285714286,511.0,460.0,93.0,97.14285714285714,250.0,267.85714285714283,392.0,402.0,376.0,362.2857142857143,3,12
2022-12-02,440,341,428,429,90,426,83,284,346,264,482.0,530.2857142857143,484.0,398.14285714285717,393.0,378.2857142857143,342.0,351.85714285714283,89.0,80.28571428571429,396.0,455.0,86.0,99.85714285714286,305.0,268.14285714285717,397.0,394.7142857142857,370.0,343.2857142857143,4,12
2022-12-03,507,416,391,419,65,508,85,281,329,331,440.0,520.2857142857143,341.0,401.0,428.0,383.0,429.0,370.14285714285717,90.0,84.0,426.0,465.57142857142856,83.0,90.0,284.0,279.7142857142857,346.0,386.14285714285717,264.0,343.0,5,12
2022-12-04,621,340,471,453,104,444,105,201,470,319,507.0,530.1428571428571,416.0,405.85714285714283,391.0,400.85714285714283,419.0,387.85714285714283,65.0,88.71428571428571,508.0,458.42857142857144,85.0,92.0,281.0,276.85714285714283,329.0,397.42857142857144,331.0,339.0,6,12
2022-12-05,479,448,443,384,64,454,139,252,443,345,621.0,519.4285714285714,340.0,411.85714285714283,471.0,399.57142857142856,453.0,385.57142857142856,104.0,84.71428571428571,444.0,457.85714285714283,105.0,102.0,201.0,266.42857142857144,470.0,406.85714285714283,319.0,335.7142857142857,0,12
2022-12-06,474,354,328,241,85,478,123,244,317,397,479.0,510.7142857142857,448.0,400.7142857142857,443.0,390.85714285714283,384.0,370.14285714285717,64.0,81.42857142857143,454.0,459.57142857142856,139.0,102.0,252.0,259.57142857142856,443.0,384.85714285714283,345.0,343.14285714285717,1,12
2022-12-07,536,394,370,315,56,454,152,183,384,308,474.0,505.57142857142856,354.0,396.7142857142857,328.0,403.42857142857144,241.0,369.0,85.0,79.0,478.0,451.42857142857144,123.0,110.42857142857143,244.0,250.0,317.0,383.7142857142857,397.0,333.42857142857144,2,12
2022-12-08,617,392,418,309,113,473,112,224,321,281,536.0,524.8571428571429,394.0,383.57142857142856,370.0,407.0,315.0,364.2857142857143,56.0,82.42857142857143,454.0,462.42857142857144,152.0,114.14285714285714,183.0,238.42857142857142,384.0,372.85714285714283,308.0,320.7142857142857,3,12
2022-12-09,440,379,292,441,78,459,100,296,334,346,617.0,524.8571428571429,392.0,389.0,418.0,387.57142857142856,309.0,366.0,113.0,80.71428571428571,473.0,467.14285714285717,112.0,116.57142857142857,224.0,240.14285714285714,321.0,371.14285714285717,281.0,332.42857142857144,4,12
2022-12-10,450,366,258,322,65,404,141,255,297,247,440.0,516.7142857142857,379.0,381.85714285714283,292.0,368.57142857142856,441.0,352.14285714285717,78.0,80.71428571428571,459.0,452.2857142857143,100.0,124.57142857142857,296.0,236.42857142857142,334.0,366.57142857142856,346.0,320.42857142857144,5,12
2022-12-11,490,412,347,364,66,410,87,293,366,354,450.0,498.0,366.0,392.14285714285717,258.0,350.85714285714283,322.0,339.42857142857144,65.0,75.28571428571429,404.0,447.42857142857144,141.0,122.0,255.0,249.57142857142858,297.0,351.7142857142857,247.0,325.42857142857144,6,12
2022-12-12,481,467,435,318,44,439,108,367,363,274,490.0,498.2857142857143,412.0,394.85714285714283,347.0,349.7142857142857,364.0,330.0,66.0,72.42857142857143,410.0,445.2857142857143,87.0,117.57142857142857,293.0,266.0,366.0,340.2857142857143,354.0,315.2857142857143,0,12
2022-12-13,556,340,373,313,77,452,98,296,440,352,481.0,510.0,467.0,392.85714285714283,435.0,356.14285714285717,318.0,340.2857142857143,44.0,71.28571428571429,439.0,441.57142857142856,108.0,114.0,367.0,273.42857142857144,363.0,357.85714285714283,274.0,308.85714285714283,1,12
2022-12-14,519,311,398,311,64,480,126,344,328,352,556.0,507.57142857142856,340.0,381.0,373.0,360.14285714285717,313.0,339.7142857142857,77.0,72.42857142857143,452.0,445.2857142857143,98.0,110.28571428571429,296.0,296.42857142857144,440.0,349.85714285714283,352.0,315.14285714285717,2,12
2022-12-15,465,318,364,363,97,546,81,357,467,311,519.0,485.85714285714283,311.0,370.42857142857144,398.0,352.42857142857144,311.0,347.42857142857144,64.0,70.14285714285714,480.0,455.7142857142857,126.0,105.85714285714286,344.0,315.42857142857144,328.0,370.7142857142857,352.0,319.42857142857144,3,12
2022-12-16,569,439,328,339,65,494,126,224,438,357,465.0,504.2857142857143,318.0,379.0,364.0,357.57142857142856,363.0,332.85714285714283,97.0,68.28571428571429,546.0,460.7142857142857,81.0,109.57142857142857,357.0,305.14285714285717,467.0,385.57142857142856,311.0,321.0,4,12
2022-12-17,476,426,387,324,86,353,145,269,249,377,569.0,508.0,439.0,387.57142857142856,328.0,376.0,339.0,333.14285714285717,65.0,71.28571428571429,494.0,453.42857142857144,126.0,110.14285714285714,224.0,307.14285714285717,438.0,378.7142857142857,357.0,339.57142857142856,5,12
2022-12-18,572,514,299,264,78,509,156,234,409,264,476.0,519.7142857142857,426.0,402.14285714285717,387.0,369.14285714285717,324.0,318.85714285714283,86.0,73.0,353.0,467.57142857142856,145.0,120.0,269.0,298.7142857142857,249.0,384.85714285714283,377.0,326.7142857142857,6,12
2022-12-19,401,422,342,285,64,422,133,260,369,307,572.0,508.2857142857143,514.0,395.7142857142857,299.0,355.85714285714283,264.0,314.14285714285717,78.0,75.85714285714286,509.0,465.14285714285717,156.0,123.57142857142857,234.0,283.42857142857144,409.0,385.7142857142857,264.0,331.42857142857144,0,12
2022-12-20,497,286,290,428,66,468,70,209,372,315,401.0,499.85714285714283,422.0,388.0,342.0,344.0,285.0,330.57142857142856,64.0,74.28571428571429,422.0,467.42857142857144,133.0,119.57142857142857,260.0,271.0,369.0,376.0,307.0,326.14285714285717,1,12
2022-12-21,408,377,378,346,42,465,141,299,365,337,497.0,484.0,286.0,397.42857142857144,290.0,341.14285714285717,428.0,335.57142857142856,66.0,71.14285714285714,468.0,465.2857142857143,70.0,121.71428571428571,209.0,264.57142857142856,372.0,381.2857142857143,315.0,324.0,2,12
2022-12-22,520,441,365,406,88,404,121,314,444,347,408.0,491.85714285714283,377.0,415.0,378.0,341.2857142857143,346.0,341.7142857142857,42.0,69.85714285714286,465.0,445.0,141.0,127.42857142857143,299.0,258.42857142857144,365.0,378.0,337.0,329.14285714285717,3,12
2022-12-23,492,416,326,425,55,499,121,176,267,265,520.0,480.85714285714283,441.0,411.7142857142857,365.0,341.0,406.0,354.0,88.0,68.42857142857143,404.0,445.7142857142857,121.0,126.71428571428571,314.0,251.57142857142858,444.0,353.57142857142856,347.0,316.0,4,12
2022-12-24,504,424,382,265,40,403,72,274,459,233,492.0,484.85714285714283,416.0,411.42857142857144,326.0,340.2857142857143,425.0,345.57142857142856,55.0,61.857142857142854,499.0,452.85714285714283,121.0,116.28571428571429,176.0,252.28571428571428,267.0,383.57142857142856,265.0,295.42857142857144,5,12
2022-12-25,453,352,459,308,56,467,133,245,427,367,504.0,467.85714285714283,424.0,388.2857142857143,382.0,363.14285714285717,265.0,351.85714285714283,40.0,58.714285714285715,403.0,446.85714285714283,72.0,113.0,274.0,253.85714285714286,459.0,386.14285714285717,233.0,310.14285714285717,6,12
2022-12-26,489,411,460,453,70,473,95,237,344,318,453.0,480.42857142857144,352.0,386.7142857142857,459.0,380.0,308.0,375.85714285714283,56.0,59.57142857142857,467.0,454.14285714285717,133.0,107.57142857142857,245.0,250.57142857142858,427.0,382.57142857142856,367.0,311.7142857142857,0,12
2022-12-27,495,395,325,373,96,424,128,238,316,311,489.0,480.14285714285717,411.0,402.2857142857143,460.0,385.0,453.0,368.0,70.0,63.857142857142854,473.0,447.85714285714283,95.0,115.85714285714286,237.0,254.71428571428572,344.0,374.57142857142856,318.0,311.14285714285717,1,12
2022-12-28,622,403,350,340,26,455,118,255,329,328,495.0,510.7142857142857,395.0,406.0,325.0,381.0,373.0,367.14285714285717,96.0,61.57142857142857,424.0,446.42857142857144,128.0,112.57142857142857,238.0,248.42857142857142,316.0,369.42857142857144,311.0,309.85714285714283,2,12
2022-12-29,525,363,254,329,120,521,187,243,342,323,622.0,511.42857142857144,403.0,394.85714285714283,350.0,365.14285714285717,340.0,356.14285714285717,26.0,66.14285714285714,455.0,463.14285714285717,118.0,122.0,255.0,238.28571428571428,329.0,354.85714285714283,328.0,306.42857142857144,3,12
2022-12-30,488,414,370,305,120,475,134,258,336,364,525.0,510.85714285714283,363.0,394.57142857142856,254.0,371.42857142857144,329.0,339.0,120.0,75.42857142857143,521.0,459.7142857142857,187.0,123.85714285714286,243.0,250.0,342.0,364.7142857142857,323.0,320.57142857142856,4,12
2022-12-31,616,383,293,310,49,435,133,235,397,321,488.0,526.8571428571429,414.0,388.7142857142857,370.0,358.7142857142857,305.0,345.42857142857144,120.0,76.71428571428571,475.0,464.2857142857143,134.0,132.57142857142858,258.0,244.42857142857142,336.0,355.85714285714283,364.0,333.14285714285717,5,12
2023-01-01,438,477,381,425,47,510,100,237,394,326,616.0,524.7142857142857,383.0,406.57142857142856,293.0,347.57142857142856,310.0,362.14285714285717,49.0,75.42857142857143,435.0,470.42857142857144,133.0,127.85714285714286,235.0,243.28571428571428,397.0,351.14285714285717,321.0,327.2857142857143,6,1
2023-01-02,480,323,333,410,95,466,106,378,354,375,438.0,523.4285714285714,477.0,394.0,381.0,329.42857142857144,425.0,356.0,47.0,79.0,510.0,469.42857142857144,100.0,129.42857142857142,237.0,263.42857142857144,394.0,352.57142857142856,326.0,335.42857142857144,0,1
2023-01-03,480,341,427,377,89,512,101,383,414,336,480.0,521.2857142857143,323.0,386.2857142857143,333.0,344.0,410.0,356.57142857142856,95.0,78.0,466.0,482.0,106.0,125.57142857142857,378.0,284.14285714285717,354.0,366.57142857142856,375.0,339.0,1,1
2023-01-04,478,372,399,434,46,378,109,226,406,288,480.0,500.7142857142857,341.0,381.85714285714283,427.0,351.0,377.0,370.0,89.0,80.85714285714286,512.0,471.0,101.0,124.28571428571429,383.0,280.0,414.0,377.57142857142856,336.0,333.2857142857143,2,1
2023-01-05,441,447,298,328,119,428,95,269,349,339,478.0,488.7142857142857,372.0,393.85714285714283,399.0,357.2857142857143,434.0,369.85714285714283,46.0,80.71428571428571,378.0,457.7142857142857,109.0,111.14285714285714,226.0,283.7142857142857,406.0,378.57142857142856,288.0,335.57142857142856,3,1
2023-01-06,514,429,275,432,65,400,173,351,369,349,441.0,492.42857142857144,447.0,396.0,298.0,343.7142857142857,328.0,388.0,119.0,72.85714285714286,428.0,447.0,95.0,116.71428571428571,269.0,297.0,349.0,383.2857142857143,339.0,333.42857142857144,4,1
2023-01-07,518,286,328,358,41,458,143,239,344,380,514.0,478.42857142857144,429.0,382.14285714285717,275.0,348.7142857142857,432.0,394.85714285714283,65.0,71.71428571428571,400.0,450.2857142857143,173.0,118.14285714285714,351.0,297.57142857142856,369.0,375.7142857142857,349.0,341.85714285714283,5,1
2023-01-08,626,471,386,312,68,480,163,281,298,374,518.0,505.2857142857143,286.0,381.2857142857143,328.0,349.42857142857144,358.0,378.7142857142857,41.0,74.71428571428571,458.0,446.0,143.0,127.14285714285714,239.0,303.85714285714283,344.0,362.0,380.0,348.7142857142857,6,1
2023-01-09,569,407,385,335,69,460,75,224,346,359,626.0,518.0,471.0,393.2857142857143,386.0,356.85714285714283,312.0,368.0,68.0,71.0,480.0,445.14285714285717,163.0,122.71428571428571,281.0,281.85714285714283,298.0,360.85714285714283,374.0,346.42857142857144,0,1
2023-01-10,460,385,340,311,41,461,113,301,425,313,569.0,515.1428571428571,407.0,399.57142857142856,385.0,344.42857142857144,335.0,358.57142857142856,69.0,64.14285714285714,460.0,437.85714285714283,75.0,124.42857142857143,224.0,270.14285714285717,346.0,362.42857142857144,359.0,343.14285714285717,1,1
2023-01-11,480,407,281,323,82,487,124,280,333,380,460.0,515.4285714285714,385.0,404.57142857142856,340.0,327.57142857142856,311.0,342.7142857142857,41.0,69.28571428571429,461.0,453.42857142857144,113.0,126.57142857142857,301.0,277.85714285714283,425.0,352.0,313.0,356.2857142857143,2,1
2023-01-12,518,400,315,352,58,501,108,333,425,339,480.0,526.4285714285714,407.0,397.85714285714283,281.0,330.0,323.0,346.14285714285717,82.0,60.57142857142857,487.0,463.85714285714283,124.0,128.42857142857142,280.0,287.0,333.0,362.85714285714283,380.0,356.2857142857143,3,1
2023-01-13,466,361,418,391,114,410,93,282,347,373,518.0,519.5714285714286,400.0,388.14285714285717,315.0,350.42857142857144,352.0,340.2857142857143,58.0,67.57142857142857,501.0,465.2857142857143,108.0,117.0,333.0,277.14285714285717,425.0,359.7142857142857,339.0,359.7142857142857,4,1
2023-01-14,624,388,402,319,84,385,131,261,367,359,466.0,534.7142857142857,361.0,402.7142857142857,418.0,361.0,391.0,334.7142857142857,114.0,73.71428571428571,410.0,454.85714285714283,93.0,115.28571428571429,282.0,280.2857142857143,347.0,363.0,373.0,356.7142857142857,5,1
2023-01-15,515,436,294,363,60,360,102,265,413,278,624.0,518.8571428571429,388.0,397.7142857142857,402.0,347.85714285714283,319.0,342.0,84.0,72.57142857142857,385.0,437.7142857142857,131.0,106.57142857142857,261.0,278.0,367.0,379.42857142857144,359.0,343.0,6,1
2023-01-16,606,364,346,284,77,555,54,256,284,276,515.0,524.1428571428571,436.0,391.57142857142856,294.0,342.2857142857143,363.0,334.7142857142857,60.0,73.71428571428571,360.0,451.2857142857143,102.0,103.57142857142857,265.0,282.57142857142856,413.0,370.57142857142856,278.0,331.14285714285717,0,1
2023-01-17,576,411,309,284,57,479,101,317,300,248,606.0,540.7142857142857,364.0,395.2857142857143,346.0,337.85714285714283,284.0,330.85714285714283,77.0,76.0,555.0,453.85714285714283,54.0,101.85714285714286,256.0,284.85714285714283,284.0,352.7142857142857,276.0,321.85714285714283,1,1
2023-01-18,523,300,257,411,48,514,78,217,360,372,576.0,546.8571428571429,411.0,380.0,309.0,334.42857142857144,284.0,343.42857142857144,57.0,71.14285714285714,479.0,457.7142857142857,101.0,95.28571428571429,317.0,275.85714285714283,300.0,356.57142857142856,248.0,320.7142857142857,2,1
2023-01-19,484,369,436,364,59,481,144,243,317,270,523.0,542.0,300.0,375.57142857142856,257.0,351.7142857142857,411.0,345.14285714285717,48.0,71.28571428571429,514.0,454.85714285714283,78.0,100.42857142857143,217.0,263.0,360.0,341.14285714285717,372.0,310.85714285714283,3,1
2023-01-20,483,387,406,411,29,451,108,189,311,333,484.0,544.4285714285714,369.0,379.2857142857143,436.0,350.0,364.0,348.0,59.0,59.142857142857146,481.0,460.7142857142857,144.0,102.57142857142857,243.0,249.71428571428572,317.0,336.0,270.0,305.14285714285717,4,1
2023-01-21,443,423,358,288,49,488,78,189,405,318,483.0,518.5714285714286,387.0,384.2857142857143,406.0,343.7142857142857,411.0,343.57142857142856,29.0,54.142857142857146,451.0,475.42857142857144,108.0,95.0,189.0,239.42857142857142,311.0,341.42857142857144,333.0,299.2857142857143,5,1
2023-01-22,510,526,481,403,72,469,149,205,410,332,443.0,517.8571428571429,423.0,397.14285714285717,358.0,370.42857142857144,288.0,349.2857142857143,49.0,55.857142857142854,488.0,491.0,78.0,101.71428571428571,189.0,230.85714285714286,405.0,341.0,318.0,307.0,6,1
2023-01-23,513,317,358,341,76,508,89,227,403,326,510.0,504.57142857142856,526.0,390.42857142857144,481.0,372.14285714285717,403.0,357.42857142857144,72.0,55.714285714285715,469.0,484.2857142857143,149.0,106.71428571428571,205.0,226.71428571428572,410.0,358.0,332.0,314.14285714285717,0,1
2023-01-24,518,348,325,430,44,509,106,311,388,237,513.0,496.2857142857143,317.0,381.42857142857144,358.0,374.42857142857144,341.0,378.2857142857143,76.0,53.857142857142854,508.0,488.57142857142856,89.0,107.42857142857143,227.0,225.85714285714286,403.0,370.57142857142856,326.0,312.57142857142856,1,1
2023-01-25,495,362,324,363,52,459,84,269,359,251,518.0,492.2857142857143,348.0,390.2857142857143,325.0,384.0,430.0,371.42857142857144,44.0,54.42857142857143,509.0,480.7142857142857,106.0,108.28571428571429,311.0,233.28571428571428,388.0,370.42857142857144,237.0,295.2857142857143,2,1
2023-01-26,498,409,266,385,62,356,101,256,309,420,495.0,494.2857142857143,362.0,396.0,324.0,359.7142857142857,363.0,374.42857142857144,52.0,54.857142857142854,459.0,462.85714285714283,84.0,102.14285714285714,269.0,235.14285714285714,359.0,369.2857142857143,251.0,316.7142857142857,3,1
2023-01-27,480,382,379,305,65,398,65,267,368,228,498.0,493.85714285714283,409.0,395.2857142857143,266.0,355.85714285714283,385.0,359.2857142857143,62.0,60.0,356.0,455.2857142857143,101.0,96.0,256.0,246.28571428571428,309.0,377.42857142857144,420.0,301.7142857142857,4,1
2023-01-28,716,419,341,372,138,394,89,231,409,288,480.0,532.8571428571429,382.0,394.7142857142857,379.0,353.42857142857144,305.0,371.2857142857143,65.0,72.71428571428571,398.0,441.85714285714283,65.0,97.57142857142857,267.0,252.28571428571428,368.0,378.0,228.0,297.42857142857144,5,1
2023-01-29,491,385,386,294,104,581,99,267,344,345,716.0,530.1428571428571,419.0,374.57142857142856,341.0,339.85714285714283,372.0,355.7142857142857,138.0,77.28571428571429,394.0,457.85714285714283,89.0,90.42857142857143,231.0,261.14285714285717,409.0,368.57142857142856,288.0,299.2857142857143,6,1
2023-01-30,503,460,402,336,111,356,120,195,358,319,491.0,528.7142857142857,385.0,395.0,386.0,346.14285714285717,294.0,355.0,104.0,82.28571428571429,581.0,436.14285714285717,99.0,94.85714285714286,267.0,256.57142857142856,344.0,362.14285714285717,345.0,298.2857142857143,0,1
2023-01-31,592,403,430,349,49,400,137,287,323,338,503.0,539.2857142857143,460.0,402.85714285714283,402.0,361.14285714285717,336.0,343.42857142857144,111.0,83.0,356.0,420.57142857142856,120.0,99.28571428571429,195.0,253.14285714285714,358.0,352.85714285714283,319.0,312.7142857142857,1,1
2023-02-01,500,376,424,390,69,430,131,203,406,316,592.0,540.0,403.0,404.85714285714283,430.0,375.42857142857144,349.0,347.2857142857143,49.0,85.42857142857143,400.0,416.42857142857144,137.0,106.0,287.0,243.71428571428572,323.0,359.57142857142856,338.0,322.0,2,2
2023-02-02,556,436,362,387,89,454,137,222,386,337,500.0,548.2857142857143,376.0,408.7142857142857,424.0,389.14285714285717,390.0,347.57142857142856,69.0,89.28571428571429,430.0,430.42857142857144,131.0,111.14285714285714,203.0,238.85714285714286,406.0,370.57142857142856,316.0,310.14285714285717,3,2
2023-02-03,524,492,336,296,78,506,98,191,295,307,556.0,554.5714285714286,436.0,424.42857142857144,362.0,383.0,387.0,346.2857142857143,89.0,91.14285714285714,454.0,445.85714285714283,137.0,115.85714285714286,222.0,228.0,386.0,360.14285714285717,337.0,321.42857142857144,4,2
2023-02-04,451,319,425,277,92,402,114,235,384,266,524.0,516.7142857142857,492.0,410.14285714285717,336.0,395.0,296.0,332.7142857142857,78.0,84.57142857142857,506.0,447.0,98.0,119.42857142857143,191.0,228.57142857142858,295.0,356.57142857142856,307.0,318.2857142857143,5,2
2023-02-05,463,409,339,404,124,442,66,241,401,327,451.0,512.7142857142857,319.0,413.57142857142856,425.0,388.2857142857143,277.0,348.42857142857144,92.0,87.42857142857143,402.0,427.14285714285717,114.0,114.71428571428571,235.0,224.85714285714286,384.0,364.7142857142857,266.0,315.7142857142857,6,2
2023-02-06,534,456,335,299,34,584,54,264,389,276,463.0,517.1428571428571,409.0,413.0,339.0,378.7142857142857,404.0,343.14285714285717,124.0,76.42857142857143,442.0,459.7142857142857,66.0,105.28571428571429,241.0,234.71428571428572,401.0,369.14285714285717,327.0,309.57142857142856,0,2
2023-02-07,457,378,420,359,92,476,126,204,358,355,534.0,497.85714285714283,456.0,409.42857142857144,335.0,377.2857142857143,299.0,344.57142857142856,34.0,82.57142857142857,584.0,470.57142857142856,54.0,103.71428571428571,264.0,222.85714285714286,389.0,374.14285714285717,276.0,312.0,1,2
2023-02-08,558,373,440,316,117,479,135,323,299,266,457.0,506.14285714285717,378.0,409.0,420.0,379.57142857142856,359.0,334.0,92.0,89.42857142857143,476.0,477.57142857142856,126.0,104.28571428571429,204.0,240.0,358.0,358.85714285714283,355.0,304.85714285714283,2,2
2023-02-09,652,388,448,357,107,576,146,305,373,324,558.0,519.8571428571429,373.0,402.14285714285717,440.0,391.85714285714283,316.0,329.7142857142857,117.0,92.0,479.0,495.0,135.0,105.57142857142857,323.0,251.85714285714286,299.0,357.0,266.0,303.0,3,2
2023-02-10,490,375,276,409,59,535,94,204,393,346,652.0,515.0,388.0,385.42857142857144,448.0,383.2857142857143,357.0,345.85714285714283,107.0,89.28571428571429,576.0,499.14285714285717,146.0,105.0,305.0,253.71428571428572,373.0,371.0,324.0,308.57142857142856,4,2
2023-02-11,477,358,348,354,46,369,165,247,370,325,490.0,518.7142857142857,375.0,391.0,276.0,372.2857142857143,409.0,356.85714285714283,59.0,82.71428571428571,535.0,494.42857142857144,94.0,112.28571428571429,204.0,255.42857142857142,393.0,369.0,346.0,317.0,5,2
2023-02-12,398,339,317,451,64,383,94,239,401,303,477.0,509.42857142857144,358.0,381.0,348.0,369.14285714285717,354.0,363.57142857142856,46.0,74.14285714285714,369.0,486.0,165.0,116.28571428571429,247.0,255.14285714285714,370.0,369.0,325.0,313.57142857142856,6,2
2023-02-13,619,350,319,315,52,525,120,311,363,307,398.0,521.5714285714286,339.0,365.85714285714283,317.0,366.85714285714283,451.0,365.85714285714283,64.0,76.71428571428571,383.0,477.57142857142856,94.0,125.71428571428571,239.0,261.85714285714283,401.0,365.2857142857143,303.0,318.0,0,2
2023-02-14,460,383,413,355,60,441,104,263,361,347,619.0,522.0,350.0,366.57142857142856,319.0,365.85714285714283,315.0,365.2857142857143,52.0,72.14285714285714,525.0,472.57142857142856,120.0,122.57142857142857,311.0,270.2857142857143,363.0,365.7142857142857,307.0,316.85714285714283,1,2
2023-02-15,507,422,482,224,75,488,82,233,413,317,460.0,514.7142857142857,383.0,373.57142857142856,413.0,371.85714285714283,355.0,352.14285714285717,60.0,66.14285714285714,441.0,473.85714285714283,104.0,115.0,263.0,257.42857142857144,361.0,382.0,347.0,324.14285714285717,2,2
2023-02-16,541,286,344,385,74,395,57,283,408,252,507.0,498.85714285714283,422.0,359.0,482.0,357.0,224.0,356.14285714285717,75.0,61.42857142857143,488.0,448.0,82.0,102.28571428571429,233.0,254.28571428571428,413.0,387.0,317.0,313.85714285714283,3,2
2023-02-17,597,370,397,375,65,534,119,217,326,345,541.0,514.1428571428571,286.0,358.2857142857143,344.0,374.2857142857143,385.0,351.2857142857143,74.0,62.285714285714285,395.0,447.85714285714283,57.0,105.85714285714286,283.0,256.14285714285717,408.0,377.42857142857144,252.0,313.7142857142857,4,2
2023-02-18,341,423,306,386,52,469,99,272,293,366,597.0,494.7142857142857,370.0,367.57142857142856,397.0,368.2857142857143,375.0,355.85714285714283,65.0,63.142857142857146,534.0,462.14285714285717,119.0,96.42857142857143,217.0,259.7142857142857,326.0,366.42857142857144,345.0,319.57142857142856,5,2
2023-02-19,545,422,460,357,46,398,86,233,285,343,341.0,515.7142857142857,423.0,379.42857142857144,306.0,388.7142857142857,386.0,342.42857142857144,52.0,60.57142857142857,469.0,464.2857142857143,99.0,95.28571428571429,272.0,258.85714285714283,293.0,349.85714285714283,366.0,325.2857142857143,6,2
2023-02-20,542,391,341,308,74,501,117,234,369,294,545.0,504.7142857142857,422.0,385.2857142857143,460.0,391.85714285714283,357.0,341.42857142857144,46.0,63.714285714285715,398.0,460.85714285714283,86.0,94.85714285714286,233.0,247.85714285714286,285.0,350.7142857142857,343.0,323.42857142857144,0,2
2023-02-21,506,371,439,445,88,499,85,193,363,372,542.0,511.2857142857143,391.0,383.57142857142856,341.0,395.57142857142856,308.0,354.2857142857143,74.0,67.71428571428571,501.0,469.14285714285717,117.0,92.14285714285714,234.0,237.85714285714286,369.0,351.0,294.0,327.0,1,2
2023-02-22,430,408,356,366,98,407,36,209,386,265,506.0,500.2857142857143,371.0,381.57142857142856,439.0,377.57142857142856,445.0,374.57142857142856,88.0,71.0,499.0,457.57142857142856,85.0,85.57142857142857,193.0,234.42857142857142,363.0,347.14285714285717,372.0,319.57142857142856,2,2
2023-02-23,418,326,404,439,84,508,60,226,319,335,430.0,482.7142857142857,408.0,387.2857142857143,356.0,386.14285714285717,366.0,382.2857142857143,98.0,72.42857142857143,407.0,473.7142857142857,36.0,86.0,209.0,226.28571428571428,386.0,334.42857142857144,265.0,331.42857142857144,3,2
2023-02-24,514,505,311,346,85,359,97,284,362,293,418.0,470.85714285714283,326.0,406.57142857142856,404.0,373.85714285714283,439.0,378.14285714285717,84.0,75.28571428571429,508.0,448.7142857142857,60.0,82.85714285714286,226.0,235.85714285714286,319.0,339.57142857142856,335.0,324.0,4,2
2023-02-25,581,369,393,398,65,479,108,252,380,434,514.0,505.14285714285717,505.0,398.85714285714283,311.0,386.2857142857143,346.0,379.85714285714283,85.0,77.14285714285714,359.0,450.14285714285717,97.0,84.14285714285714,284.0,233.0,362.0,352.0,293.0,333.7142857142857,5,2
2023-02-26,472,342,276,357,69,437,98,317,451,359,581.0,494.7142857142857,369.0,387.42857142857144,393.0,360.0,398.0,379.85714285714283,65.0,80.42857142857143,479.0,455.7142857142857,108.0,85.85714285714286,252.0,245.0,380.0,375.7142857142857,434.0,336.0,6,2
2023-02-27,527,369,341,416,91,484,118,203,371,306,472.0,492.57142857142856,342.0,384.2857142857143,276.0,360.0,357.0,395.2857142857143,69.0,82.85714285714286,437.0,453.2857142857143,98.0,86.0,317.0,240.57142857142858,451.0,376.0,359.0,337.7142857142857,0,2
2023-02-28,436,310,373,300,98,517,151,234,334,329,527.0,482.57142857142856,369.0,375.57142857142856,341.0,350.57142857142856,416.0,374.57142857142856,91.0,84.28571428571429,484.0,455.85714285714283,118.0,95.42857142857143,203.0,246.42857142857142,371.0,371.85714285714283,306.0,331.57142857142856,1,2
2023-03-01,494,318,305,355,84,465,113,329,334,248,436.0,491.7142857142857,310.0,362.7142857142857,373.0,343.2857142857143,300.0,373.0,98.0,82.28571428571429,517.0,464.14285714285717,151.0,106.42857142857143,234.0,263.57142857142856,334.0,364.42857142857144,329.0,329.14285714285717,2,3
2023-03-02,517,372,345,370,89,459,111,339,391,260,494.0,505.85714285714283,318.0,369.2857142857143,305.0,334.85714285714283,355.0,363.14285714285717,84.0,83.0,465.0,457.14285714285717,113.0,113.71428571428571,329.0,279.7142857142857,334.0,374.7142857142857,248.0,318.42857142857144,3,3
2023-03-03,508,399,345,352,35,435,83,263,370,318,517.0,505.0,372.0,354.14285714285717,345.0,339.7142857142857,370.0,364.0,89.0,75.85714285714286,459.0,468.0,111.0,111.71428571428571,339.0,276.7142857142857,391.0,375.85714285714283,260.0,322.0,4,3
2023-03-04,543,402,396,364,104,366,133,228,339,328,508.0,499.57142857142856,399.0,358.85714285714283,345.0,340.14285714285717,352.0,359.14285714285717,35.0,81.42857142857143,435.0,451.85714285714283,83.0,115.28571428571429,263.0,273.2857142857143,370.0,370.0,318.0,306.85714285714283,5,3
2023-03-05,604,377,323,329,87,504,98,283,299,369,543.0,518.4285714285714,402.0,363.85714285714283,396.0,346.85714285714283,364.0,355.14285714285717,104.0,84.0,366.0,461.42857142857144,133.0,115.28571428571429,228.0,268.42857142857144,339.0,348.2857142857143,328.0,308.2857142857143,6,3
2023-03-06,528,514,443,452,29,449,140,265,344,239,604.0,518.5714285714286,377.0,384.57142857142856,323.0,361.42857142857144,329.0,360.2857142857143,87.0,75.14285714285714,504.0,456.42857142857144,98.0,118.42857142857143,283.0,277.2857142857143,299.0,344.42857142857144,369.0,298.7142857142857,0,3
2023-03-07,550,394,410,378,102,544,88,292,508,281,528.0,534.8571428571429,514.0,396.57142857142856,443.0,366.7142857142857,452.0,371.42857142857144,29.0,75.71428571428571,449.0,460.2857142857143,140.0,109.42857142857143,265.0,285.57142857142856,344.0,369.2857142857143,239.0,291.85714285714283,1,3
2023-03-08,496,411,394,312,95,439,170,247,396,346,550.0,535.1428571428571,394.0,409.85714285714283,410.0,379.42857142857144,378.0,365.2857142857143,102.0,77.28571428571429,544.0,456.57142857142856,88.0,117.57142857142857,292.0,273.85714285714283,508.0,378.14285714285717,281.0,305.85714285714283,2,3
2023-03-09,551,370,373,429,40,509,166,248,376,356,496.0,540.0,411.0,409.57142857142856,394.0,383.42857142857144,312.0,373.7142857142857,95.0,70.28571428571429,439.0,463.7142857142857,170.0,125.42857142857143,247.0,260.85714285714283,396.0,376.0,346.0,319.57142857142856,3,3
2023-03-10,524,328,416,359,82,445,67,208,317,316,551.0,542.2857142857143,370.0,399.42857142857144,373.0,393.57142857142856,429.0,374.7142857142857,40.0,77.0,509.0,465.14285714285717,166.0,123.14285714285714,248.0,253.0,376.0,368.42857142857144,356.0,319.2857142857143,4,3
2023-03-11,509,321,327,280,57,377,79,205,309,347,524.0,537.4285714285714,328.0,387.85714285714283,416.0,383.7142857142857,359.0,362.7142857142857,82.0,70.28571428571429,445.0,466.7142857142857,67.0,115.42857142857143,208.0,249.71428571428572,317.0,364.14285714285717,316.0,322.0,5,3
2023-03-12,499,305,363,341,58,476,126,339,371,272,509.0,522.4285714285714,321.0,377.57142857142856,327.0,389.42857142857144,280.0,364.42857142857144,57.0,66.14285714285714,377.0,462.7142857142857,79.0,119.42857142857143,205.0,257.7142857142857,309.0,374.42857142857144,347.0,308.14285714285717,6,3
2023-03-13,499,452,350,363,82,471,142,250,301,325,499.0,518.2857142857143,305.0,368.7142857142857,363.0,376.14285714285717,341.0,351.7142857142857,58.0,73.71428571428571,476.0,465.85714285714283,126.0,119.71428571428571,339.0,255.57142857142858,371.0,368.2857142857143,272.0,320.42857142857144,0,3
2023-03-14,450,474,390,280,49,493,131,179,420,319,499.0,504.0,452.0,380.14285714285717,350.0,373.2857142857143,363.0,337.7142857142857,82.0,66.14285714285714,471.0,458.57142857142856,142.0,125.85714285714286,250.0,239.42857142857142,301.0,355.7142857142857,325.0,325.85714285714283,1,3
2023-03-15,452,396,335,390,37,500,122,177,327,367,450.0,497.7142857142857,474.0,378.0,390.0,364.85714285714283,280.0,348.85714285714283,49.0,57.857142857142854,493.0,467.2857142857143,131.0,119.0,179.0,229.42857142857142,420.0,345.85714285714283,319.0,328.85714285714283,2,3
2023-03-16,357,430,333,380,103,521,113,240,414,391,452.0,470.0,396.0,386.57142857142856,335.0,359.14285714285717,390.0,341.85714285714283,37.0,66.85714285714286,500.0,469.0,122.0,111.42857142857143,177.0,228.28571428571428,327.0,351.2857142857143,367.0,333.85714285714283,3,3
2023-03-17,482,359,295,263,73,452,97,346,386,260,357.0,464.0,430.0,391.0,333.0,341.85714285714283,380.0,328.14285714285717,103.0,65.57142857142857,521.0,470.0,113.0,115.71428571428571,240.0,248.0,414.0,361.14285714285717,391.0,325.85714285714283,4,3
2023-03-18,459,420,417,283,77,483,112,258,346,378,482.0,456.85714285714283,359.0,405.14285714285717,295.0,354.7142857142857,263.0,328.57142857142856,73.0,68.42857142857143,452.0,485.14285714285717,97.0,120.42857142857143,346.0,255.57142857142858,386.0,366.42857142857144,260.0,330.2857142857143,5,3
2023-03-19,563,398,270,380,86,596,86,294,319,337,459.0,466.0,420.0,418.42857142857144,417.0,341.42857142857144,283.0,334.14285714285717,77.0,72.42857142857143,483.0,502.2857142857143,112.0,114.71428571428571,258.0,249.14285714285714,346.0,359.0,378.0,339.57142857142856,6,3
2023-03-20,574,406,288,348,47,464,96,222,314,418,563.0,476.7142857142857,398.0,411.85714285714283,270.0,332.57142857142856,380.0,332.0,86.0,67.42857142857143,596.0,501.2857142857143,86.0,108.14285714285714,294.0,245.14285714285714,319.0,360.85714285714283,337.0,352.85714285714283,0,3
2023-03-21,502,386,305,380,64,392,79,232,401,372,574.0,484.14285714285717,406.0,399.2857142857143,288.0,320.42857142857144,348.0,346.2857142857143,47.0,69.57142857142857,464.0,486.85714285714283,96.0,100.71428571428571,222.0,252.71428571428572,314.0,358.14285714285717,418.0,360.42857142857144,1,3
2023-03-22,529,531,296,417,62,495,112,282,426,323,502.0,495.14285714285717,386.0,418.57142857142856,305.0,314.85714285714283,380.0,350.14285714285717,64.0,73.14285714285714,392.0,486.14285714285717,79.0,99.28571428571429,232.0,267.7142857142857,401.0,372.2857142857143,372.0,354.14285714285717,2,3
2023-03-23,477,377,331,370,100,415,115,244,301,309,529.0,512.2857142857143,531.0,411.0,296.0,314.57142857142856,417.0,348.7142857142857,62.0,72.71428571428571,495.0,471.0,112.0,99.57142857142857,282.0,268.2857142857143,426.0,356.14285714285717,323.0,342.42857142857144,3,3
2023-03-24,480,362,314,350,55,460,87,320,368,273,477.0,512.0,377.0,411.42857142857144,331.0,317.2857142857143,370.0,361.14285714285717,100.0,70.14285714285714,415.0,472.14285714285717,115.0,98.14285714285714,244.0,264.57142857142856,301.0,353.57142857142856,309.0,344.2857142857143,4,3
2023-03-25,541,354,427,317,78,432,166,270,314,330,480.0,523.7142857142857,362.0,402.0,314.0,318.7142857142857,350.0,366.0,55.0,70.28571428571429,460.0,464.85714285714283,87.0,105.85714285714286,320.0,266.2857142857143,368.0,349.0,273.0,337.42857142857144,5,3
2023-03-26,534,337,434,368,69,433,199,213,436,371,541.0,519.5714285714286,354.0,393.2857142857143,427.0,342.14285714285717,317.0,364.2857142857143,78.0,67.85714285714286,432.0,441.57142857142856,166.0,122.0,270.0,254.71428571428572,314.0,365.7142857142857,330.0,342.2857142857143,6,3
2023-03-27,409,458,384,319,82,476,81,285,309,287,534.0,496.0,337.0,400.7142857142857,434.0,355.85714285714283,368.0,360.14285714285717,69.0,72.85714285714286,433.0,443.2857142857143,199.0,119.85714285714286,213.0,263.7142857142857,436.0,365.0,371.0,323.57142857142856,0,3
2023-03-28,556,364,334,332,56,426,126,288,431,308,409.0,503.7142857142857,458.0,397.57142857142856,384.0,360.0,319.0,353.2857142857143,82.0,71.71428571428571,476.0,448.14285714285717,81.0,126.57142857142857,285.0,271.7142857142857,309.0,369.2857142857143,287.0,314.42857142857144,1,3
2023-03-29,549,484,386,388,42,481,135,220,356,320,556.0,506.57142857142856,364.0,390.85714285714283,334.0,372.85714285714283,332.0,349.14285714285717,56.0,68.85714285714286,426.0,446.14285714285717,126.0,129.85714285714286,288.0,262.85714285714283,431.0,359.2857142857143,308.0,314.0,2,3
2023-03-30,512,361,343,363,80,486,103,193,424,413,549.0,511.57142857142856,484.0,388.57142857142856,386.0,374.57142857142856,388.0,348.14285714285717,42.0,66.0,481.0,456.2857142857143,135.0,128.14285714285714,220.0,255.57142857142858,356.0,376.85714285714283,320.0,328.85714285714283,3,3
2023-03-31,557,327,361,389,97,437,81,208,370,409,512.0,522.5714285714286,361.0,383.57142857142856,343.0,381.2857142857143,363.0,353.7142857142857,80.0,72.0,486.0,453.0,103.0,127.28571428571429,193.0,239.57142857142858,424.0,377.14285714285717,413.0,348.2857142857143,4,3
2023-04-01,477,385,323,400,95,559,138,186,422,362,557.0,513.4285714285714,327.0,388.0,361.0,366.42857142857144,389.0,365.57142857142856,97.0,74.42857142857143,437.0,471.14285714285717,81.0,123.28571428571429,208.0,227.57142857142858,370.0,392.57142857142856,409.0,352.85714285714283,5,4
2023-04-02,577,453,251,330,85,534,170,195,408,418,477.0,519.5714285714286,385.0,404.57142857142856,323.0,340.2857142857143,400.0,360.14285714285717,95.0,76.71428571428571,559.0,485.57142857142856,138.0,119.14285714285714,186.0,225.0,422.0,388.57142857142856,362.0,359.57142857142856,6,4
2023-04-03,451,423,386,313,96,541,96,147,397,453,577.0,525.5714285714286,453.0,399.57142857142856,251.0,340.57142857142856,330.0,359.2857142857143,85.0,78.71428571428571,534.0,494.85714285714283,170.0,121.28571428571429,195.0,205.28571428571428,408.0,401.14285714285717,418.0,383.2857142857143,0,4
2023-04-04,539,340,309,391,72,486,103,333,420,272,451.0,523.1428571428571,423.0,396.14285714285717,386.0,337.0,313.0,367.7142857142857,96.0,81.0,541.0,503.42857142857144,96.0,118.0,147.0,211.71428571428572,397.0,399.57142857142856,453.0,378.14285714285717,1,4
2023-04-05,469,375,381,351,43,551,42,263,343,416,539.0,511.7142857142857,340.0,380.57142857142856,309.0,336.2857142857143,391.0,362.42857142857144,72.0,81.14285714285714,486.0,513.4285714285714,103.0,104.71428571428571,333.0,217.85714285714286,420.0,397.7142857142857,272.0,391.85714285714283,2,4
2023-04-06,582,487,432,375,43,465,125,285,374,296,469.0,521.7142857142857,375.0,398.57142857142856,381.0,349.0,351.0,364.14285714285717,43.0,75.85714285714286,551.0,510.42857142857144,42.0,107.85714285714286,263.0,231.0,343.0,390.57142857142856,416.0,375.14285714285717,3,4
2023-04-07,460,438,301,336,54,494,97,265,267,328,582.0,507.85714285714283,487.0,414.42857142857144,432.0,340.42857142857144,375.0,356.57142857142856,43.0,69.71428571428571,465.0,518.5714285714286,125.0,110.14285714285714,285.0,239.14285714285714,374.0,375.85714285714283,296.0,363.57142857142856,4,4
2023-04-08,539,342,361,354,85,473,79,193,335,384,460.0,516.7142857142857,438.0,408.2857142857143,301.0,345.85714285714283,336.0,350.0,54.0,68.28571428571429,494.0,506.2857142857143,97.0,101.71428571428571,265.0,240.14285714285714,267.0,363.42857142857144,328.0,366.7142857142857,5,4
2023-04-09,535,354,339,447,146,531,105,313,305,249,539.0,510.7142857142857,342.0,394.14285714285717,361.0,358.42857142857144,354.0,366.7142857142857,85.0,77.0,473.0,505.85714285714283,79.0,92.42857142857143,193.0,257.0,335.0,348.7142857142857,384.0,342.57142857142856,6,4
2023-04-10,537,323,357,436,73,443,127,223,388,431,535.0,523.0,354.0,379.85714285714283,339.0,354.2857142857143,447.0,384.2857142857143,146.0,73.71428571428571,531.0,491.85714285714283,105.0,96.85714285714286,313.0,267.85714285714283,305.0,347.42857142857144,249.0,339.42857142857144,0,4
2023-04-11,541,356,337,432,62,356,100,228,349,340,537.0,523.2857142857143,323.0,382.14285714285717,357.0,358.2857142857143,436.0,390.14285714285717,73.0,72.28571428571429,443.0,473.2857142857143,127.0,96.42857142857143,223.0,252.85714285714286,388.0,337.2857142857143,431.0,349.14285714285717,1,4
2023-04-12,405,344,465,278,52,467,79,296,462,233,541.0,514.1428571428571,356.0,377.7142857142857,337.0,370.2857142857143,432.0,379.7142857142857,62.0,73.57142857142857,356.0,461.2857142857143,100.0,101.71428571428571,228.0,257.57142857142856,349.0,354.2857142857143,340.0,323.0,2,4
2023-04-13,569,475,294,342,44,432,85,286,305,333,405.0,512.2857142857143,344.0,376.0,465.0,350.57142857142856,278.0,375.0,52.0,73.71428571428571,467.0,456.57142857142856,79.0,96.0,296.0,257.7142857142857,462.0,344.42857142857144,233.0,328.2857142857143,3,4
2023-04-14,510,349,370,361,109,449,137,342,335,228,569.0,519.4285714285714,475.0,363.2857142857143,294.0,360.42857142857144,342.0,378.57142857142856,44.0,81.57142857142857,432.0,450.14285714285717,85.0,101.71428571428571,286.0,268.7142857142857,305.0,354.14285714285717,333.0,314.0,4,4
2023-04-15,561,361,347,317,51,508,149,306,341,411,510.0,522.5714285714286,349.0,366.0,370.0,358.42857142857144,361.0,373.2857142857143,109.0,76.71428571428571,449.0,455.14285714285717,137.0,111.71428571428571,342.0,284.85714285714283,335.0,355.0,228.0,317.85714285714283,5,4
2023-04-16,583,396,419,437,45,308,93,354,300,291,561.0,529.4285714285714,361.0,372.0,347.0,369.85714285714283,317.0,371.85714285714283,51.0,62.285714285714285,508.0,423.2857142857143,149.0,110.0,306.0,290.7142857142857,341.0,354.2857142857143,411.0,323.85714285714283,6,4
2023-04-17,541,347,385,414,81,467,86,215,354,290,583.0,530.0,396.0,375.42857142857144,419.0,373.85714285714283,437.0,368.7142857142857,45.0,63.42857142857143,308.0,426.7142857142857,93.0,104.14285714285714,354.0,289.57142857142856,300.0,349.42857142857144,291.0,303.7142857142857,0,4
2023-04-18,452,450,457,401,73,540,83,278,348,271,541.0,517.2857142857143,347.0,388.85714285714283,385.0,391.0,414.0,364.2857142857143,81.0,65.0,467.0,453.0,86.0,101.71428571428571,215.0,296.7142857142857,354.0,349.2857142857143,290.0,293.85714285714283,1,4
2023-04-19,542,339,368,362,76,340,118,288,271,339,452.0,536.8571428571429,450.0,388.14285714285717,457.0,377.14285714285717,401.0,376.2857142857143,73.0,68.42857142857143,540.0,434.85714285714283,83.0,107.28571428571429,278.0,295.57142857142856,348.0,322.0,271.0,309.0,2,4
2023-04-20,551,344,340,317,71,547,70,304,390,361,542.0,534.2857142857143,339.0,369.42857142857144,368.0,383.7142857142857,362.0,372.7142857142857,76.0,72.28571428571429,340.0,451.2857142857143,118.0,105.14285714285714,288.0,298.14285714285717,271.0,334.14285714285717,339.0,313.0,3,4
2023-04-21,477,399,342,255,32,573,152,320,307,370,551.0,529.5714285714286,344.0,376.57142857142856,340.0,379.7142857142857,317.0,357.57142857142856,71.0,61.285714285714285,547.0,469.0,70.0,107.28571428571429,304.0,295.0,390.0,330.14285714285717,361.0,333.2857142857143,4,4
2023-04-22,504,383,411,322,129,305,150,418,326,363,477.0,521.4285714285714,399.0,379.7142857142857,342.0,388.85714285714283,255.0,358.2857142857143,32.0,72.42857142857143,573.0,440.0,152.0,107.42857142857143,320.0,311.0,307.0,328.0,370.0,326.42857142857144,5,4
2023-04-23,527,416,390,370,87,479,194,260,327,286,504.0,513.4285714285714,383.0,382.57142857142856,411.0,384.7142857142857,322.0,348.7142857142857,129.0,78.42857142857143,305.0,464.42857142857144,150.0,121.85714285714286,418.0,297.57142857142856,326.0,331.85714285714283,363.0,325.7142857142857,6,4
2023-04-24,451,406,424,446,110,441,130,187,448,300,527.0,500.57142857142856,416.0,391.0,390.0,390.2857142857143,370.0,353.2857142857143,87.0,82.57142857142857,479.0,460.7142857142857,194.0,128.14285714285714,260.0,293.57142857142856,327.0,345.2857142857143,286.0,327.14285714285717,0,4
2023-04-25,558,467,373,290,60,425,120,213,501,462,451.0,515.7142857142857,406.0,393.42857142857144,424.0,378.2857142857143,446.0,337.42857142857144,110.0,80.71428571428571,441.0,444.2857142857143,130.0,133.42857142857142,187.0,284.2857142857143,448.0,367.14285714285717,300.0,354.42857142857144,1,4
2023-04-26,436,439,350,305,86,624,74,233,348,327,558.0,500.57142857142856,467.0,407.7142857142857,373.0,375.7142857142857,290.0,329.2857142857143,60.0,82.14285714285714,425.0,484.85714285714283,120.0,127.14285714285714,213.0,276.42857142857144,501.0,378.14285714285717,462.0,352.7142857142857,2,4
2023-04-27,600,442,360,285,102,427,103,349,357,280,436.0,507.57142857142856,439.0,421.7142857142857,350.0,378.57142857142856,305.0,324.7142857142857,86.0,86.57142857142857,624.0,467.7142857142857,74.0,131.85714285714286,233.0,282.85714285714283,348.0,373.42857142857144,327.0,341.14285714285717,3,4
2023-04-28,489,345,392,319,57,422,76,266,324,311,600.0,509.2857142857143,442.0,414.0,360.0,385.7142857142857,285.0,333.85714285714283,102.0,90.14285714285714,427.0,446.14285714285717,103.0,121.0,349.0,275.14285714285717,357.0,375.85714285714283,280.0,332.7142857142857,4,4
2023-04-29,508,413,293,403,58,496,100,253,258,280,489.0,509.85714285714283,345.0,418.2857142857143,392.0,368.85714285714283,319.0,345.42857142857144,57.0,80.0,422.0,473.42857142857144,76.0,113.85714285714286,266.0,251.57142857142858,324.0,366.14285714285717,311.0,320.85714285714283,5,4
2023-04-30,485,457,421,394,58,443,103,294,288,403,508.0,503.85714285714283,413.0,424.14285714285717,293.0,373.2857142857143,403.0,348.85714285714283,58.0,75.85714285714286,496.0,468.2857142857143,100.0,100.85714285714286,253.0,256.42857142857144,258.0,360.57142857142856,280.0,337.57142857142856,6,4
2023-05-01,602,369,376,371,66,481,111,254,326,285,485.0,525.4285714285714,457.0,418.85714285714283,421.0,366.42857142857144,394.0,338.14285714285717,58.0,69.57142857142857,443.0,474.0,103.0,98.14285714285714,294.0,266.0,288.0,343.14285714285717,403.0,335.42857142857144,0,5
2023-05-02,465,282,317,334,83,375,126,316,311,298,602.0,512.1428571428571,369.0,392.42857142857144,376.0,358.42857142857144,371.0,344.42857142857144,66.0,72.85714285714286,481.0,466.85714285714283,111.0,99.0,254.0,280.7142857142857,326.0,316.0,285.0,312.0,1,5
2023-05-03,544,380,507,311,81,434,129,262,426,278,465.0,527.5714285714286,282.0,384.0,317.0,380.85714285714283,334.0,345.2857142857143,83.0,72.14285714285714,375.0,439.7142857142857,126.0,106.85714285714286,316.0,284.85714285714283,311.0,327.14285714285717,298.0,305.0,2,5
2023-05-04,571,420,294,492,116,511,80,227,345,385,544.0,523.4285714285714,380.0,380.85714285714283,507.0,371.42857142857144,311.0,374.85714285714283,81.0,74.14285714285714,434.0,451.7142857142857,129.0,103.57142857142857,262.0,267.42857142857144,426.0,325.42857142857144,278.0,320.0,3,5
2023-05-05,446,343,341,344,72,431,62,271,317,340,571.0,517.2857142857143,420.0,380.57142857142856,294.0,364.14285714285717,492.0,378.42857142857144,116.0,76.28571428571429,511.0,453.0,80.0,101.57142857142857,227.0,268.14285714285717,345.0,324.42857142857144,385.0,324.14285714285717,4,5
2023-05-06,509,390,332,371,61,519,67,197,325,292,446.0,517.4285714285714,343.0,377.2857142857143,341.0,369.7142857142857,344.0,373.85714285714283,72.0,76.71428571428571,431.0,456.2857142857143,62.0,96.85714285714286,271.0,260.14285714285717,317.0,334.0,340.0,325.85714285714283,5,5
2023-05-07,474,344,417,393,97,423,83,281,339,338,509.0,515.8571428571429,390.0,361.14285714285717,332.0,369.14285714285717,371.0,373.7142857142857,61.0,82.28571428571429,519.0,453.42857142857144,67.0,94.0,197.0,258.2857142857143,325.0,341.2857142857143,292.0,316.57142857142856,6,5
2023-05-08,460,375,379,305,54,416,153,222,335,299,474.0,495.57142857142856,344.0,362.0,417.0,369.57142857142856,393.0,364.2857142857143,97.0,80.57142857142857,423.0,444.14285714285717,83.0,100.0,281.0,253.71428571428572,339.0,342.57142857142856,338.0,318.57142857142856,0,5
2023-05-09,455,362,453,356,65,484,81,280,308,310,460.0,494.14285714285717,375.0,373.42857142857144,379.0,389.0,305.0,367.42857142857144,54.0,78.0,416.0,459.7142857142857,153.0,93.57142857142857,222.0,248.57142857142858,335.0,342.14285714285717,299.0,320.2857142857143,1,5
2023-05-10,500,417,369,374,136,425,67,293,299,307,455.0,487.85714285714283,362.0,378.7142857142857,453.0,369.2857142857143,356.0,376.42857142857144,65.0,85.85714285714286,484.0,458.42857142857144,81.0,84.71428571428571,280.0,253.0,308.0,324.0,310.0,324.42857142857144,2,5
2023-05-11,528,367,352,380,50,525,85,237,376,281,500.0,481.7142857142857,417.0,371.14285714285717,369.0,377.57142857142856,374.0,360.42857142857144,136.0,76.42857142857143,425.0,460.42857142857144,67.0,85.42857142857143,293.0,254.42857142857142,299.0,328.42857142857144,307.0,309.57142857142856,3,5
2023-05-12,460,413,337,360,70,387,100,229,448,240,528.0,483.7142857142857,367.0,381.14285714285717,352.0,377.0,380.0,362.7142857142857,50.0,76.14285714285714,525.0,454.14285714285717,85.0,90.85714285714286,237.0,248.42857142857142,376.0,347.14285714285717,281.0,295.2857142857143,4,5
2023-05-13,532,355,315,374,107,462,108,215,262,370,460.0,487.0,413.0,376.14285714285717,337.0,374.57142857142856,360.0,363.14285714285717,70.0,82.71428571428571,387.0,446.0,100.0,96.71428571428571,229.0,251.0,448.0,338.14285714285717,240.0,306.42857142857144,5,5
2023-05-14,456,416,366,407,58,436,77,212,353,269,532.0,484.42857142857144,355.0,386.42857142857144,315.0,367.2857142857143,374.0,365.14285714285717,107.0,77.14285714285714,462.0,447.85714285714283,108.0,95.85714285714286,215.0,241.14285714285714,262.0,340.14285714285717,370.0,296.57142857142856,6,5
2023-05-15,557,442,389,413,51,467,147,192,348,306,456.0,498.2857142857143,416.0,396.0,366.0,368.7142857142857,407.0,380.57142857142856,58.0,76.71428571428571,436.0,455.14285714285717,77.0,95.0,212.0,236.85714285714286,353.0,342.0,269.0,297.57142857142856,0,5
2023-05-16,523,351,345,379,78,476,93,200,388,305,557.0,508.0,442.0,394.42857142857144,389.0,353.2857142857143,413.0,383.85714285714283,51.0,78.57142857142857,467.0,454.0,147.0,96.71428571428571,192.0,225.42857142857142,348.0,353.42857142857144,306.0,296.85714285714283,1,5
2023-05-17,671,495,446,306,50,409,77,246,394,272,523.0,532.4285714285714,351.0,405.57142857142856,345.0,364.2857142857143,379.0,374.14285714285717,78.0,66.28571428571429,476.0,451.7142857142857,93.0,98.14285714285714,200.0,218.71428571428572,388.0,367.0,305.0,291.85714285714283,2,5
2023-05-18,589,442,439,428,111,500,43,243,331,339,671.0,541.1428571428571,495.0,416.2857142857143,446.0,376.7142857142857,306.0,381.0,50.0,75.0,409.0,448.14285714285717,77.0,92.14285714285714,246.0,219.57142857142858,394.0,360.57142857142856,272.0,300.14285714285717,3,5
2023-05-19,444,387,477,330,84,591,91,330,351,332,589.0,538.8571428571429,442.0,412.57142857142856,439.0,396.7142857142857,428.0,376.7142857142857,111.0,77.0,500.0,477.2857142857143,43.0,90.85714285714286,243.0,234.0,331.0,346.7142857142857,339.0,313.2857142857143,4,5
2023-05-20,470,436,288,279,63,303,145,261,409,258,444.0,530.0,387.0,424.14285714285717,477.0,392.85714285714283,330.0,363.14285714285717,84.0,70.71428571428571,591.0,454.57142857142856,91.0,96.14285714285714,330.0,240.57142857142858,351.0,367.7142857142857,332.0,297.2857142857143,5,5
2023-05-21,452,402,359,365,75,529,118,273,334,263,470.0,529.4285714285714,436.0,422.14285714285717,288.0,391.85714285714283,279.0,357.14285714285717,63.0,73.14285714285714,303.0,467.85714285714283,145.0,102.0,261.0,249.28571428571428,409.0,365.0,258.0,296.42857142857144,6,5
2023-05-22,394,425,361,347,86,387,140,227,256,277,452.0,506.14285714285717,402.0,419.7142857142857,359.0,387.85714285714283,365.0,347.7142857142857,75.0,78.14285714285714,529.0,456.42857142857144,118.0,101.0,273.0,254.28571428571428,334.0,351.85714285714283,263.0,292.2857142857143,0,5
2023-05-23,527,409,316,304,134,415,136,235,338,307,394.0,506.7142857142857,425.0,428.0,361.0,383.7142857142857,347.0,337.0,86.0,86.14285714285714,387.0,447.7142857142857,140.0,107.14285714285714,227.0,259.2857142857143,256.0,344.7142857142857,277.0,292.57142857142856,1,5
2023-05-24,476,432,331,412,121,456,57,256,447,296,527.0,478.85714285714283,409.0,419.0,316.0,367.2857142857143,304.0,352.14285714285717,134.0,96.28571428571429,415.0,454.42857142857144,136.0,104.28571428571429,235.0,260.7142857142857,338.0,352.2857142857143,307.0,296.0,2,5
2023-05-25,529,430,408,300,66,450,120,264,323,307,476.0,470.2857142857143,432.0,417.2857142857143,331.0,362.85714285714283,412.0,333.85714285714283,121.0,89.85714285714286,456.0,447.2857142857143,57.0,115.28571428571429,256.0,263.7142857142857,447.0,351.14285714285717,296.0,291.42857142857144,3,5
2023-05-26,495,342,412,350,100,328,95,302,318,261,529.0,477.57142857142856,430.0,410.85714285714283,408.0,353.57142857142856,300.0,336.7142857142857,66.0,92.14285714285714,450.0,409.7142857142857,120.0,115.85714285714286,264.0,259.7142857142857,323.0,346.42857142857144,307.0,281.2857142857143,4,5
2023-05-27,498,394,412,400,74,467,164,289,317,361,495.0,481.57142857142856,342.0,404.85714285714283,412.0,371.2857142857143,350.0,354.0,100.0,93.71428571428571,328.0,433.14285714285717,95.0,118.57142857142857,302.0,263.7142857142857,318.0,333.2857142857143,261.0,296.0,5,5
2023-05-28,452,391,372,411,64,444,124,254,397,298,498.0,481.57142857142856,394.0,403.2857142857143,412.0,373.14285714285717,400.0,360.57142857142856,74.0,92.14285714285714,467.0,421.0,164.0,119.42857142857143,289.0,261.0,317.0,342.2857142857143,361.0,301.0,6,5
2023-05-29,576,352,388,302,102,402,122,217,406,347,452.0,507.57142857142856,391.0,392.85714285714283,372.0,377.0,411.0,354.14285714285717,64.0,94.42857142857143,444.0,423.14285714285717,124.0,116.85714285714286,254.0,259.57142857142856,397.0,363.7142857142857,298.0,311.0,0,5
2023-05-30,487,455,351,352,49,504,166,278,298,280,576.0,501.85714285714283,352.0,399.42857142857144,388.0,382.0,302.0,361.0,102.0,82.28571428571429,402.0,435.85714285714283,122.0,121.14285714285714,217.0,265.7142857142857,406.0,358.0,347.0,307.14285714285717,1,5
2023-05-31,666,260,377,400,43,479,44,286,321,413,487.0,529.0,455.0,374.85714285714283,351.0,388.57142857142856,352.0,359.2857142857143,49.0,71.14285714285714,504.0,439.14285714285717,166.0,119.28571428571429,278.0,270.0,298.0,340.0,280.0,323.85714285714283,2,5
2023-06-01,440,345,361,485,39,460,171,272,405,269,666.0,516.2857142857143,260.0,362.7142857142857,377.0,381.85714285714283,400.0,385.7142857142857,43.0,67.28571428571429,479.0,440.57142857142856,44.0,126.57142857142857,286.0,271.14285714285717,321.0,351.7142857142857,413.0,318.42857142857144,3,6
2023-06-02,591,342,307,393,72,499,121,297,296,302,440.0,530.0,345.0,362.7142857142857,361.0,366.85714285714283,485.0,391.85714285714283,39.0,63.285714285714285,460.0,465.0,171.0,130.28571428571428,272.0,270.42857142857144,405.0,348.57142857142856,269.0,324.2857142857143,4,6
2023-06-03,542,307,372,373,69,463,137,211,384,325,591.0,536.2857142857143,342.0,350.2857142857143,307.0,361.14285714285717,393.0,388.0,72.0,62.57142857142857,499.0,464.42857142857144,121.0,126.42857142857143,297.0,259.2857142857143,296.0,358.14285714285717,302.0,319.14285714285717,5,6
2023-06-04,604,344,271,414,58,501,166,218,359,333,542.0,558.0,307.0,343.57142857142856,372.0,346.7142857142857,373.0,388.42857142857144,69.0,61.714285714285715,463.0,472.57142857142856,137.0,132.42857142857142,211.0,254.14285714285714,384.0,352.7142857142857,325.0,324.14285714285717,6,6
2023-06-05,421,435,379,407,97,360,97,322,273,284,604.0,535.8571428571429,344.0,355.42857142857144,271.0,345.42857142857144,414.0,403.42857142857144,58.0,61.0,501.0,466.57142857142856,166.0,128.85714285714286,218.0,269.14285714285717,359.0,333.7142857142857,333.0,315.14285714285717,0,6
2023-06-06,505,403,359,346,79,473,63,316,315,284,421.0,538.4285714285714,435.0,348.0,379.0,346.57142857142856,407.0,402.57142857142856,97.0,65.28571428571429,360.0,462.14285714285717,97.0,114.14285714285714,322.0,274.57142857142856,273.0,336.14285714285717,284.0,315.7142857142857,1,6
2023-06-07,486,411,369,453,101,473,113,309,251,334,505.0,512.7142857142857,403.0,369.57142857142856,359.0,345.42857142857144,346.0,410.14285714285717,79.0,73.57142857142857,473.0,461.2857142857143,63.0,124.0,316.0,277.85714285714283,315.0,326.14285714285717,284.0,304.42857142857144,2,6
2023-06-08,578,349,355,385,102,432,92,265,345,315,486.0,532.4285714285714,411.0,370.14285714285717,369.0,344.57142857142856,453.0,395.85714285714283,101.0,82.57142857142857,473.0,457.2857142857143,113.0,112.71428571428571,309.0,276.85714285714283,251.0,317.57142857142856,334.0,311.0,3,6
2023-06-09,536,430,373,395,78,404,101,220,353,281,578.0,524.5714285714286,349.0,382.7142857142857,355.0,354.0,385.0,396.14285714285717,102.0,83.42857142857143,432.0,443.7142857142857,92.0,109.85714285714286,265.0,265.85714285714283,345.0,325.7142857142857,315.0,308.0,4,6
2023-06-10,496,414,274,368,75,497,86,290,371,223,536.0,518.0,430.0,398.0,373.0,340.0,395.0,395.42857142857144,78.0,84.28571428571429,404.0,448.57142857142856,101.0,102.57142857142857,220.0,277.14285714285717,353.0,323.85714285714283,281.0,293.42857142857144,5,6
2023-06-11,452,433,313,293,52,453,94,303,351,303,496.0,496.2857142857143,414.0,410.7142857142857,274.0,346.0,368.0,378.14285714285717,75.0,83.42857142857143,497.0,441.7142857142857,86.0,92.28571428571429,290.0,289.2857142857143,371.0,322.7142857142857,223.0,289.14285714285717,6,6
2023-06-12,564,397,290,406,80,465,85,208,359,266,452.0,516.7142857142857,433.0,405.2857142857143,313.0,333.2857142857143,293.0,378.0,52.0,81.0,453.0,456.7142857142857,94.0,90.57142857142857,303.0,273.0,351.0,335.0,303.0,286.57142857142856,0,6
2023-06-13,467,389,270,513,87,452,105,259,408,330,564.0,511.2857142857143,397.0,403.2857142857143,290.0,320.57142857142856,406.0,401.85714285714283,80.0,82.14285714285714,465.0,453.7142857142857,85.0,96.57142857142857,208.0,264.85714285714283,359.0,348.2857142857143,266.0,293.14285714285717,1,6
2023-06-14,533,404,433,419,66,502,146,255,354,345,467.0,518.0,389.0,402.2857142857143,270.0,329.7142857142857,513.0,397.0,87.0,77.14285714285714,452.0,457.85714285714283,105.0,101.28571428571429,259.0,257.14285714285717,408.0,363.0,330.0,294.7142857142857,2,6
2023-06-15,565,373,287,515,59,575,113,275,335,374,533.0,516.1428571428571,404.0,405.7142857142857,433.0,320.0,419.0,415.57142857142856,66.0,71.0,502.0,478.2857142857143,146.0,104.28571428571429,255.0,258.57142857142856,354.0,361.57142857142856,345.0,303.14285714285717,3,6
2023-06-16,505,312,324,369,82,509,128,201,381,273,565.0,511.7142857142857,373.0,388.85714285714283,287.0,313.0,515.0,411.85714285714283,59.0,71.57142857142857,575.0,493.2857142857143,113.0,108.14285714285714,275.0,255.85714285714286,335.0,365.57142857142856,374.0,302.0,4,6
2023-06-17,488,383,471,425,163,404,76,284,392,330,505.0,510.57142857142856,312.0,384.42857142857144,324.0,341.14285714285717,369.0,420.0,82.0,84.14285714285714,509.0,480.0,128.0,106.71428571428571,201.0,255.0,381.0,368.57142857142856,273.0,317.2857142857143,5,6
2023-06-18,498,434,427,349,94,469,83,173,308,287,488.0,517.1428571428571,383.0,384.57142857142856,471.0,357.42857142857144,425.0,428.0,163.0,90.14285714285714,404.0,482.2857142857143,76.0,105.14285714285714,284.0,236.42857142857142,392.0,362.42857142857144,330.0,315.0,6,6
2023-06-19,461,453,318,324,49,413,76,235,392,379,498.0,502.42857142857144,434.0,392.57142857142856,427.0,361.42857142857144,349.0,416.2857142857143,94.0,85.71428571428571,469.0,474.85714285714283,83.0,103.85714285714286,173.0,240.28571428571428,308.0,367.14285714285717,287.0,331.14285714285717,0,6
2023-06-20,397,406,302,394,54,338,90,291,402,344,461.0,492.42857142857144,453.0,395.0,318.0,366.0,324.0,399.2857142857143,49.0,81.0,413.0,458.57142857142856,76.0,101.71428571428571,235.0,244.85714285714286,392.0,366.2857142857143,379.0,333.14285714285717,1,6
2023-06-21,651,374,437,402,70,475,86,243,347,414,397.0,509.2857142857143,406.0,390.7142857142857,302.0,366.57142857142856,394.0,396.85714285714283,54.0,81.57142857142857,338.0,454.7142857142857,90.0,93.14285714285714,291.0,243.14285714285714,402.0,365.2857142857143,344.0,343.0,2,6
2023-06-22,467,465,357,349,80,450,115,215,376,358,651.0,495.2857142857143,374.0,403.85714285714283,437.0,376.57142857142856,402.0,373.14285714285717,70.0,84.57142857142857,475.0,436.85714285714283,86.0,93.42857142857143,243.0,234.57142857142858,347.0,371.14285714285717,414.0,340.7142857142857,3,6
2023-06-23,547,387,418,298,47,415,152,212,298,338,467.0,501.2857142857143,465.0,414.57142857142856,357.0,390.0,349.0,363.0,80.0,79.57142857142857,450.0,423.42857142857144,115.0,96.85714285714286,215.0,236.14285714285714,376.0,359.2857142857143,358.0,350.0,4,6
2023-06-24,495,364,322,430,97,411,134,254,379,377,547.0,502.2857142857143,387.0,411.85714285714283,418.0,368.7142857142857,298.0,363.7142857142857,47.0,70.14285714285714,415.0,424.42857142857144,152.0,105.14285714285714,212.0,231.85714285714286,298.0,357.42857142857144,338.0,356.7142857142857,5,6
2023-06-25,375,401,429,379,63,428,116,210,383,311,495.0,484.7142857142857,364.0,407.14285714285717,322.0,369.0,430.0,368.0,97.0,65.71428571428571,411.0,418.57142857142856,134.0,109.85714285714286,254.0,237.14285714285714,379.0,368.14285714285717,377.0,360.14285714285717,6,6
2023-06-26,571,412,382,310,61,470,95,252,393,308,375.0,500.42857142857144,401.0,401.2857142857143,429.0,378.14285714285717,379.0,366.0,63.0,67.42857142857143,428.0,426.7142857142857,116.0,112.57142857142857,210.0,239.57142857142858,383.0,368.2857142857143,311.0,350.0,0,6
2023-06-27,533,427,398,332,91,451,134,289,370,307,571.0,519.8571428571429,412.0,404.2857142857143,382.0,391.85714285714283,310.0,357.14285714285717,61.0,72.71428571428571,470.0,442.85714285714283,95.0,118.85714285714286,252.0,239.28571428571428,393.0,363.7142857142857,308.0,344.7142857142857,1,6
2023-06-28,505,319,398,235,52,504,97,192,329,334,533.0,499.0,427.0,396.42857142857144,398.0,386.2857142857143,332.0,333.2857142857143,91.0,70.14285714285714,451.0,447.0,134.0,120.42857142857143,289.0,232.0,370.0,361.14285714285717,307.0,333.2857142857143,2,6
2023-06-29,450,370,392,376,108,472,106,181,369,342,505.0,496.57142857142856,319.0,382.85714285714283,398.0,391.2857142857143,235.0,337.14285714285717,52.0,74.14285714285714,504.0,450.14285714285717,97.0,119.14285714285714,192.0,227.14285714285714,329.0,360.14285714285717,334.0,331.0,3,6
2023-06-30,445,421,427,356,44,493,60,254,288,332,450.0,482.0,370.0,387.7142857142857,392.0,392.57142857142856,376.0,345.42857142857144,108.0,73.71428571428571,472.0,461.2857142857143,106.0,106.0,181.0,233.14285714285714,369.0,358.7142857142857,342.0,330.14285714285717,4,6
2023-07-01,504,496,407,396,94,516,92,205,325,274,445.0,483.2857142857143,421.0,406.57142857142856,427.0,404.7142857142857,356.0,340.57142857142856,44.0,73.28571428571429,493.0,476.2857142857143,60.0,100.0,254.0,226.14285714285714,288.0,351.0,332.0,315.42857142857144,5,7
2023-07-02,602,380,336,348,60,495,112,216,416,239,504.0,515.7142857142857,496.0,403.57142857142856,407.0,391.42857142857144,396.0,336.14285714285717,94.0,72.85714285714286,516.0,485.85714285714283,92.0,99.42857142857143,205.0,227.0,325.0,355.7142857142857,274.0,305.14285714285717,6,7
2023-07-03,565,442,373,365,57,358,93,314,285,288,602.0,514.8571428571429,380.0,407.85714285714283,336.0,390.14285714285717,348.0,344.0,60.0,72.28571428571429,495.0,469.85714285714283,112.0,99.14285714285714,216.0,235.85714285714286,416.0,340.2857142857143,239.0,302.2857142857143,0,7
2023-07-04,552,411,439,413,80,484,96,298,409,326,565.0,517.5714285714286,442.0,405.57142857142856,373.0,396.0,365.0,355.57142857142856,57.0,70.71428571428571,358.0,474.57142857142856,93.0,93.71428571428571,314.0,237.14285714285714,285.0,345.85714285714283,288.0,305.0,1,7
2023-07-05,509,410,343,441,85,378,123,216,360,402,552.0,518.1428571428571,411.0,418.57142857142856,439.0,388.14285714285717,413.0,385.0,80.0,75.42857142857143,484.0,456.57142857142856,96.0,97.42857142857143,298.0,240.57142857142858,409.0,350.2857142857143,326.0,314.7142857142857,2,7
2023-07-06,543,436,258,321,103,454,113,233,406,306,509.0,531.4285714285714,410.0,428.0,343.0,369.0,441.0,377.14285714285717,85.0,74.71428571428571,378.0,454.0,123.0,98.42857142857143,216.0,248.0,360.0,355.57142857142856,402.0,309.57142857142856,3,7
2023-07-07,524,434,349,320,76,486,179,242,384,389,543.0,542.7142857142857,436.0,429.85714285714283,258.0,357.85714285714283,321.0,372.0,103.0,79.28571428571429,454.0,453.0,113.0,115.42857142857143,233.0,246.28571428571428,406.0,369.2857142857143,306.0,317.7142857142857,4,7
2023-07-08,544,335,313,386,84,462,127,240,396,349,524.0,548.4285714285714,434.0,406.85714285714283,349.0,344.42857142857144,320.0,370.57142857142856,76.0,77.85714285714286,486.0,445.2857142857143,179.0,120.42857142857143,242.0,251.28571428571428,384.0,379.42857142857144,389.0,328.42857142857144,5,7
2023-07-09,474,475,393,427,89,391,63,258,382,344,544.0,530.1428571428571,335.0,420.42857142857144,313.0,352.57142857142856,386.0,381.85714285714283,84.0,82.0,462.0,430.42857142857144,127.0,113.42857142857143,240.0,257.2857142857143,396.0,374.57142857142856,349.0,343.42857142857144,6,7
2023-07-10,589,348,342,368,77,495,109,283,278,323,474.0,533.5714285714286,475.0,407.0,393.0,348.14285714285717,427.0,382.2857142857143,89.0,84.85714285714286,391.0,450.0,63.0,115.71428571428571,258.0,252.85714285714286,382.0,373.57142857142856,344.0,348.42857142857144,0,7
2023-07-11,425,411,376,383,75,525,83,260,376,298,589.0,515.4285714285714,348.0,407.0,342.0,339.14285714285717,368.0,378.0,77.0,84.14285714285714,495.0,455.85714285714283,109.0,113.85714285714286,283.0,247.42857142857142,278.0,368.85714285714283,323.0,344.42857142857144,1,7
2023-07-12,522,343,417,315,51,489,92,268,373,336,425.0,517.2857142857143,411.0,397.42857142857144,376.0,349.7142857142857,383.0,360.0,75.0,79.28571428571429,525.0,471.7142857142857,83.0,109.42857142857143,260.0,254.85714285714286,376.0,370.7142857142857,298.0,335.0,2,7
2023-07-13,495,393,283,391,53,567,143,282,407,302,522.0,510.42857142857144,343.0,391.2857142857143,417.0,353.2857142857143,315.0,370.0,51.0,72.14285714285714,489.0,487.85714285714283,92.0,113.71428571428571,268.0,261.85714285714283,373.0,370.85714285714283,336.0,334.42857142857144,3,7
2023-07-14,538,346,310,337,71,468,128,268,314,335,495.0,512.4285714285714,393.0,378.7142857142857,283.0,347.7142857142857,391.0,372.42857142857144,53.0,71.42857142857143,567.0,485.2857142857143,143.0,106.42857142857143,282.0,265.57142857142856,407.0,360.85714285714283,302.0,326.7142857142857,4,7
2023-07-15,499,289,345,262,64,452,81,240,390,284,538.0,506.0,346.0,372.14285714285717,310.0,352.2857142857143,337.0,354.7142857142857,71.0,68.57142857142857,468.0,483.85714285714283,128.0,99.85714285714286,268.0,265.57142857142856,314.0,360.0,335.0,317.42857142857144,5,7
2023-07-16,437,498,307,315,98,586,147,287,348,340,499.0,500.7142857142857,289.0,375.42857142857144,345.0,340.0,262.0,338.7142857142857,64.0,69.85714285714286,452.0,511.7142857142857,81.0,111.85714285714286,240.0,269.7142857142857,390.0,355.14285714285717,284.0,316.85714285714283,6,7
2023-07-17,478,403,371,430,80,437,125,352,349,323,437.0,484.85714285714283,498.0,383.2857142857143,307.0,344.14285714285717,315.0,347.57142857142856,98.0,70.28571428571429,586.0,503.42857142857144,147.0,114.14285714285714,287.0,279.57142857142856,348.0,365.2857142857143,340.0,316.85714285714283,0,7
2023-07-18,487,430,411,342,72,416,168,181,403,286,478.0,493.7142857142857,403.0,386.0,371.0,349.14285714285717,430.0,341.7142857142857,80.0,69.85714285714286,437.0,487.85714285714283,125.0,126.28571428571429,352.0,268.2857142857143,349.0,369.14285714285717,323.0,315.14285714285717,1,7
2023-07-19,476,397,262,336,94,436,150,219,298,272,487.0,487.14285714285717,430.0,393.7142857142857,411.0,327.0,342.0,344.7142857142857,72.0,76.0,416.0,480.2857142857143,168.0,134.57142857142858,181.0,261.2857142857143,403.0,358.42857142857144,286.0,306.0,2,7
2023-07-20,459,411,334,314,55,538,53,259,438,319,476.0,482.0,397.0,396.2857142857143,262.0,334.2857142857143,336.0,333.7142857142857,94.0,76.28571428571429,436.0,476.14285714285717,150.0,121.71428571428571,219.0,258.0,298.0,362.85714285714283,272.0,308.42857142857144,3,7
2023-07-21,406,368,317,381,119,620,122,197,386,326,459.0,463.14285714285717,411.0,399.42857142857144,334.0,335.2857142857143,314.0,340.0,55.0,83.14285714285714,538.0,497.85714285714283,53.0,120.85714285714286,259.0,247.85714285714286,438.0,373.14285714285717,319.0,307.14285714285717,4,7
2023-07-22,453,386,318,357,49,354,92,193,359,309,406.0,456.57142857142856,368.0,413.2857142857143,317.0,331.42857142857144,381.0,353.57142857142856,119.0,81.0,620.0,483.85714285714283,122.0,122.42857142857143,197.0,241.14285714285714,386.0,368.7142857142857,326.0,310.7142857142857,5,7
2023-07-23,522,389,317,406,58,467,139,281,289,371,453.0,468.7142857142857,386.0,397.7142857142857,318.0,332.85714285714283,357.0,366.57142857142856,49.0,75.28571428571429,354.0,466.85714285714283,92.0,121.28571428571429,193.0,240.28571428571428,359.0,360.2857142857143,309.0,315.14285714285717,6,7
2023-07-24,494,410,326,308,62,516,93,252,391,317,522.0,471.0,389.0,398.7142857142857,317.0,326.42857142857144,406.0,349.14285714285717,58.0,72.71428571428571,467.0,478.14285714285717,139.0,116.71428571428571,281.0,226.0,289.0,366.2857142857143,371.0,314.2857142857143,0,7
2023-07-25,475,388,274,406,99,385,130,318,383,344,494.0,469.2857142857143,410.0,392.7142857142857,326.0,306.85714285714283,308.0,358.2857142857143,62.0,76.57142857142857,516.0,473.7142857142857,93.0,111.28571428571429,252.0,245.57142857142858,391.0,363.42857142857144,317.0,322.57142857142856,1,7
2023-07-26,499,435,339,390,53,460,82,266,450,266,475.0,472.57142857142856,388.0,398.14285714285717,274.0,317.85714285714283,406.0,366.0,99.0,70.71428571428571,385.0,477.14285714285717,130.0,101.57142857142857,318.0,252.28571428571428,383.0,385.14285714285717,344.0,321.7142857142857,2,7
2023-07-27,462,388,336,336,75,567,148,222,379,294,499.0,473.0,435.0,394.85714285714283,339.0,318.14285714285717,390.0,369.14285714285717,53.0,73.57142857142857,460.0,481.2857142857143,82.0,115.14285714285714,266.0,247.0,450.0,376.7142857142857,266.0,318.14285714285717,3,7
2023-07-28,493,478,304,383,59,405,101,303,375,392,462.0,485.42857142857144,388.0,410.57142857142856,336.0,316.2857142857143,336.0,369.42857142857144,75.0,65.0,567.0,450.57142857142856,148.0,112.14285714285714,222.0,262.14285714285717,379.0,375.14285714285717,294.0,327.57142857142856,4,7
2023-07-29,496,479,328,360,81,402,108,218,382,350,493.0,491.57142857142856,478.0,423.85714285714283,304.0,317.7142857142857,383.0,369.85714285714283,59.0,69.57142857142857,405.0,457.42857142857144,101.0,114.42857142857143,303.0,265.7142857142857,375.0,378.42857142857144,392.0,333.42857142857144,5,7
2023-07-30,533,475,396,292,68,432,96,250,360,321,496.0,493.14285714285717,479.0,436.14285714285717,328.0,329.0,360.0,353.57142857142856,81.0,71.0,402.0,452.42857142857144,108.0,108.28571428571429,218.0,261.2857142857143,382.0,388.57142857142856,350.0,326.2857142857143,6,7
2023-07-31,430,440,308,419,80,426,121,200,393,295,533.0,484.0,475.0,440.42857142857144,396.0,326.42857142857144,292.0,369.42857142857144,68.0,73.57142857142857,432.0,439.57142857142856,96.0,112.28571428571429,250.0,253.85714285714286,360.0,388.85714285714283,321.0,323.14285714285717,0,7
2023-08-01,603,315,295,434,56,483,103,206,364,314,430.0,502.2857142857143,440.0,430.0,308.0,329.42857142857144,419.0,373.42857142857144,80.0,67.42857142857143,426.0,453.57142857142856,121.0,108.42857142857143,200.0,237.85714285714286,393.0,386.14285714285717,295.0,318.85714285714283,1,8
2023-08-02,464,474,328,296,68,474,92,203,292,244,603.0,497.2857142857143,315.0,435.57142857142856,295.0,327.85714285714283,434.0,360.0,56.0,69.57142857142857,483.0,455.57142857142856,103.0,109.85714285714286,206.0,228.85714285714286,364.0,363.57142857142856,314.0,315.7142857142857,2,8
2023-08-03,457,430,386,355,74,423,142,214,397,341,464.0,496.57142857142856,474.0,441.57142857142856,328.0,335.0,296.0,362.7142857142857,68.0,69.42857142857143,474.0,435.0,92.0,109.0,203.0,227.71428571428572,292.0,366.14285714285717,244.0,322.42857142857144,3,8
2023-08-04,422,420,353,322,81,436,59,262,168,420,457.0,486.42857142857144,430.0,433.2857142857143,386.0,342.0,355.0,354.0,74.0,72.57142857142857,423.0,439.42857142857144,142.0,103.0,214.0,221.85714285714286,397.0,336.57142857142856,341.0,326.42857142857144,4,8
2023-08-05,487,393,337,440,106,434,99,278,351,296,422.0,485.14285714285717,420.0,421.0,353.0,343.2857142857143,322.0,365.42857142857144,81.0,76.14285714285714,436.0,444.0,59.0,101.71428571428571,262.0,230.42857142857142,168.0,332.14285714285717,420.0,318.7142857142857,5,8
2023-08-06,524,442,359,385,79,527,84,267,331,390,487.0,483.85714285714283,393.0,416.2857142857143,337.0,338.0,440.0,378.7142857142857,106.0,77.71428571428571,434.0,457.57142857142856,99.0,100.0,278.0,232.85714285714286,351.0,328.0,296.0,328.57142857142856,6,8
2023-08-07,440,477,244,312,70,490,123,307,348,407,524.0,485.2857142857143,442.0,421.57142857142856,359.0,328.85714285714283,385.0,363.42857142857144,79.0,76.28571428571429,527.0,466.7142857142857,84.0,100.28571428571429,267.0,248.14285714285714,331.0,321.57142857142856,390.0,344.57142857142856,0,8
2023-08-08,527,382,270,424,47,471,141,314,349,266,440.0,474.42857142857144,477.0,431.14285714285717,244.0,325.2857142857143,312.0,362.0,70.0,75.0,490.0,465.0,123.0,105.71428571428571,307.0,263.57142857142856,348.0,319.42857142857144,407.0,337.7142857142857,1,8
2023-08-09,446,356,348,263,90,377,98,122,525,316,527.0,471.85714285714283,382.0,414.2857142857143,270.0,328.14285714285717,424.0,357.2857142857143,47.0,78.14285714285714,471.0,451.14285714285717,141.0,106.57142857142857,314.0,252.0,349.0,352.7142857142857,266.0,348.0,2,8
2023-08-10,511,361,374,256,57,469,81,259,360,321,446.0,479.57142857142856,356.0,404.42857142857144,348.0,326.42857142857144,263.0,343.14285714285717,90.0,75.71428571428571,377.0,457.7142857142857,98.0,97.85714285714286,122.0,258.42857142857144,525.0,347.42857142857144,316.0,345.14285714285717,3,8
2023-08-11,474,467,299,303,35,472,120,203,329,286,511.0,487.0,361.0,411.14285714285717,374.0,318.7142857142857,256.0,340.42857142857144,57.0,69.14285714285714,469.0,462.85714285714283,81.0,106.57142857142857,259.0,250.0,360.0,370.42857142857144,321.0,326.0,4,8
2023-08-12,469,304,359,340,91,480,158,244,395,368,474.0,484.42857142857144,467.0,398.42857142857144,299.0,321.85714285714283,303.0,326.14285714285717,35.0,67.0,472.0,469.42857142857144,120.0,115.0,203.0,245.14285714285714,329.0,376.7142857142857,286.0,336.2857142857143,5,8
2023-08-13,489,441,268,298,53,426,59,305,379,273,469.0,479.42857142857144,304.0,398.2857142857143,359.0,308.85714285714283,340.0,313.7142857142857,91.0,63.285714285714285,480.0,455.0,158.0,111.42857142857143,244.0,250.57142857142858,395.0,383.57142857142856,368.0,319.57142857142856,6,8
2023-08-14,420,339,353,453,55,508,60,268,328,306,489.0,476.57142857142856,441.0,378.57142857142856,268.0,324.42857142857144,298.0,333.85714285714283,53.0,61.142857142857146,426.0,457.57142857142856,59.0,102.42857142857143,305.0,245.0,379.0,380.7142857142857,273.0,305.14285714285717,0,8
2023-08-15,529,440,363,398,114,411,107,230,405,315,420.0,476.85714285714283,339.0,386.85714285714283,353.0,337.7142857142857,453.0,330.14285714285717,55.0,70.71428571428571,508.0,449.0,60.0,97.57142857142857,268.0,233.0,328.0,388.7142857142857,306.0,312.14285714285717,1,8
2023-08-16,466,427,396,491,35,459,116,197,358,277,529.0,479.7142857142857,440.0,397.0,363.0,344.57142857142856,398.0,362.7142857142857,114.0,62.857142857142854,411.0,460.7142857142857,107.0,100.14285714285714,230.0,243.71428571428572,405.0,364.85714285714283,315.0,306.57142857142856,2,8
2023-08-17,578,389,381,318,94,534,136,239,380,352,466.0,489.2857142857143,427.0,401.0,396.0,345.57142857142856,491.0,371.57142857142856,35.0,68.14285714285714,459.0,470.0,116.0,108.0,197.0,240.85714285714286,358.0,367.7142857142857,277.0,311.0,3,8
2023-08-18,550,308,362,377,83,479,180,234,379,353,578.0,500.14285714285717,389.0,378.2857142857143,381.0,354.57142857142856,318.0,382.14285714285717,94.0,75.0,534.0,471.0,136.0,116.57142857142857,239.0,245.28571428571428,380.0,374.85714285714283,352.0,320.57142857142856,4,8
2023-08-19,584,392,379,385,91,469,84,198,366,284,550.0,516.5714285714286,308.0,390.85714285714283,362.0,357.42857142857144,377.0,388.57142857142856,83.0,75.0,479.0,469.42857142857144,180.0,106.0,234.0,238.71428571428572,379.0,370.7142857142857,353.0,308.57142857142856,5,8
2023-08-20,533,448,416,363,76,531,124,238,392,272,584.0,522.8571428571429,392.0,391.85714285714283,379.0,378.57142857142856,385.0,397.85714285714283,91.0,78.28571428571429,469.0,484.42857142857144,84.0,115.28571428571429,198.0,229.14285714285714,366.0,372.57142857142856,284.0,308.42857142857144,6,8
2023-08-21,452,291,343,272,52,496,152,270,407,260,533.0,527.4285714285714,448.0,385.0,416.0,377.14285714285717,363.0,372.0,76.0,77.85714285714286,531.0,482.7142857142857,124.0,128.42857142857142,238.0,229.42857142857142,392.0,383.85714285714283,272.0,301.85714285714283,0,8
2023-08-22,514,247,423,425,87,456,108,233,303,346,452.0,525.2857142857143,291.0,357.42857142857144,343.0,385.7142857142857,272.0,375.85714285714283,52.0,74.0,496.0,489.14285714285717,152.0,128.57142857142858,270.0,229.85714285714286,407.0,369.2857142857143,260.0,306.2857142857143,1,8
2023-08-23,534,516,424,354,69,483,100,230,502,313,514.0,535.0,247.0,370.14285714285717,423.0,389.7142857142857,425.0,356.2857142857143,87.0,78.85714285714286,456.0,492.57142857142856,108.0,126.28571428571429,233.0,234.57142857142858,303.0,389.85714285714283,346.0,311.42857142857144,2,8
2023-08-24,640,391,356,435,73,506,129,275,300,356,534.0,543.8571428571429,516.0,370.42857142857144,424.0,386.14285714285717,354.0,373.0,69.0,75.85714285714286,483.0,488.57142857142856,100.0,125.28571428571429,230.0,239.71428571428572,502.0,378.42857142857144,313.0,312.0,3,8
2023-08-25,535,443,277,367,58,445,86,274,405,410,640.0,541.7142857142857,391.0,389.7142857142857,356.0,374.0,435.0,371.57142857142856,73.0,72.28571428571429,506.0,483.7142857142857,129.0,111.85714285714286,275.0,245.42857142857142,300.0,382.14285714285717,356.0,320.14285714285717,4,8
2023-08-26,527,494,378,349,85,492,113,193,437,439,535.0,533.5714285714286,443.0,404.2857142857143,277.0,373.85714285714283,367.0,366.42857142857144,58.0,71.42857142857143,445.0,487.0,86.0,116.0,274.0,244.71428571428572,405.0,392.2857142857143,410.0,342.2857142857143,5,8
2023-08-27,377,357,327,329,78,516,141,220,396,309,527.0,511.2857142857143,494.0,391.2857142857143,378.0,361.14285714285717,349.0,361.57142857142856,85.0,71.71428571428571,492.0,484.85714285714283,113.0,118.42857142857143,193.0,242.14285714285714,437.0,392.85714285714283,439.0,347.57142857142856,6,8
2023-08-28,432,372,413,369,105,508,55,297,379,344,377.0,508.42857142857144,357.0,402.85714285714283,327.0,371.14285714285717,329.0,375.42857142857144,78.0,79.28571428571429,516.0,486.57142857142856,141.0,104.57142857142857,220.0,246.0,396.0,388.85714285714283,309.0,359.57142857142856,0,8
2023-08-29,503,417,278,270,31,400,108,306,308,325,432.0,506.85714285714283,372.0,427.14285714285717,413.0,350.42857142857144,369.0,353.2857142857143,105.0,71.28571428571429,508.0,478.57142857142856,55.0,104.57142857142857,297.0,256.42857142857144,379.0,389.57142857142856,344.0,356.57142857142856,1,8
2023-08-30,445,499,370,347,101,509,103,280,328,285,503.0,494.14285714285717,417.0,424.7142857142857,278.0,342.7142857142857,270.0,352.2857142857143,31.0,75.85714285714286,400.0,482.2857142857143,108.0,105.0,306.0,263.57142857142856,308.0,364.7142857142857,325.0,352.57142857142856,2,8
2023-08-31,468,292,388,379,20,513,132,291,360,279,445.0,469.57142857142856,499.0,410.57142857142856,370.0,347.2857142857143,347.0,344.2857142857143,101.0,68.28571428571429,509.0,483.2857142857143,103.0,105.42857142857143,280.0,265.85714285714283,328.0,373.2857142857143,285.0,341.57142857142856,3,8
2023-09-01,507,416,339,347,66,566,54,296,361,323,468.0,465.57142857142856,292.0,406.7142857142857,388.0,356.14285714285717,379.0,341.42857142857144,20.0,69.42857142857143,513.0,500.57142857142856,132.0,100.85714285714286,291.0,269.0,360.0,367.0,279.0,329.14285714285717,4,9
2023-09-02,447,458,441,372,53,438,111,224,332,230,507.0,454.14285714285717,416.0,401.57142857142856,339.0,365.14285714285717,347.0,344.7142857142857,66.0,64.85714285714286,566.0,492.85714285714283,54.0,100.57142857142857,296.0,273.42857142857144,361.0,352.0,323.0,299.2857142857143,5,9
2023-09-03,618,433,366,422,58,456,145,274,404,324,447.0,488.57142857142856,458.0,412.42857142857144,441.0,370.7142857142857,372.0,358.0,53.0,62.0,438.0,484.2857142857143,111.0,101.14285714285714,224.0,281.14285714285717,332.0,353.14285714285717,230.0,301.42857142857144,6,9
2023-09-04,455,382,402,349,44,366,112,205,336,351,618.0,491.85714285714283,433.0,413.85714285714283,366.0,369.14285714285717,422.0,355.14285714285717,58.0,53.285714285714285,456.0,464.0,145.0,109.28571428571429,274.0,268.0,404.0,347.0,324.0,302.42857142857144,0,9
2023-09-05,441,401,359,355,38,421,117,230,376,284,455.0,483.0,382.0,411.57142857142856,402.0,380.7142857142857,349.0,367.2857142857143,44.0,54.285714285714285,366.0,467.0,112.0,110.57142857142857,205.0,257.14285714285717,336.0,356.7142857142857,351.0,296.57142857142856,1,9
2023-09-06,425,369,354,329,45,432,119,261,337,438,441.0,480.14285714285717,401.0,393.0,359.0,378.42857142857144,355.0,364.7142857142857,38.0,46.285714285714285,421.0,456.0,117.0,112.85714285714286,230.0,254.42857142857142,376.0,358.0,284.0,318.42857142857144,2,9
2023-09-07,421,320,243,342,56,422,173,273,331,308,425.0,473.42857142857144,369.0,397.0,354.0,357.7142857142857,329.0,359.42857142857144,45.0,51.42857142857143,432.0,443.0,119.0,118.71428571428571,261.0,251.85714285714286,337.0,353.85714285714283,438.0,322.57142857142856,3,9
2023-09-08,601,410,346,439,78,407,92,320,269,307,421.0,486.85714285714283,320.0,396.14285714285717,243.0,358.7142857142857,342.0,372.57142857142856,56.0,53.142857142857146,422.0,420.2857142857143,173.0,124.14285714285714,273.0,255.28571428571428,331.0,340.7142857142857,308.0,320.2857142857143,4,9
2023-09-09,488,417,389,417,85,450,140,253,363,402,601.0,492.7142857142857,410.0,390.2857142857143,346.0,351.2857142857143,439.0,379.0,78.0,57.714285714285715,407.0,422.0,92.0,128.28571428571428,320.0,259.42857142857144,269.0,345.14285714285717,307.0,344.85714285714283,5,9
2023-09-10,381,406,423,345,64,446,98,249,337,325,488.0,458.85714285714283,417.0,386.42857142857144,389.0,359.42857142857144,417.0,368.0,85.0,58.57142857142857,450.0,420.57142857142856,140.0,121.57142857142857,253.0,255.85714285714286,363.0,335.57142857142856,402.0,345.0,6,9
2023-09-11,487,442,295,256,96,544,75,311,338,262,381.0,463.42857142857144,406.0,395.0,423.0,344.14285714285717,345.0,354.7142857142857,64.0,66.0,446.0,446.0,98.0,116.28571428571429,249.0,271.0,337.0,335.85714285714283,325.0,332.2857142857143,0,9
2023-09-12,533,389,333,258,63,454,117,255,412,303,487.0,476.57142857142856,442.0,393.2857142857143,295.0,340.42857142857144,256.0,340.85714285714283,96.0,69.57142857142857,544.0,450.7142857142857,75.0,116.28571428571429,311.0,274.57142857142856,338.0,341.0,262.0,335.0,1,9
2023-09-13,556,449,421,429,97,501,131,269,312,308,533.0,495.2857142857143,389.0,404.7142857142857,333.0,350.0,258.0,355.14285714285717,63.0,77.0,454.0,460.57142857142856,117.0,118.0,255.0,275.7142857142857,412.0,337.42857142857144,303.0,316.42857142857144,2,9
2023-09-14,573,397,335,256,73,460,64,255,371,298,556.0,517.0,449.0,415.7142857142857,421.0,363.14285714285717,429.0,342.85714285714283,97.0,79.42857142857143,501.0,466.0,131.0,102.42857142857143,269.0,273.14285714285717,312.0,343.14285714285717,308.0,315.0,3,9
2023-09-15,528,369,321,335,81,509,152,237,419,313,573.0,506.57142857142856,397.0,409.85714285714283,335.0,359.57142857142856,256.0,328.0,73.0,79.85714285714286,460.0,480.57142857142856,64.0,111.0,255.0,261.2857142857143,371.0,364.57142857142856,298.0,315.85714285714283,4,9
2023-09-16,547,503,258,351,74,450,104,314,448,315,528.0,515.0,369.0,422.14285714285717,321.0,340.85714285714283,335.0,318.57142857142856,81.0,78.28571428571429,509.0,480.57142857142856,152.0,105.85714285714286,237.0,270.0,419.0,376.7142857142857,313.0,303.42857142857144,5,9
2023-09-17,468,472,362,376,41,408,112,271,456,333,547.0,527.4285714285714,503.0,431.57142857142856,258.0,332.14285714285717,351.0,323.0,74.0,75.0,450.0,475.14285714285717,104.0,107.85714285714286,314.0,273.14285714285717,448.0,393.7142857142857,315.0,304.57142857142856,6,9
2023-09-18,577,328,422,377,89,546,88,227,478,376,468.0,540.2857142857143,472.0,415.2857142857143,362.0,350.2857142857143,376.0,340.2857142857143,41.0,74.0,408.0,475.42857142857144,112.0,109.71428571428571,271.0,261.14285714285717,456.0,413.7142857142857,333.0,320.85714285714283,0,9
2023-09-19,639,395,435,401,111,519,118,219,338,258,577.0,555.4285714285714,328.0,416.14285714285717,422.0,364.85714285714283,377.0,360.7142857142857,89.0,80.85714285714286,546.0,484.7142857142857,88.0,109.85714285714286,227.0,256.0,478.0,403.14285714285717,376.0,314.42857142857144,1,9
2023-09-20,518,339,373,378,121,396,56,286,283,463,639.0,550.0,395.0,400.42857142857144,435.0,358.0,401.0,353.42857142857144,111.0,84.28571428571429,519.0,469.7142857142857,118.0,99.14285714285714,219.0,258.42857142857144,338.0,399.0,258.0,336.57142857142856,2,9
2023-09-21,419,375,351,310,68,502,150,261,437,368,518.0,528.0,339.0,397.2857142857143,373.0,360.2857142857143,378.0,361.14285714285717,121.0,83.57142857142857,396.0,475.7142857142857,56.0,111.42857142857143,286.0,259.2857142857143,283.0,408.42857142857144,463.0,346.57142857142856,3,9
2023-09-22,516,410,404,372,91,409,121,253,422,359,419.0,526.2857142857143,375.0,403.14285714285717,351.0,372.14285714285717,310.0,366.42857142857144,68.0,85.0,502.0,461.42857142857144,150.0,107.0,261.0,261.57142857142856,437.0,408.85714285714283,368.0,353.14285714285717,4,9
2023-09-23,528,385,371,399,63,482,150,214,424,363,516.0,523.5714285714286,410.0,386.2857142857143,404.0,388.2857142857143,372.0,373.2857142857143,91.0,83.42857142857143,409.0,466.0,121.0,113.57142857142857,253.0,247.28571428571428,422.0,405.42857142857144,359.0,360.0,5,9
2023-09-24,456,420,293,377,120,462,75,203,419,331,528.0,521.8571428571429,385.0,378.85714285714283,371.0,378.42857142857144,399.0,373.42857142857144,63.0,94.71428571428571,482.0,473.7142857142857,150.0,108.28571428571429,214.0,237.57142857142858,424.0,400.14285714285717,363.0,359.7142857142857,6,9
2023-09-25,514,312,283,482,66,472,135,261,337,352,456.0,512.8571428571429,420.0,376.57142857142856,293.0,358.57142857142856,377.0,388.42857142857144,120.0,91.42857142857143,462.0,463.14285714285717,75.0,115.0,203.0,242.42857142857142,419.0,380.0,331.0,356.2857142857143,0,9
2023-09-26,486,380,353,458,89,501,80,163,381,408,514.0,491.0,312.0,374.42857142857144,283.0,346.85714285714283,482.0,396.57142857142856,66.0,88.28571428571429,472.0,460.57142857142856,135.0,109.57142857142857,261.0,234.42857142857142,337.0,386.14285714285717,352.0,377.7142857142857,1,9
2023-09-27,573,291,425,271,47,445,104,192,323,388,486.0,498.85714285714283,380.0,367.57142857142856,353.0,354.2857142857143,458.0,381.2857142857143,89.0,77.71428571428571,501.0,467.57142857142856,80.0,116.42857142857143,163.0,221.0,381.0,391.85714285714283,408.0,367.0,2,9
2023-09-28,453,421,310,317,90,520,148,209,405,301,573.0,503.7142857142857,291.0,374.14285714285717,425.0,348.42857142857144,271.0,382.2857142857143,47.0,80.85714285714286,445.0,470.14285714285717,104.0,116.14285714285714,192.0,213.57142857142858,323.0,387.2857142857143,388.0,357.42857142857144,3,9
2023-09-29,536,361,322,432,64,398,69,279,326,413,453.0,506.57142857142856,421.0,367.14285714285717,310.0,336.7142857142857,317.0,390.85714285714283,90.0,77.0,520.0,468.57142857142856,148.0,108.71428571428571,209.0,217.28571428571428,405.0,373.57142857142856,301.0,365.14285714285717,4,9
2023-09-30,535,445,332,444,45,438,152,268,306,259,536.0,507.57142857142856,361.0,375.7142857142857,322.0,331.14285714285717,432.0,397.2857142857143,64.0,74.42857142857143,398.0,462.2857142857143,69.0,109.0,279.0,225.0,326.0,356.7142857142857,413.0,350.2857142857143,5,9
2023-10-01,480,430,380,347,81,457,72,230,344,324,535.0,511.0,445.0,377.14285714285717,332.0,343.57142857142856,444.0,393.0,45.0,68.85714285714286,438.0,461.57142857142856,152.0,108.57142857142857,268.0,228.85714285714286,306.0,346.0,259.0,349.2857142857143,6,10
2023-10-02,495,362,415,412,46,481,85,275,370,332,480.0,508.2857142857143,430.0,384.2857142857143,380.0,362.42857142857144,347.0,383.0,81.0,66.0,457.0,462.85714285714283,72.0,101.42857142857143,230.0,230.85714285714286,344.0,350.7142857142857,324.0,346.42857142857144,0,10
2023-10-03,432,423,337,403,38,403,161,184,375,342,495.0,500.57142857142856,362.0,390.42857142857144,415.0,360.14285714285717,412.0,375.14285714285717,46.0,58.714285714285715,481.0,448.85714285714283,85.0,113.0,275.0,233.85714285714286,370.0,349.85714285714283,332.0,337.0,1,10
2023-10-04,546,472,417,303,61,571,93,216,314,270,432.0,496.7142857142857,423.0,416.2857142857143,337.0,359.0,403.0,379.7142857142857,38.0,60.714285714285715,403.0,466.85714285714283,161.0,111.42857142857143,184.0,237.28571428571428,375.0,348.57142857142856,342.0,320.14285714285717,2,10
2023-10-05,361,435,333,391,67,505,147,220,394,289,546.0,483.57142857142856,472.0,418.2857142857143,417.0,362.2857142857143,303.0,390.2857142857143,61.0,57.42857142857143,571.0,464.7142857142857,93.0,111.28571428571429,216.0,238.85714285714286,314.0,347.0,270.0,318.42857142857144,3,10
2023-10-06,562,460,393,352,68,528,144,287,338,313,361.0,487.2857142857143,435.0,432.42857142857144,333.0,372.42857142857144,391.0,378.85714285714283,67.0,58.0,505.0,483.2857142857143,147.0,122.0,220.0,240.0,394.0,348.7142857142857,289.0,304.14285714285717,4,10
2023-10-07,385,397,409,383,120,489,118,323,394,299,562.0,465.85714285714283,460.0,425.57142857142856,393.0,383.42857142857144,352.0,370.14285714285717,68.0,68.71428571428571,528.0,490.57142857142856,144.0,117.14285714285714,287.0,247.85714285714286,338.0,361.2857142857143,313.0,309.85714285714283,5,10
2023-10-08,556,275,362,450,59,477,97,217,313,257,385.0,476.7142857142857,397.0,403.42857142857144,409.0,380.85714285714283,383.0,384.85714285714283,120.0,65.57142857142857,489.0,493.42857142857144,118.0,120.71428571428571,323.0,246.0,394.0,356.85714285714283,299.0,300.2857142857143,6,10
2023-10-09,549,350,322,373,73,510,118,293,365,373,556.0,484.42857142857144,275.0,401.7142857142857,362.0,367.57142857142856,450.0,379.2857142857143,59.0,69.42857142857143,477.0,497.57142857142856,97.0,125.42857142857143,217.0,248.57142857142858,313.0,356.14285714285717,257.0,306.14285714285717,0,10
2023-10-10,449,361,387,403,104,412,113,314,408,306,549.0,486.85714285714283,350.0,392.85714285714283,322.0,374.7142857142857,373.0,379.2857142857143,73.0,78.85714285714286,510.0,498.85714285714283,118.0,118.57142857142857,293.0,267.14285714285717,365.0,360.85714285714283,373.0,301.0,1,10
2023-10-11,425,470,452,413,49,455,86,230,420,313,449.0,469.57142857142856,361.0,392.57142857142856,387.0,379.7142857142857,403.0,395.0,104.0,77.14285714285714,412.0,482.2857142857143,113.0,117.57142857142857,314.0,269.14285714285717,408.0,376.0,306.0,307.14285714285717,2,10
2023-10-12,500,311,384,328,44,443,64,292,305,374,425.0,489.42857142857144,470.0,374.85714285714283,452.0,387.0,413.0,386.0,49.0,73.85714285714286,455.0,473.42857142857144,86.0,105.71428571428571,230.0,279.42857142857144,420.0,363.2857142857143,313.0,319.2857142857143,3,10
2023-10-13,489,354,314,407,68,482,48,196,283,266,500.0,479.0,311.0,359.7142857142857,384.0,375.7142857142857,328.0,393.85714285714283,44.0,73.85714285714286,443.0,466.85714285714283,64.0,92.0,292.0,266.42857142857144,305.0,355.42857142857144,374.0,312.57142857142856,4,10
2023-10-14,558,488,485,295,57,483,74,313,466,274,489.0,503.7142857142857,354.0,372.7142857142857,314.0,386.57142857142856,407.0,381.2857142857143,68.0,64.85714285714286,482.0,466.0,48.0,85.71428571428571,196.0,265.0,283.0,365.7142857142857,266.0,309.0,5,10
2023-10-15,449,481,407,373,58,545,100,214,382,262,558.0,488.42857142857144,488.0,402.14285714285717,485.0,393.0,295.0,370.2857142857143,57.0,64.71428571428571,483.0,475.7142857142857,74.0,86.14285714285714,313.0,264.57142857142856,466.0,375.57142857142856,274.0,309.7142857142857,6,10
2023-10-16,367,384,345,338,88,396,89,283,401,301,449.0,462.42857142857144,481.0,407.0,407.0,396.2857142857143,373.0,365.2857142857143,58.0,66.85714285714286,545.0,459.42857142857144,100.0,82.0,214.0,263.14285714285717,382.0,380.7142857142857,262.0,299.42857142857144,0,10
2023-10-17,594,392,381,357,114,471,98,349,396,365,367.0,483.14285714285717,384.0,411.42857142857144,345.0,395.42857142857144,338.0,358.7142857142857,88.0,68.28571428571429,396.0,467.85714285714283,89.0,79.85714285714286,283.0,268.14285714285717,401.0,379.0,301.0,307.85714285714283,1,10
2023-10-18,584,364,388,345,73,611,56,223,281,293,594.0,505.85714285714283,392.0,396.2857142857143,381.0,386.2857142857143,357.0,349.0,114.0,71.71428571428571,471.0,490.14285714285717,98.0,75.57142857142857,349.0,267.14285714285717,396.0,359.14285714285717,365.0,305.0,2,10
2023-10-19,486,384,267,347,54,594,73,280,435,341,584.0,503.85714285714283,364.0,406.7142857142857,388.0,369.57142857142856,345.0,351.7142857142857,73.0,73.14285714285714,611.0,511.7142857142857,56.0,76.85714285714286,223.0,265.42857142857144,281.0,377.7142857142857,293.0,300.2857142857143,3,10
2023-10-20,504,392,419,296,118,570,81,215,305,350,486.0,506.0,384.0,412.14285714285717,267.0,384.57142857142856,347.0,335.85714285714283,54.0,80.28571428571429,594.0,524.2857142857143,73.0,81.57142857142857,280.0,268.14285714285717,435.0,380.85714285714283,341.0,312.2857142857143,4,10
2023-10-21,514,293,426,323,70,455,146,222,408,302,504.0,499.7142857142857,392.0,384.2857142857143,419.0,376.14285714285717,296.0,339.85714285714283,118.0,82.14285714285714,570.0,520.2857142857143,81.0,91.85714285714286,215.0,255.14285714285714,305.0,372.57142857142856,350.0,316.2857142857143,5,10
2023-10-22,590,420,338,361,52,440,99,288,405,290,514.0,519.8571428571429,293.0,375.57142857142856,426.0,366.2857142857143,323.0,338.14285714285717,70.0,81.28571428571429,455.0,505.2857142857143,146.0,91.71428571428571,222.0,265.7142857142857,408.0,375.85714285714283,302.0,320.2857142857143,6,10
2023-10-23,506,311,362,399,82,494,121,237,448,388,590.0,539.7142857142857,420.0,365.14285714285717,338.0,368.7142857142857,361.0,346.85714285714283,52.0,80.42857142857143,440.0,519.2857142857143,99.0,96.28571428571429,288.0,259.14285714285717,405.0,382.57142857142856,290.0,332.7142857142857,0,10
2023-10-24,479,350,455,423,20,423,153,268,422,410,506.0,523.2857142857143,311.0,359.14285714285717,362.0,379.2857142857143,399.0,356.2857142857143,82.0,67.0,494.0,512.4285714285714,121.0,104.14285714285714,237.0,247.57142857142858,448.0,386.2857142857143,388.0,339.14285714285717,1,10
2023-10-25,544,347,341,326,55,474,167,203,352,307,479.0,517.5714285714286,350.0,356.7142857142857,455.0,372.57142857142856,423.0,353.57142857142856,20.0,64.42857142857143,423.0,492.85714285714283,153.0,120.0,268.0,244.71428571428572,422.0,396.42857142857144,410.0,341.14285714285717,2,10
2023-10-26,472,315,309,282,105,378,100,204,392,285,544.0,515.5714285714286,347.0,346.85714285714283,341.0,378.57142857142856,326.0,344.2857142857143,55.0,71.71428571428571,474.0,462.0,167.0,123.85714285714286,203.0,233.85714285714286,352.0,390.2857142857143,307.0,333.14285714285717,3,10
2023-10-27,482,410,333,369,53,447,99,205,454,434,472.0,512.4285714285714,315.0,349.42857142857144,309.0,366.2857142857143,282.0,354.7142857142857,105.0,62.42857142857143,378.0,444.42857142857144,100.0,126.42857142857143,204.0,232.42857142857142,392.0,411.57142857142856,285.0,345.14285714285717,4,10
2023-10-28,524,420,343,334,96,447,150,204,302,293,482.0,513.8571428571429,410.0,367.57142857142856,333.0,354.42857142857144,369.0,356.2857142857143,53.0,66.14285714285714,447.0,443.2857142857143,99.0,127.0,205.0,229.85714285714286,454.0,396.42857142857144,434.0,343.85714285714283,5,10
2023-10-29,496,423,324,318,104,523,107,211,462,310,524.0,500.42857142857144,420.0,368.0,343.0,352.42857142857144,334.0,350.14285714285717,96.0,73.57142857142857,447.0,455.14285714285717,150.0,128.14285714285714,204.0,218.85714285714286,302.0,404.57142857142856,293.0,346.7142857142857,6,10
2023-10-30,586,426,352,336,64,373,107,268,333,349,496.0,511.85714285714283,423.0,384.42857142857144,324.0,351.0,318.0,341.14285714285717,104.0,71.0,523.0,437.85714285714283,107.0,126.14285714285714,211.0,223.28571428571428,462.0,388.14285714285717,310.0,341.14285714285717,0,10
2023-10-31,585,371,310,313,77,505,89,292,340,292,586.0,527.0,426.0,387.42857142857144,352.0,330.2857142857143,336.0,325.42857142857144,64.0,79.14285714285714,373.0,449.57142857142856,107.0,117.0,268.0,226.71428571428572,333.0,376.42857142857144,349.0,324.2857142857143,1,10
2023-11-01,590,377,458,374,70,484,97,289,313,335,585.0,533.5714285714286,371.0,391.7142857142857,310.0,347.0,313.0,332.2857142857143,77.0,81.28571428571429,505.0,451.0,89.0,107.0,292.0,239.0,340.0,370.85714285714283,292.0,328.2857142857143,2,11
2023-11-02,565,344,323,401,46,454,117,220,357,293,590.0,546.8571428571429,377.0,395.85714285714283,458.0,349.0,374.0,349.2857142857143,70.0,72.85714285714286,484.0,461.85714285714283,97.0,109.42857142857143,289.0,241.28571428571428,313.0,365.85714285714283,335.0,329.42857142857144,3,11
2023-11-03,481,373,352,290,49,581,85,240,419,295,565.0,546.7142857142857,344.0,390.57142857142856,323.0,351.7142857142857,401.0,338.0,46.0,72.28571428571429,454.0,481.0,117.0,107.42857142857143,220.0,246.28571428571428,357.0,360.85714285714283,293.0,309.57142857142856,4,11
2023-11-04,578,370,433,362,96,471,117,274,256,270,481.0,554.4285714285714,373.0,383.42857142857144,352.0,364.57142857142856,290.0,342.0,49.0,72.28571428571429,581.0,484.42857142857144,85.0,102.71428571428571,240.0,256.2857142857143,419.0,354.2857142857143,295.0,306.2857142857143,5,11
2023-11-05,625,429,424,366,52,400,139,264,358,305,578.0,572.8571428571429,370.0,384.2857142857143,433.0,378.85714285714283,362.0,348.85714285714283,96.0,64.85714285714286,471.0,466.85714285714283,117.0,107.28571428571429,274.0,263.85714285714283,256.0,339.42857142857144,270.0,305.57142857142856,6,11
2023-11-06,531,408,449,410,79,450,117,270,416,289,625.0,565.0,429.0,381.7142857142857,424.0,392.7142857142857,366.0,359.42857142857144,52.0,67.0,400.0,477.85714285714283,139.0,108.71428571428571,264.0,264.14285714285717,358.0,351.2857142857143,305.0,297.0,0,11
2023-11-07,523,512,347,450,132,425,120,290,340,338,531.0,556.1428571428571,408.0,401.85714285714283,449.0,398.0,410.0,379.0,79.0,74.85714285714286,450.0,466.42857142857144,117.0,113.14285714285714,270.0,263.85714285714283,416.0,351.2857142857143,289.0,303.57142857142856,1,11
2023-11-08,493,420,462,331,86,567,159,217,428,361,523.0,542.2857142857143,512.0,408.0,347.0,398.57142857142856,450.0,372.85714285714283,132.0,77.14285714285714,425.0,478.2857142857143,120.0,122.0,290.0,253.57142857142858,340.0,367.7142857142857,338.0,307.2857142857143,2,11
2023-11-09,434,284,393,333,52,404,137,249,366,341,493.0,523.5714285714286,420.0,399.42857142857144,462.0,408.57142857142856,331.0,363.14285714285717,86.0,78.0,567.0,471.14285714285717,159.0,124.85714285714286,217.0,257.7142857142857,428.0,369.0,361.0,314.14285714285717,3,11
2023-11-10,516,384,370,400,75,487,126,276,380,340,434.0,528.5714285714286,284.0,401.0,393.0,411.14285714285717,333.0,378.85714285714283,52.0,81.71428571428571,404.0,457.7142857142857,137.0,130.71428571428572,249.0,262.85714285714283,366.0,363.42857142857144,341.0,320.57142857142856,4,11
2023-11-11,437,525,292,383,82,450,66,181,336,261,516.0,508.42857142857144,384.0,423.14285714285717,370.0,391.0,400.0,381.85714285714283,75.0,79.71428571428571,487.0,454.7142857142857,126.0,123.42857142857143,276.0,249.57142857142858,380.0,374.85714285714283,340.0,319.2857142857143,5,11
2023-11-12,582,414,304,370,58,460,105,220,360,306,437.0,502.2857142857143,525.0,421.0,292.0,373.85714285714283,383.0,382.42857142857144,82.0,80.57142857142857,450.0,463.2857142857143,66.0,118.57142857142857,181.0,243.28571428571428,336.0,375.14285714285717,261.0,319.42857142857144,6,11
2023-11-13,512,353,364,283,80,404,105,237,307,293,582.0,499.57142857142856,414.0,413.14285714285717,304.0,361.7142857142857,370.0,364.2857142857143,58.0,80.71428571428571,460.0,456.7142857142857,105.0,116.85714285714286,220.0,238.57142857142858,360.0,359.57142857142856,306.0,320.0,0,11
2023-11-14,446,473,307,359,103,422,120,359,339,292,512.0,488.57142857142856,353.0,407.57142857142856,364.0,356.0,283.0,351.2857142857143,80.0,76.57142857142857,404.0,456.2857142857143,105.0,116.85714285714286,237.0,248.42857142857142,307.0,359.42857142857144,293.0,313.42857142857144,1,11
2023-11-15,460,422,369,312,111,371,120,232,310,356,446.0,483.85714285714283,473.0,407.85714285714283,307.0,342.7142857142857,359.0,348.57142857142856,103.0,80.14285714285714,422.0,428.2857142857143,120.0,111.28571428571429,359.0,250.57142857142858,339.0,342.57142857142856,292.0,312.7142857142857,2,11
2023-11-16,514,520,323,334,48,491,137,278,352,306,460.0,495.2857142857143,422.0,441.57142857142856,369.0,332.7142857142857,312.0,348.7142857142857,111.0,79.57142857142857,371.0,440.7142857142857,120.0,111.28571428571429,232.0,254.71428571428572,310.0,340.57142857142856,356.0,307.7142857142857,3,11
2023-11-17,418,380,351,396,33,483,96,260,432,321,514.0,481.2857142857143,520.0,441.0,323.0,330.0,334.0,348.14285714285717,48.0,73.57142857142857,491.0,440.14285714285717,137.0,107.0,278.0,252.42857142857142,352.0,348.0,306.0,305.0,4,11
2023-11-18,564,428,344,379,70,368,44,228,372,237,418.0,499.42857142857144,380.0,427.14285714285717,351.0,337.42857142857144,396.0,347.57142857142856,33.0,71.85714285714286,483.0,428.42857142857144,96.0,103.85714285714286,260.0,259.14285714285717,432.0,353.14285714285717,321.0,301.57142857142856,5,11
2023-11-19,484,358,364,414,67,574,129,209,392,385,564.0,485.42857142857144,428.0,419.14285714285717,344.0,346.0,379.0,353.85714285714283,70.0,73.14285714285714,368.0,444.7142857142857,44.0,107.28571428571429,228.0,257.57142857142856,372.0,357.7142857142857,237.0,312.85714285714283,6,11
2023-11-20,424,463,365,304,108,429,177,285,326,401,484.0,472.85714285714283,358.0,434.85714285714283,364.0,346.14285714285717,414.0,356.85714285714283,67.0,77.14285714285714,574.0,448.2857142857143,129.0,117.57142857142857,209.0,264.42857142857144,392.0,360.42857142857144,385.0,328.2857142857143,0,11
2023-11-21,659,385,324,318,53,483,124,330,363,236,424.0,503.2857142857143,463.0,422.2857142857143,365.0,348.57142857142856,304.0,351.0,108.0,70.0,429.0,457.0,177.0,118.14285714285714,285.0,260.2857142857143,326.0,363.85714285714283,401.0,320.2857142857143,1,11
2023-11-22,448,418,305,347,70,438,98,269,317,340,659.0,501.57142857142856,385.0,421.7142857142857,324.0,339.42857142857144,318.0,356.0,53.0,64.14285714285714,483.0,466.57142857142856,124.0,115.0,330.0,265.57142857142856,363.0,364.85714285714283,236.0,318.0,2,11
2023-11-23,425,379,373,377,74,468,121,189,382,331,448.0,488.85714285714283,418.0,401.57142857142856,305.0,346.57142857142856,347.0,362.14285714285717,70.0,67.85714285714286,438.0,463.2857142857143,98.0,112.71428571428571,269.0,252.85714285714286,317.0,369.14285714285717,340.0,321.57142857142856,3,11
2023-11-24,587,422,364,351,84,481,113,202,379,324,425.0,513.0,379.0,407.57142857142856,373.0,348.42857142857144,377.0,355.7142857142857,74.0,75.14285714285714,468.0,463.0,121.0,115.14285714285714,189.0,244.57142857142858,382.0,361.57142857142856,331.0,322.0,4,11
2023-11-25,514,393,426,314,121,398,161,335,405,317,587.0,505.85714285714283,422.0,402.57142857142856,364.0,360.14285714285717,351.0,346.42857142857144,84.0,82.42857142857143,481.0,467.2857142857143,113.0,131.85714285714286,202.0,259.85714285714283,379.0,366.2857142857143,324.0,333.42857142857144,5,11
2023-11-26,415,486,423,435,53,446,111,375,338,352,514.0,496.0,393.0,420.85714285714283,426.0,368.57142857142856,314.0,349.42857142857144,121.0,80.42857142857143,398.0,449.0,161.0,129.28571428571428,335.0,283.57142857142856,405.0,358.57142857142856,317.0,328.7142857142857,6,11
2023-11-27,452,448,345,295,62,433,104,235,328,360,415.0,500.0,486.0,418.7142857142857,423.0,365.7142857142857,435.0,348.14285714285717,53.0,73.85714285714286,446.0,449.57142857142856,111.0,118.85714285714286,375.0,276.42857142857144,338.0,358.85714285714283,352.0,322.85714285714283,0,11
2023-11-28,510,391,348,453,79,537,124,263,311,348,452.0,478.7142857142857,448.0,419.57142857142856,345.0,369.14285714285717,295.0,367.42857142857144,62.0,77.57142857142857,433.0,457.2857142857143,104.0,118.85714285714286,235.0,266.85714285714283,328.0,351.42857142857144,360.0,338.85714285714283,1,11
2023-11-29,481,386,512,342,98,463,76,323,366,323,510.0,483.42857142857144,391.0,415.0,348.0,398.7142857142857,453.0,366.7142857142857,79.0,81.57142857142857,537.0,460.85714285714283,124.0,115.71428571428571,263.0,274.57142857142856,311.0,358.42857142857144,348.0,336.42857142857144,2,11
2023-11-30,546,368,313,334,93,501,107,235,367,314,481.0,500.7142857142857,386.0,413.42857142857144,512.0,390.14285714285717,342.0,360.57142857142856,98.0,84.28571428571429,463.0,465.57142857142856,76.0,113.71428571428571,323.0,281.14285714285717,366.0,356.2857142857143,323.0,334.0,3,11
2023-12-01,426,473,301,279,54,412,110,202,304,420,546.0,477.7142857142857,368.0,420.7142857142857,313.0,381.14285714285717,334.0,350.2857142857143,93.0,80.0,501.0,455.7142857142857,107.0,113.28571428571429,235.0,281.14285714285717,367.0,345.57142857142856,314.0,347.7142857142857,4,12
2023-12-02,552,333,504,351,33,443,151,203,369,267,426.0,483.14285714285717,473.0,412.14285714285717,301.0,392.2857142857143,279.0,355.57142857142856,54.0,67.42857142857143,412.0,462.14285714285717,110.0,111.85714285714286,202.0,262.2857142857143,304.0,340.42857142857144,420.0,340.57142857142856,5,12
2023-12-03,473,379,245,406,40,487,74,255,373,317,552.0,491.42857142857144,333.0,396.85714285714283,504.0,366.85714285714283,351.0,351.42857142857144,33.0,65.57142857142857,443.0,468.0,151.0,106.57142857142857,203.0,245.14285714285714,369.0,345.42857142857144,267.0,335.57142857142856,6,12
2023-12-04,513,400,358,360,73,372,83,241,383,377,473.0,500.14285714285717,379.0,390.0,245.0,368.7142857142857,406.0,360.7142857142857,40.0,67.14285714285714,487.0,459.2857142857143,74.0,103.57142857142857,255.0,246.0,373.0,353.2857142857143,317.0,338.0,0,12
2023-12-05,638,433,310,300,81,528,141,268,263,299,513.0,518.4285714285714,400.0,396.0,358.0,363.2857142857143,360.0,338.85714285714283,73.0,67.42857142857143,372.0,458.0,83.0,106.0,241.0,246.71428571428572,383.0,346.42857142857144,377.0,331.0,1,12
2023-12-06,620,411,374,263,32,449,134,256,336,311,638.0,538.2857142857143,433.0,399.57142857142856,310.0,343.57142857142856,300.0,327.57142857142856,81.0,58.0,528.0,456.0,141.0,114.28571428571429,268.0,237.14285714285714,263.0,342.14285714285717,299.0,329.2857142857143,2,12
2023-12-07,587,401,339,445,55,505,90,254,356,345,620.0,544.1428571428571,411.0,404.2857142857143,374.0,347.2857142857143,263.0,343.42857142857144,32.0,52.57142857142857,449.0,456.57142857142856,134.0,111.85714285714286,256.0,239.85714285714286,336.0,340.57142857142856,311.0,333.7142857142857,3,12
2023-12-08,434,391,332,323,30,396,132,240,294,343,587.0,545.2857142857143,401.0,392.57142857142856,339.0,351.7142857142857,445.0,349.7142857142857,55.0,49.142857142857146,505.0,454.2857142857143,90.0,115.0,254.0,245.28571428571428,356.0,339.14285714285717,345.0,322.7142857142857,4,12
2023-12-09,439,374,385,365,101,408,136,206,374,301,434.0,529.1428571428571,391.0,398.42857142857144,332.0,334.7142857142857,323.0,351.7142857142857,30.0,58.857142857142854,396.0,449.2857142857143,132.0,112.85714285714286,240.0,245.71428571428572,294.0,339.85714285714283,343.0,327.57142857142856,5,12
2023-12-10,594,369,391,273,89,490,113,180,413,302,439.0,546.4285714285714,374.0,397.0,385.0,355.57142857142856,365.0,332.7142857142857,101.0,65.85714285714286,408.0,449.7142857142857,136.0,118.42857142857143,206.0,235.0,374.0,345.57142857142856,301.0,325.42857142857144,6,12
2023-12-11,469,463,333,389,87,344,110,265,395,417,594.0,540.1428571428571,369.0,406.0,391.0,352.0,273.0,336.85714285714283,89.0,67.85714285714286,490.0,445.7142857142857,113.0,122.28571428571429,180.0,238.42857142857142,413.0,347.2857142857143,302.0,331.14285714285717,0,12
2023-12-12,486,491,370,315,114,569,94,288,385,279,469.0,518.4285714285714,463.0,414.2857142857143,333.0,360.57142857142856,389.0,339.0,87.0,72.57142857142857,344.0,451.57142857142856,110.0,115.57142857142857,265.0,241.28571428571428,395.0,364.7142857142857,417.0,328.2857142857143,1,12
2023-12-13,527,419,369,350,108,438,132,246,284,351,486.0,505.14285714285717,491.0,415.42857142857144,370.0,359.85714285714283,315.0,351.42857142857144,114.0,83.42857142857143,569.0,450.0,94.0,115.28571428571429,288.0,239.85714285714286,385.0,357.2857142857143,279.0,334.0,2,12
2023-12-14,532,346,240,340,57,526,139,286,436,267,527.0,497.2857142857143,419.0,407.57142857142856,369.0,345.7142857142857,350.0,336.42857142857144,108.0,83.71428571428571,438.0,453.0,132.0,122.28571428571429,246.0,244.42857142857142,284.0,368.7142857142857,351.0,322.85714285714283,3,12
2023-12-15,529,339,461,308,80,486,109,275,311,276,532.0,510.85714285714283,346.0,400.14285714285717,240.0,364.14285714285717,340.0,334.2857142857143,57.0,90.85714285714286,526.0,465.85714285714283,139.0,119.0,286.0,249.42857142857142,436.0,371.14285714285717,267.0,313.2857142857143,4,12
2023-12-16,547,500,329,286,62,582,89,209,367,355,529.0,526.2857142857143,339.0,418.14285714285717,461.0,356.14285714285717,308.0,323.0,80.0,85.28571428571429,486.0,490.7142857142857,109.0,112.28571428571429,275.0,249.85714285714286,311.0,370.14285714285717,276.0,321.0,5,12
2023-12-17,555,373,282,368,61,525,98,221,452,334,547.0,520.7142857142857,500.0,418.7142857142857,329.0,340.57142857142856,286.0,336.57142857142856,62.0,81.28571428571429,582.0,495.7142857142857,89.0,110.14285714285714,209.0,255.71428571428572,367.0,375.7142857142857,355.0,325.57142857142856,6,12
2023-12-18,546,447,350,366,55,552,85,400,387,322,555.0,531.7142857142857,373.0,416.42857142857144,282.0,343.0,368.0,333.2857142857143,61.0,76.71428571428571,525.0,525.4285714285714,98.0,106.57142857142857,221.0,275.0,452.0,374.57142857142856,334.0,312.0,0,12
2023-12-19,482,397,434,343,90,545,112,222,303,256,546.0,531.1428571428571,447.0,403.0,350.0,352.14285714285717,366.0,337.2857142857143,55.0,73.28571428571429,552.0,522.0,85.0,109.14285714285714,400.0,265.57142857142856,387.0,362.85714285714283,322.0,308.7142857142857,1,12
2023-12-20,579,379,359,514,97,387,84,298,496,354,482.0,538.5714285714286,397.0,397.2857142857143,434.0,350.7142857142857,343.0,360.7142857142857,90.0,71.71428571428571,545.0,514.7142857142857,112.0,102.28571428571429,222.0,273.0,303.0,393.14285714285717,256.0,309.14285714285717,2,12
2023-12-21,630,418,357,298,58,479,93,315,333,322,579.0,552.5714285714286,379.0,407.57142857142856,359.0,367.42857142857144,514.0,354.7142857142857,97.0,71.85714285714286,387.0,508.0,84.0,95.71428571428571,298.0,277.14285714285717,496.0,378.42857142857144,354.0,317.0,3,12
2023-12-22,531,362,286,333,74,467,98,242,320,351,630.0,552.8571428571429,418.0,410.85714285714283,357.0,342.42857142857144,298.0,358.2857142857143,58.0,71.0,479.0,505.2857142857143,93.0,94.14285714285714,315.0,272.42857142857144,333.0,379.7142857142857,322.0,327.7142857142857,4,12
2023-12-23,493,324,410,344,54,473,126,298,332,292,531.0,545.1428571428571,362.0,385.7142857142857,286.0,354.0,333.0,366.57142857142856,74.0,69.85714285714286,467.0,489.7142857142857,98.0,99.42857142857143,242.0,285.14285714285717,320.0,374.7142857142857,351.0,318.7142857142857,5,12
2023-12-24,479,426,308,450,76,418,140,211,295,324,493.0,534.2857142857143,324.0,393.2857142857143,410.0,357.7142857142857,344.0,378.2857142857143,54.0,72.0,473.0,474.42857142857144,126.0,105.42857142857143,298.0,283.7142857142857,332.0,352.2857142857143,292.0,317.2857142857143,6,12
2023-12-25,494,367,328,351,65,463,90,265,440,352,479.0,526.8571428571429,426.0,381.85714285714283,308.0,354.57142857142856,450.0,376.14285714285717,76.0,73.42857142857143,418.0,461.7142857142857,140.0,106.14285714285714,211.0,264.42857142857144,295.0,359.85714285714283,324.0,321.57142857142856,0,12
2023-12-26,510,403,441,387,102,541,92,233,322,348,494.0,530.8571428571429,367.0,382.7142857142857,328.0,355.57142857142856,351.0,382.42857142857144,65.0,75.14285714285714,463.0,461.14285714285717,90.0,103.28571428571429,265.0,266.0,440.0,362.57142857142856,352.0,334.7142857142857,1,12
2023-12-27,396,406,335,450,60,484,60,288,303,211,510.0,504.7142857142857,403.0,386.57142857142856,441.0,352.14285714285717,387.0,373.2857142857143,102.0,69.85714285714286,541.0,475.0,92.0,99.85714285714286,233.0,264.57142857142856,322.0,335.0,348.0,314.2857142857143,2,12
2023-12-28,533,380,365,331,97,389,103,288,340,300,396.0,490.85714285714283,406.0,381.14285714285717,335.0,353.2857142857143,450.0,378.0,60.0,75.42857142857143,484.0,462.14285714285717,60.0,101.28571428571429,288.0,260.7142857142857,303.0,336.0,211.0,311.14285714285717,3,12
2023-12-29,472,381,344,355,79,480,112,325,425,303,533.0,482.42857142857144,380.0,383.85714285714283,365.0,361.57142857142856,331.0,381.14285714285717,97.0,76.14285714285714,389.0,464.0,103.0,103.28571428571429,288.0,272.57142857142856,340.0,351.0,300.0,304.2857142857143,4,12
2023-12-30,523,351,373,369,35,476,114,249,336,262,472.0,486.7142857142857,381.0,387.7142857142857,344.0,356.2857142857143,355.0,384.7142857142857,79.0,73.42857142857143,480.0,464.42857142857144,112.0,101.57142857142857,325.0,265.57142857142856,425.0,351.57142857142856,303.0,300.0,5,12
2023-12-31,614,412,345,351,88,456,158,302,355,329,523.0,506.0,351.0,385.7142857142857,373.0,361.57142857142856,369.0,370.57142857142856,35.0,75.14285714285714,476.0,469.85714285714283,114.0,104.14285714285714,249.0,278.57142857142856,336.0,360.14285714285717,262.0,300.7142857142857,6,12
2024-01-01,457,414,221,390,66,523,117,216,347,297,614.0,500.7142857142857,412.0,392.42857142857144,345.0,346.2857142857143,351.0,376.14285714285717,88.0,75.28571428571429,456.0,478.42857142857144,158.0,108.0,302.0,271.57142857142856,355.0,346.85714285714283,329.0,292.85714285714283,0,1
2024-01-02,514,419,400,355,77,371,126,275,475,281,457.0,501.2857142857143,414.0,394.7142857142857,221.0,340.42857142857144,390.0,371.57142857142856,66.0,71.71428571428571,523.0,454.14285714285717,117.0,112.85714285714286,216.0,277.57142857142856,347.0,368.7142857142857,297.0,283.2857142857143,1,1
2024-01-03,469,366,361,279,48,572,85,315,397,408,514.0,511.7142857142857,419.0,389.0,400.0,344.14285714285717,355.0,347.14285714285717,77.0,70.0,371.0,466.7142857142857,126.0,116.42857142857143,275.0,281.42857142857144,475.0,382.14285714285717,281.0,311.42857142857144,2,1
2024-01-04,517,364,400,404,64,434,103,329,343,251,469.0,509.42857142857144,366.0,386.7142857142857,361.0,349.14285714285717,279.0,357.57142857142856,48.0,65.28571428571429,572.0,473.14285714285717,85.0,116.42857142857143,315.0,287.2857142857143,397.0,382.57142857142856,408.0,304.42857142857144,3,1
2024-01-05,401,347,367,377,87,561,91,310,430,280,517.0,499.2857142857143,364.0,381.85714285714283,400.0,352.42857142857144,404.0,360.7142857142857,64.0,66.42857142857143,434.0,484.7142857142857,103.0,113.42857142857143,329.0,285.14285714285717,343.0,383.2857142857143,251.0,301.14285714285717,4,1
2024-01-06,520,456,323,297,102,443,152,296,379,357,401.0,498.85714285714283,347.0,396.85714285714283,367.0,345.2857142857143,377.0,350.42857142857144,87.0,76.0,561.0,480.0,91.0,118.85714285714286,310.0,291.85714285714283,430.0,389.42857142857144,280.0,314.7142857142857,5,1
2024-01-07,494,291,400,336,86,544,152,193,372,441,520.0,481.7142857142857,456.0,379.57142857142856,323.0,353.14285714285717,297.0,348.2857142857143,102.0,75.71428571428571,443.0,492.57142857142856,152.0,118.0,296.0,276.2857142857143,379.0,391.85714285714283,357.0,330.7142857142857,6,1
2024-01-08,529,367,351,315,109,534,141,252,352,348,494.0,492.0,291.0,372.85714285714283,400.0,371.7142857142857,336.0,337.57142857142856,86.0,81.85714285714286,544.0,494.14285714285717,152.0,121.42857142857143,193.0,281.42857142857144,372.0,392.57142857142856,441.0,338.0,0,1
2024-01-09,419,373,332,350,68,450,86,208,377,371,529.0,478.42857142857144,367.0,366.2857142857143,351.0,362.0,315.0,336.85714285714283,109.0,80.57142857142857,534.0,505.42857142857144,141.0,115.71428571428571,252.0,271.85714285714283,352.0,378.57142857142856,348.0,350.85714285714283,1,1
2024-01-10,622,438,368,400,49,401,89,234,357,203,419.0,500.2857142857143,373.0,376.57142857142856,332.0,363.0,350.0,354.14285714285717,68.0,80.71428571428571,450.0,481.0,86.0,116.28571428571429,208.0,260.2857142857143,377.0,372.85714285714283,371.0,321.57142857142856,2,1
2024-01-11,448,362,305,244,68,520,169,274,366,267,622.0,490.42857142857144,438.0,376.2857142857143,368.0,349.42857142857144,400.0,331.2857142857143,49.0,81.28571428571429,401.0,493.2857142857143,89.0,125.71428571428571,234.0,252.42857142857142,357.0,376.14285714285717,203.0,323.85714285714283,3,1
2024-01-12,462,399,401,384,73,581,103,227,334,329,448.0,499.14285714285717,362.0,383.7142857142857,305.0,354.2857142857143,244.0,332.2857142857143,68.0,79.28571428571429,520.0,496.14285714285717,169.0,127.42857142857143,274.0,240.57142857142858,366.0,362.42857142857144,267.0,330.85714285714283,4,1
2024-01-13,499,458,445,280,63,509,111,298,418,327,462.0,496.14285714285717,399.0,384.0,401.0,371.7142857142857,384.0,329.85714285714283,73.0,73.71428571428571,581.0,505.57142857142856,103.0,121.57142857142857,227.0,240.85714285714286,334.0,368.0,329.0,326.57142857142856,5,1
2024-01-14,393,492,320,349,46,536,165,290,368,325,499.0,481.7142857142857,458.0,412.7142857142857,445.0,360.2857142857143,280.0,331.7142857142857,63.0,68.0,509.0,504.42857142857144,111.0,123.42857142857143,298.0,254.71428571428572,418.0,367.42857142857144,327.0,310.0,6,1
2024-01-15,529,380,338,348,51,415,105,278,321,234,393.0,481.7142857142857,492.0,414.57142857142856,320.0,358.42857142857144,349.0,336.42857142857144,46.0,59.714285714285715,536.0,487.42857142857144,165.0,118.28571428571429,290.0,258.42857142857144,368.0,363.0,325.0,293.7142857142857,0,1
2024-01-16,544,372,454,359,65,425,106,258,361,311,529.0,499.57142857142856,380.0,414.42857142857144,338.0,375.85714285714283,348.0,337.7142857142857,51.0,59.285714285714285,415.0,483.85714285714283,105.0,121.14285714285714,278.0,265.57142857142856,321.0,360.7142857142857,234.0,285.14285714285717,1,1
2024-01-17,539,367,415,369,114,463,170,217,517,264,544.0,487.7142857142857,372.0,404.2857142857143,454.0,382.57142857142856,359.0,333.2857142857143,65.0,68.57142857142857,425.0,492.7142857142857,106.0,132.71428571428572,258.0,263.14285714285717,361.0,383.57142857142856,311.0,293.85714285714283,2,1
2024-01-18,452,418,293,377,78,438,125,274,448,354,539.0,488.2857142857143,367.0,412.2857142857143,415.0,380.85714285714283,369.0,352.2857142857143,114.0,70.0,463.0,481.0,170.0,126.42857142857143,217.0,263.14285714285717,517.0,395.2857142857143,264.0,306.2857142857143,3,1
2024-01-19,499,550,288,324,71,493,61,310,349,330,452.0,493.57142857142856,418.0,433.85714285714283,293.0,364.7142857142857,377.0,343.7142857142857,78.0,69.71428571428571,438.0,468.42857142857144,125.0,120.42857142857143,274.0,275.0,448.0,397.42857142857144,354.0,306.42857142857144,4,1
2024-01-20,580,327,328,362,45,526,85,295,479,246,499.0,505.14285714285717,550.0,415.14285714285717,288.0,348.0,324.0,355.42857142857144,71.0,67.14285714285714,493.0,470.85714285714283,61.0,116.71428571428571,310.0,274.57142857142856,349.0,406.14285714285717,330.0,294.85714285714283,5,1
2024-01-21,627,417,348,339,112,532,100,227,402,383,580.0,538.5714285714286,327.0,404.42857142857144,328.0,352.0,362.0,354.0,45.0,76.57142857142857,526.0,470.2857142857143,85.0,107.42857142857143,295.0,265.57142857142856,479.0,411.0,246.0,303.14285714285717,6,1
2024-01-22,445,468,364,399,75,468,78,227,364,272,627.0,526.5714285714286,417.0,417.0,348.0,355.7142857142857,339.0,361.2857142857143,112.0,80.0,532.0,477.85714285714283,100.0,103.57142857142857,227.0,258.2857142857143,402.0,417.14285714285717,383.0,308.57142857142856,0,1
2024-01-23,627,395,308,440,24,437,74,224,458,334,445.0,538.4285714285714,468.0,420.2857142857143,364.0,334.85714285714283,399.0,372.85714285714283,75.0,74.14285714285714,468.0,479.57142857142856,78.0,99.0,227.0,253.42857142857142,364.0,431.0,272.0,311.85714285714283,1,1
2024-01-24,575,349,354,305,76,449,115,147,454,324,627.0,543.5714285714286,395.0,417.7142857142857,308.0,326.14285714285717,440.0,363.7142857142857,24.0,68.71428571428571,437.0,477.57142857142856,74.0,91.14285714285714,224.0,243.42857142857142,458.0,422.0,334.0,320.42857142857144,2,1
2024-01-25,483,321,397,471,70,438,101,269,386,263,575.0,548.0,349.0,403.85714285714283,354.0,341.0,305.0,377.14285714285717,76.0,67.57142857142857,449.0,477.57142857142856,115.0,87.71428571428571,147.0,242.71428571428572,454.0,413.14285714285717,324.0,307.42857142857144,3,1
2024-01-26,487,484,332,433,81,543,126,310,392,413,483.0,546.2857142857143,321.0,394.42857142857144,397.0,347.2857142857143,471.0,392.7142857142857,70.0,69.0,438.0,484.7142857142857,101.0,97.0,269.0,242.71428571428572,386.0,419.2857142857143,263.0,319.2857142857143,4,1
2024-01-27,633,409,350,262,89,543,102,227,418,312,487.0,553.8571428571429,484.0,406.14285714285717,332.0,350.42857142857144,433.0,378.42857142857144,81.0,75.28571428571429,543.0,487.14285714285717,126.0,99.42857142857143,310.0,233.0,392.0,410.57142857142856,413.0,328.7142857142857,5,1
2024-01-28,464,489,381,306,54,525,84,284,255,334,633.0,530.5714285714286,409.0,416.42857142857144,350.0,355.14285714285717,262.0,373.7142857142857,89.0,67.0,543.0,486.14285714285717,102.0,97.14285714285714,227.0,241.14285714285714,418.0,389.57142857142856,312.0,321.7142857142857,6,1
2024-01-29,516,387,361,322,78,479,155,255,413,243,464.0,540.7142857142857,489.0,404.85714285714283,381.0,354.7142857142857,306.0,362.7142857142857,54.0,67.42857142857143,525.0,487.7142857142857,84.0,108.14285714285714,284.0,245.14285714285714,255.0,396.57142857142856,334.0,317.57142857142856,0,1
2024-01-30,466,356,327,438,82,405,87,267,325,409,516.0,517.7142857142857,387.0,399.2857142857143,361.0,357.42857142857144,322.0,362.42857142857144,78.0,75.71428571428571,479.0,483.14285714285717,155.0,110.0,255.0,251.28571428571428,413.0,377.57142857142856,243.0,328.2857142857143,1,1
2024-01-31,459,415,390,306,50,447,90,205,395,320,466.0,501.14285714285717,356.0,408.7142857142857,327.0,362.57142857142856,438.0,362.57142857142856,82.0,72.0,405.0,482.85714285714283,87.0,106.42857142857143,267.0,259.57142857142856,325.0,369.14285714285717,409.0,327.7142857142857,2,1
2024-02-01,479,473,334,491,53,339,99,290,380,272,459.0,500.57142857142856,415.0,430.42857142857144,390.0,353.57142857142856,306.0,365.42857142857144,50.0,69.57142857142857,447.0,468.7142857142857,90.0,106.14285714285714,205.0,262.57142857142856,395.0,368.2857142857143,320.0,329.0,3,2
2024-02-02,600,380,353,387,78,422,113,194,272,399,479.0,516.7142857142857,473.0,415.57142857142856,334.0,356.57142857142856,491.0,358.85714285714283,53.0,69.14285714285714,339.0,451.42857142857144,99.0,104.28571428571429,290.0,246.0,380.0,351.14285714285717,272.0,327.0,4,2
2024-02-03,402,363,386,427,82,443,145,176,405,278,600.0,483.7142857142857,380.0,409.0,353.0,361.7142857142857,387.0,382.42857142857144,78.0,68.14285714285714,422.0,437.14285714285717,113.0,110.42857142857143,194.0,238.71428571428572,272.0,349.2857142857143,399.0,322.14285714285717,5,2
2024-02-04,656,344,500,385,54,501,91,230,331,390,402.0,511.14285714285717,363.0,388.2857142857143,386.0,378.7142857142857,427.0,393.7142857142857,82.0,68.14285714285714,443.0,433.7142857142857,145.0,111.42857142857143,176.0,231.0,405.0,360.14285714285717,278.0,330.14285714285717,6,2
2024-02-05,456,509,256,396,44,439,111,277,398,327,656.0,502.57142857142856,344.0,405.7142857142857,500.0,363.7142857142857,385.0,404.2857142857143,54.0,63.285714285714285,501.0,428.0,91.0,105.14285714285714,230.0,234.14285714285714,331.0,358.0,390.0,342.14285714285717,0,2
2024-02-06,618,424,476,463,70,411,93,242,339,350,456.0,524.2857142857143,509.0,415.42857142857144,256.0,385.0,396.0,407.85714285714283,44.0,61.57142857142857,439.0,428.85714285714283,111.0,106.0,277.0,230.57142857142858,398.0,360.0,327.0,333.7142857142857,1,2
2024-02-07,530,429,427,378,73,578,92,216,420,287,618.0,534.4285714285714,424.0,417.42857142857144,476.0,390.2857142857143,463.0,418.14285714285717,70.0,64.85714285714286,411.0,447.57142857142856,93.0,106.28571428571429,242.0,232.14285714285714,339.0,363.57142857142856,350.0,329.0,2,2
2024-02-08,558,492,293,355,78,445,106,207,352,293,530.0,545.7142857142857,429.0,420.14285714285717,427.0,384.42857142857144,378.0,398.7142857142857,73.0,68.42857142857143,578.0,462.7142857142857,92.0,107.28571428571429,216.0,220.28571428571428,420.0,359.57142857142856,287.0,332.0,3,2
2024-02-09,417,374,396,297,101,507,90,232,315,331,558.0,519.5714285714286,492.0,419.2857142857143,293.0,390.57142857142856,355.0,385.85714285714283,78.0,71.71428571428571,445.0,474.85714285714283,106.0,104.0,207.0,225.71428571428572,352.0,365.7142857142857,293.0,322.2857142857143,4,2
2024-02-10,587,499,343,361,74,416,166,236,365,367,417.0,546.0,374.0,438.7142857142857,396.0,384.42857142857144,297.0,376.42857142857144,101.0,70.57142857142857,507.0,471.0,90.0,107.0,232.0,234.28571428571428,315.0,360.0,331.0,335.0,5,2
2024-02-11,526,334,316,397,85,460,91,241,445,296,587.0,527.4285714285714,499.0,437.2857142857143,343.0,358.14285714285717,361.0,378.14285714285717,74.0,75.0,416.0,465.14285714285717,166.0,107.0,236.0,235.85714285714286,365.0,376.2857142857143,367.0,321.57142857142856,6,2
2024-02-12,455,373,444,362,108,437,112,337,363,370,526.0,527.2857142857143,334.0,417.85714285714283,316.0,385.0,397.0,373.2857142857143,85.0,84.14285714285714,460.0,464.85714285714283,91.0,107.14285714285714,241.0,244.42857142857142,445.0,371.2857142857143,296.0,327.7142857142857,0,2
2024-02-13,486,449,366,333,88,480,116,237,402,322,455.0,508.42857142857144,373.0,421.42857142857144,444.0,369.2857142857143,362.0,354.7142857142857,108.0,86.71428571428571,437.0,474.7142857142857,112.0,110.42857142857143,337.0,243.71428571428572,363.0,380.2857142857143,370.0,323.7142857142857,1,2
2024-02-14,554,362,398,329,59,506,85,240,389,333,486.0,511.85714285714283,449.0,411.85714285714283,366.0,365.14285714285717,333.0,347.7142857142857,88.0,84.71428571428571,480.0,464.42857142857144,116.0,109.42857142857143,237.0,247.14285714285714,402.0,375.85714285714283,322.0,330.2857142857143,2,2
2024-02-15,540,408,333,335,62,589,68,235,349,280,554.0,509.2857142857143,362.0,399.85714285714283,398.0,370.85714285714283,329.0,344.85714285714283,59.0,82.42857142857143,506.0,485.0,85.0,104.0,240.0,251.14285714285714,389.0,375.42857142857144,333.0,328.42857142857144,3,2
2024-02-16,598,447,365,381,70,499,80,322,373,417,540.0,535.1428571428571,408.0,410.2857142857143,333.0,366.42857142857144,335.0,356.85714285714283,62.0,78.0,589.0,483.85714285714283,68.0,102.57142857142857,235.0,264.0,349.0,383.7142857142857,280.0,340.7142857142857,4,2
2024-02-17,575,425,374,394,127,454,81,295,371,308,598.0,533.4285714285714,447.0,399.7142857142857,365.0,370.85714285714283,381.0,361.57142857142856,70.0,85.57142857142857,499.0,489.2857142857143,80.0,90.42857142857143,322.0,272.42857142857144,373.0,384.57142857142856,417.0,332.2857142857143,5,2
2024-02-18,500,353,377,297,67,521,53,289,397,328,575.0,529.7142857142857,425.0,402.42857142857144,374.0,379.57142857142856,394.0,347.2857142857143,127.0,83.0,454.0,498.0,81.0,85.0,295.0,279.2857142857143,371.0,377.7142857142857,308.0,336.85714285714283,6,2
2024-02-19,538,407,294,350,62,477,99,304,369,293,500.0,541.5714285714286,353.0,407.2857142857143,377.0,358.14285714285717,297.0,345.57142857142856,67.0,76.42857142857143,521.0,503.7142857142857,53.0,83.14285714285714,289.0,274.57142857142856,397.0,378.57142857142856,328.0,325.85714285714283,0,2
2024-02-20,474,412,401,346,69,426,83,226,388,347,538.0,539.8571428571429,407.0,402.0,294.0,363.14285714285717,350.0,347.42857142857144,62.0,73.71428571428571,477.0,496.0,99.0,78.42857142857143,304.0,273.0,369.0,376.57142857142856,293.0,329.42857142857144,1,2
2024-02-21,520,456,294,325,125,416,124,195,365,272,474.0,535.0,412.0,415.42857142857144,401.0,348.2857142857143,346.0,346.85714285714283,69.0,83.14285714285714,426.0,483.14285714285717,83.0,84.0,226.0,266.57142857142856,388.0,373.14285714285717,347.0,320.7142857142857,2,2
2024-02-22,488,336,414,322,123,457,89,327,406,313,520.0,527.5714285714286,456.0,405.14285714285717,294.0,359.85714285714283,325.0,345.0,125.0,91.85714285714286,416.0,464.2857142857143,124.0,87.0,195.0,279.7142857142857,365.0,381.2857142857143,272.0,325.42857142857144,3,2
2024-02-23,483,422,449,374,104,503,59,242,257,289,488.0,511.14285714285717,336.0,401.57142857142856,414.0,371.85714285714283,322.0,344.0,123.0,96.71428571428571,457.0,464.85714285714283,89.0,84.0,327.0,268.2857142857143,406.0,364.7142857142857,313.0,307.14285714285717,4,2
2024-02-24,423,435,321,433,89,387,161,221,335,220,483.0,489.42857142857144,422.0,403.0,449.0,364.2857142857143,374.0,349.57142857142856,104.0,91.28571428571429,503.0,455.2857142857143,59.0,95.42857142857143,242.0,257.7142857142857,257.0,359.57142857142856,289.0,294.57142857142856,5,2
2024-02-25,520,371,403,411,80,513,104,174,476,353,423.0,492.2857142857143,435.0,405.57142857142856,321.0,368.0,433.0,365.85714285714283,89.0,93.14285714285714,387.0,454.14285714285717,161.0,102.71428571428571,221.0,241.28571428571428,335.0,370.85714285714283,220.0,298.14285714285717,6,2
2024-02-26,552,344,300,347,124,411,57,183,330,282,520.0,494.2857142857143,371.0,396.57142857142856,403.0,368.85714285714283,411.0,365.42857142857144,80.0,102.0,513.0,444.7142857142857,104.0,96.71428571428571,174.0,224.0,476.0,365.2857142857143,353.0,296.57142857142856,0,2
2024-02-27,465,384,340,326,69,441,83,177,410,374,552.0,493.0,344.0,392.57142857142856,300.0,360.14285714285717,347.0,362.57142857142856,124.0,102.0,411.0,446.85714285714283,57.0,96.71428571428571,183.0,217.0,330.0,368.42857142857144,282.0,300.42857142857144,1,2
2024-02-28,445,412,292,358,76,479,93,256,342,346,465.0,482.2857142857143,384.0,386.2857142857143,340.0,359.85714285714283,326.0,367.2857142857143,69.0,95.0,441.0,455.85714285714283,83.0,92.28571428571429,177.0,225.71428571428572,410.0,365.14285714285717,374.0,311.0,2,2
2024-02-29,407,360,350,371,59,431,116,257,325,296,445.0,470.7142857142857,412.0,389.7142857142857,292.0,350.7142857142857,358.0,374.2857142857143,76.0,85.85714285714286,479.0,452.14285714285717,93.0,96.14285714285714,256.0,215.71428571428572,342.0,353.57142857142856,346.0,308.57142857142856,3,2
2024-03-01,476,326,379,348,66,525,68,297,380,236,407.0,469.7142857142857,360.0,376.0,350.0,340.7142857142857,371.0,370.57142857142856,59.0,80.42857142857143,431.0,455.2857142857143,116.0,97.42857142857143,257.0,223.57142857142858,325.0,371.14285714285717,296.0,301.0,4,3
2024-03-02,588,504,312,459,48,490,64,242,389,319,476.0,493.2857142857143,326.0,385.85714285714283,379.0,339.42857142857144,348.0,374.2857142857143,66.0,74.57142857142857,525.0,470.0,68.0,83.57142857142857,297.0,226.57142857142858,380.0,378.85714285714283,236.0,315.14285714285717,5,3
2024-03-03,500,293,348,351,110,632,126,224,336,306,588.0,490.42857142857144,504.0,374.7142857142857,312.0,331.57142857142856,459.0,365.7142857142857,48.0,78.85714285714286,490.0,487.0,64.0,86.71428571428571,242.0,233.71428571428572,389.0,358.85714285714283,319.0,308.42857142857144,6,3
2024-03-04,509,418,311,430,74,510,60,214,300,310,500.0,484.2857142857143,293.0,385.2857142857143,348.0,333.14285714285717,351.0,377.57142857142856,110.0,71.71428571428571,632.0,501.14285714285717,126.0,87.14285714285714,224.0,238.14285714285714,336.0,354.57142857142856,306.0,312.42857142857144,0,3
2024-03-05,400,436,331,371,65,527,89,268,300,312,509.0,475.0,418.0,392.7142857142857,311.0,331.85714285714283,430.0,384.0,74.0,71.14285714285714,510.0,513.4285714285714,60.0,88.0,214.0,251.14285714285714,300.0,338.85714285714283,310.0,303.57142857142856,1,3
2024-03-06,457,320,380,344,76,552,92,321,305,286,400.0,476.7142857142857,436.0,379.57142857142856,331.0,344.42857142857144,371.0,382.0,65.0,71.14285714285714,527.0,523.8571428571429,89.0,87.85714285714286,268.0,260.42857142857144,300.0,333.57142857142856,312.0,295.0,2,3
2024-03-07,450,389,392,322,86,541,107,335,311,254,457.0,482.85714285714283,320.0,383.7142857142857,380.0,350.42857142857144,344.0,375.0,76.0,75.0,552.0,539.5714285714286,92.0,86.57142857142857,321.0,271.57142857142856,305.0,331.57142857142856,286.0,289.0,3,3
2024-03-08,535,453,497,408,78,524,88,286,379,368,450.0,491.2857142857143,389.0,401.85714285714283,392.0,367.2857142857143,322.0,383.57142857142856,86.0,76.71428571428571,541.0,539.4285714285714,107.0,89.42857142857143,335.0,270.0,311.0,331.42857142857144,254.0,307.85714285714283,4,3
2024-03-09,569,424,337,356,91,530,105,210,298,337,535.0,488.57142857142856,453.0,390.42857142857144,497.0,370.85714285714283,408.0,368.85714285714283,78.0,82.85714285714286,524.0,545.1428571428571,88.0,95.28571428571429,286.0,265.42857142857144,379.0,318.42857142857144,368.0,310.42857142857144,5,3
2024-03-10,580,409,448,437,60,445,126,274,380,283,569.0,500.0,424.0,407.0,337.0,385.14285714285717,356.0,381.14285714285717,91.0,75.71428571428571,530.0,518.4285714285714,105.0,95.28571428571429,210.0,272.57142857142856,298.0,324.7142857142857,337.0,307.14285714285717,6,3
2024-03-11,454,365,398,386,39,542,132,204,367,315,580.0,492.14285714285717,409.0,399.42857142857144,448.0,397.57142857142856,437.0,374.85714285714283,60.0,70.71428571428571,445.0,523.0,126.0,105.57142857142857,274.0,271.14285714285717,380.0,334.2857142857143,283.0,307.85714285714283,0,3
2024-03-12,530,462,361,418,79,365,140,230,457,348,454.0,510.7142857142857,365.0,403.14285714285717,398.0,401.85714285714283,386.0,381.57142857142856,39.0,72.71428571428571,542.0,499.85714285714283,132.0,112.85714285714286,204.0,265.7142857142857,367.0,356.7142857142857,315.0,313.0,1,3
2024-03-13,425,351,368,413,86,434,73,263,367,311,530.0,506.14285714285717,462.0,407.57142857142856,361.0,400.14285714285717,418.0,391.42857142857144,79.0,74.14285714285714,365.0,483.0,140.0,110.14285714285714,230.0,257.42857142857144,457.0,365.57142857142856,348.0,316.57142857142856,2,3
2024-03-14,511,276,442,257,63,480,110,314,308,336,425.0,514.8571428571429,351.0,391.42857142857144,368.0,407.2857142857143,413.0,382.14285714285717,86.0,70.85714285714286,434.0,474.2857142857143,73.0,110.57142857142857,263.0,254.42857142857142,367.0,365.14285714285717,311.0,328.2857142857143,3,3
2024-03-15,553,381,374,533,83,404,133,177,344,293,511.0,517.4285714285714,276.0,381.14285714285717,442.0,389.7142857142857,257.0,400.0,63.0,71.57142857142857,480.0,457.14285714285717,110.0,117.0,314.0,238.85714285714286,308.0,360.14285714285717,336.0,317.57142857142856,4,3
2024-03-16,487,412,363,425,63,539,136,320,375,336,553.0,505.7142857142857,381.0,379.42857142857144,374.0,393.42857142857144,533.0,409.85714285714283,83.0,67.57142857142857,404.0,458.42857142857144,133.0,121.42857142857143,177.0,254.57142857142858,344.0,371.14285714285717,293.0,317.42857142857144,5,3
2024-03-17,448,467,384,382,62,537,120,260,273,317,487.0,486.85714285714283,412.0,387.7142857142857,363.0,384.2857142857143,425.0,402.0,63.0,67.85714285714286,539.0,471.57142857142856,136.0,120.57142857142857,320.0,252.57142857142858,375.0,355.85714285714283,336.0,322.2857142857143,6,3
2024-03-18,471,414,348,311,48,544,104,297,383,319,448.0,489.2857142857143,467.0,394.7142857142857,384.0,377.14285714285717,382.0,391.2857142857143,62.0,69.14285714285714,537.0,471.85714285714283,120.0,116.57142857142857,260.0,265.85714285714283,273.0,358.14285714285717,317.0,322.85714285714283,0,3
2024-03-19,562,431,286,402,94,504,158,231,332,299,471.0,493.85714285714283,414.0,390.2857142857143,348.0,366.42857142857144,311.0,389.0,48.0,71.28571428571429,544.0,491.7142857142857,104.0,119.14285714285714,297.0,266.0,383.0,340.2857142857143,319.0,315.85714285714283,1,3
2024-03-20,421,437,287,373,85,348,113,239,400,317,562.0,493.2857142857143,431.0,402.57142857142856,286.0,354.85714285714283,402.0,383.2857142857143,94.0,71.14285714285714,504.0,479.42857142857144,158.0,124.85714285714286,231.0,262.57142857142856,332.0,345.0,299.0,316.7142857142857,2,3
2024-03-21,513,368,408,382,98,477,111,187,405,383,421.0,493.57142857142856,437.0,415.7142857142857,287.0,350.0,373.0,401.14285714285717,85.0,76.14285714285714,348.0,479.0,113.0,125.0,239.0,244.42857142857142,400.0,358.85714285714283,317.0,323.42857142857144,3,3
2024-03-22,476,400,452,390,73,420,65,280,382,363,513.0,482.57142857142856,368.0,418.42857142857144,408.0,361.14285714285717,382.0,380.7142857142857,98.0,74.71428571428571,477.0,481.2857142857143,111.0,115.28571428571429,187.0,259.14285714285717,405.0,364.2857142857143,383.0,333.42857142857144,4,3
2024-03-23,431,418,285,325,69,531,104,258,337,347,476.0,474.57142857142856,400.0,419.2857142857143,452.0,350.0,390.0,366.42857142857144,73.0,75.57142857142857,420.0,480.14285714285717,65.0,110.71428571428571,280.0,250.28571428571428,382.0,358.85714285714283,363.0,335.0,5,3
2024-03-24,535,421,369,404,51,533,122,221,307,301,431.0,487.0,418.0,412.7142857142857,285.0,347.85714285714283,325.0,369.57142857142856,69.0,74.0,531.0,479.57142857142856,104.0,111.0,258.0,244.71428571428572,337.0,363.7142857142857,347.0,332.7142857142857,6,3
2024-03-25,547,381,363,444,80,433,113,228,383,303,535.0,497.85714285714283,421.0,408.0,369.0,350.0,404.0,388.57142857142856,51.0,78.57142857142857,533.0,463.7142857142857,122.0,112.28571428571429,221.0,234.85714285714286,307.0,363.7142857142857,301.0,330.42857142857144,0,3
2024-03-26,523,398,377,377,86,462,127,256,336,380,547.0,492.2857142857143,381.0,403.2857142857143,363.0,363.0,444.0,385.0,80.0,77.42857142857143,433.0,457.7142857142857,113.0,107.85714285714286,228.0,238.42857142857142,383.0,364.2857142857143,303.0,342.0,1,3
2024-03-27,548,332,361,363,97,433,94,223,359,351,523.0,510.42857142857144,398.0,388.2857142857143,377.0,373.57142857142856,377.0,383.57142857142856,86.0,79.14285714285714,462.0,469.85714285714283,127.0,105.14285714285714,256.0,236.14285714285714,336.0,358.42857142857144,380.0,346.85714285714283,2,3
2024-03-28,590,340,426,371,112,436,100,242,294,394,548.0,521.4285714285714,332.0,384.2857142857143,361.0,376.14285714285717,363.0,382.0,97.0,81.14285714285714,433.0,464.0,94.0,103.57142857142857,223.0,244.0,359.0,342.57142857142856,351.0,348.42857142857144,3,3
2024-03-29,566,386,516,372,77,439,121,269,357,339,590.0,534.2857142857143,340.0,382.2857142857143,426.0,385.2857142857143,371.0,379.42857142857144,112.0,81.71428571428571,436.0,466.7142857142857,100.0,111.57142857142857,242.0,242.42857142857142,294.0,339.0,394.0,345.0,4,3
2024-03-30,595,387,358,411,82,391,93,192,351,339,566.0,557.7142857142857,386.0,377.85714285714283,516.0,395.7142857142857,372.0,391.7142857142857,77.0,83.57142857142857,439.0,446.7142857142857,121.0,110.0,269.0,233.0,357.0,341.0,339.0,343.85714285714283,5,3
2024-03-31,609,323,385,375,92,412,100,196,389,251,595.0,568.2857142857143,387.0,363.85714285714283,358.0,398.0,411.0,387.57142857142856,82.0,89.42857142857143,391.0,429.42857142857144,93.0,106.85714285714286,192.0,229.42857142857142,351.0,352.7142857142857,339.0,336.7142857142857,6,3
2024-04-01,620,392,358,365,77,513,96,259,300,435,609.0,578.7142857142857,323.0,365.42857142857144,385.0,397.2857142857143,375.0,376.2857142857143,92.0,89.0,412.0,440.85714285714283,100.0,104.42857142857143,196.0,233.85714285714286,389.0,340.85714285714283,251.0,355.57142857142856,0,4
2024-04-02,487,403,419,389,69,482,109,333,428,261,620.0,573.5714285714286,392.0,366.14285714285717,358.0,403.2857142857143,365.0,378.0,77.0,86.57142857142857,513.0,443.7142857142857,96.0,101.85714285714286,259.0,244.85714285714286,300.0,354.0,435.0,338.57142857142856,1,4
2024-04-03,640,352,339,401,88,512,111,252,351,386,487.0,586.7142857142857,403.0,369.0,419.0,400.14285714285717,389.0,383.42857142857144,69.0,85.28571428571429,482.0,455.0,109.0,104.28571428571429,333.0,249.0,428.0,352.85714285714283,261.0,343.57142857142856,2,4
2024-04-04,531,497,348,337,56,471,129,245,341,295,640.0,578.2857142857143,352.0,391.42857142857144,339.0,389.0,401.0,378.57142857142856,88.0,77.28571428571429,512.0,460.0,111.0,108.42857142857143,252.0,249.42857142857142,351.0,359.57142857142856,386.0,329.42857142857144,3,4
2024-04-05,450,346,367,308,75,411,102,249,407,325,531.0,561.7142857142857,497.0,385.7142857142857,348.0,367.7142857142857,337.0,369.42857142857144,56.0,77.0,471.0,456.0,129.0,105.71428571428571,245.0,246.57142857142858,341.0,366.7142857142857,295.0,327.42857142857144,4,4
2024-04-06,561,365,346,277,79,470,149,233,375,264,450.0,556.8571428571429,346.0,382.57142857142856,367.0,366.0,308.0,350.2857142857143,75.0,76.57142857142857,411.0,467.2857142857143,102.0,113.71428571428571,249.0,252.42857142857142,407.0,370.14285714285717,325.0,316.7142857142857,5,4
2024-04-07,524,458,306,254,84,497,104,230,418,262,561.0,544.7142857142857,365.0,401.85714285714283,346.0,354.7142857142857,277.0,333.0,79.0,75.42857142857143,470.0,479.42857142857144,149.0,114.28571428571429,233.0,257.2857142857143,375.0,374.2857142857143,264.0,318.2857142857143,6,4
2024-04-08,470,433,309,384,122,408,92,203,332,284,524.0,523.2857142857143,458.0,407.7142857142857,306.0,347.7142857142857,254.0,335.7142857142857,84.0,81.85714285714286,497.0,464.42857142857144,104.0,113.71428571428571,230.0,249.28571428571428,418.0,378.85714285714283,262.0,296.7142857142857,0,4
2024-04-09,486,455,313,353,69,488,111,218,396,284,470.0,523.1428571428571,433.0,415.14285714285717,309.0,332.57142857142856,384.0,330.57142857142856,122.0,81.85714285714286,408.0,465.2857142857143,92.0,114.0,203.0,232.85714285714286,332.0,374.2857142857143,284.0,300.0,1,4
2024-04-10,512,383,318,370,35,400,104,265,384,254,486.0,504.85714285714283,455.0,419.57142857142856,313.0,329.57142857142856,353.0,326.14285714285717,69.0,74.28571428571429,488.0,449.2857142857143,111.0,113.0,218.0,234.71428571428572,396.0,379.0,284.0,281.14285714285717,2,4
2024-04-11,552,430,401,406,87,522,159,278,397,342,512.0,507.85714285714283,383.0,410.0,318.0,337.14285714285717,370.0,336.0,35.0,78.71428571428571,400.0,456.57142857142856,104.0,117.28571428571429,265.0,239.42857142857142,384.0,387.0,254.0,287.85714285714283,3,4
2024-04-12,449,319,289,359,19,458,190,399,409,439,552.0,507.7142857142857,430.0,406.14285714285717,401.0,326.0,406.0,343.2857142857143,87.0,70.71428571428571,522.0,463.2857142857143,159.0,129.85714285714286,278.0,260.85714285714283,397.0,387.2857142857143,342.0,304.14285714285717,4,4
2024-04-13,508,338,344,403,88,429,120,235,308,300,449.0,500.14285714285717,319.0,402.2857142857143,289.0,325.7142857142857,359.0,361.2857142857143,19.0,72.0,458.0,457.42857142857144,190.0,125.71428571428571,399.0,261.14285714285717,409.0,377.7142857142857,439.0,309.2857142857143,5,4
2024-04-14,481,406,405,331,67,559,97,228,319,356,508.0,494.0,338.0,394.85714285714283,344.0,339.85714285714283,403.0,372.2857142857143,88.0,69.57142857142857,429.0,466.2857142857143,120.0,124.71428571428571,235.0,260.85714285714283,308.0,363.57142857142856,300.0,322.7142857142857,6,4
2024-04-15,490,349,400,297,81,400,124,253,289,323,481.0,496.85714285714283,406.0,382.85714285714283,405.0,352.85714285714283,331.0,359.85714285714283,67.0,63.714285714285715,559.0,465.14285714285717,97.0,129.28571428571428,228.0,268.0,319.0,357.42857142857144,356.0,328.2857142857143,0,4
2024-04-16,540,342,371,363,70,490,116,251,336,336,490.0,504.57142857142856,349.0,366.7142857142857,400.0,361.14285714285717,297.0,361.2857142857143,81.0,63.857142857142854,400.0,465.42857142857144,124.0,130.0,253.0,272.7142857142857,289.0,348.85714285714283,323.0,335.7142857142857,1,4
2024-04-17,474,432,322,351,57,448,129,273,372,339,540.0,499.14285714285717,342.0,373.7142857142857,371.0,361.7142857142857,363.0,358.57142857142856,70.0,67.0,490.0,472.2857142857143,116.0,133.57142857142858,251.0,273.85714285714283,336.0,347.14285714285717,336.0,347.85714285714283,2,4
2024-04-18,543,375,371,354,55,452,66,280,398,343,474.0,497.85714285714283,432.0,365.85714285714283,322.0,357.42857142857144,351.0,351.14285714285717,57.0,62.42857142857143,448.0,462.2857142857143,129.0,120.28571428571429,273.0,274.14285714285717,372.0,347.2857142857143,339.0,348.0,3,4
2024-04-19,594,456,439,340,128,554,81,199,276,272,543.0,518.5714285714286,375.0,385.42857142857144,371.0,378.85714285714283,354.0,348.42857142857144,55.0,78.0,452.0,476.0,66.0,104.71428571428571,280.0,245.57142857142858,398.0,328.2857142857143,343.0,324.14285714285717,4,4
2024-04-20,515,330,419,288,103,400,140,199,345,285,594.0,519.5714285714286,456.0,384.2857142857143,439.0,389.57142857142856,340.0,332.0,128.0,80.14285714285714,554.0,471.85714285714283,81.0,107.57142857142857,199.0,240.42857142857142,276.0,333.57142857142856,272.0,322.0,5,4
2024-04-21,486,452,337,352,56,439,108,214,414,325,515.0,520.2857142857143,330.0,390.85714285714283,419.0,379.85714285714283,288.0,335.0,103.0,78.57142857142857,400.0,454.7142857142857,140.0,109.14285714285714,199.0,238.42857142857142,345.0,347.14285714285717,285.0,317.57142857142856,6,4
2024-04-22,451,387,450,322,69,508,132,278,328,292,486.0,514.7142857142857,452.0,396.2857142857143,337.0,387.0,352.0,338.57142857142856,56.0,76.85714285714286,439.0,470.14285714285717,108.0,110.28571428571429,214.0,242.0,414.0,352.7142857142857,325.0,313.14285714285717,0,4
2024-04-23,487,375,369,446,86,502,82,224,374,271,451.0,507.14285714285717,387.0,401.0,450.0,386.7142857142857,322.0,350.42857142857144,69.0,79.14285714285714,508.0,471.85714285714283,132.0,105.42857142857143,278.0,238.14285714285714,328.0,358.14285714285717,292.0,303.85714285714283,1,4
2024-04-24,445,409,411,446,88,491,120,380,322,307,487.0,503.0,375.0,397.7142857142857,369.0,399.42857142857144,446.0,364.0,86.0,83.57142857142857,502.0,478.0,82.0,104.14285714285714,224.0,253.42857142857142,374.0,351.0,271.0,299.2857142857143,2,4
2024-04-25,445,389,321,438,68,430,105,238,352,373,445.0,489.0,409.0,399.7142857142857,411.0,392.2857142857143,446.0,376.0,88.0,85.42857142857143,491.0,474.85714285714283,120.0,109.71428571428571,380.0,247.42857142857142,322.0,344.42857142857144,307.0,303.57142857142856,3,4
2024-04-26,467,380,364,309,68,472,161,321,321,249,445.0,470.85714285714283,389.0,388.85714285714283,321.0,381.57142857142856,438.0,371.57142857142856,68.0,76.85714285714286,430.0,463.14285714285717,105.0,121.14285714285714,238.0,264.85714285714283,352.0,350.85714285714283,373.0,300.2857142857143,4,4
2024-04-27,542,440,344,302,52,548,100,207,329,344,467.0,474.7142857142857,380.0,404.57142857142856,364.0,370.85714285714283,309.0,373.57142857142856,68.0,69.57142857142857,472.0,484.2857142857143,161.0,115.42857142857143,321.0,266.0,321.0,348.57142857142856,249.0,308.7142857142857,5,4
2024-04-28,498,371,396,413,60,388,111,272,435,286,542.0,476.42857142857144,440.0,393.0,344.0,379.2857142857143,302.0,382.2857142857143,52.0,70.14285714285714,548.0,477.0,100.0,115.85714285714286,207.0,274.2857142857143,329.0,351.57142857142856,344.0,303.14285714285717,6,4
2024-04-29,461,438,395,369,90,449,91,284,433,294,498.0,477.85714285714283,371.0,400.2857142857143,396.0,371.42857142857144,413.0,389.0,60.0,73.14285714285714,388.0,468.57142857142856,111.0,110.0,272.0,275.14285714285717,435.0,366.57142857142856,286.0,303.42857142857144,0,4
2024-04-30,427,356,396,279,94,446,128,279,376,318,461.0,469.2857142857143,438.0,397.57142857142856,395.0,375.2857142857143,369.0,365.14285714285717,90.0,74.28571428571429,449.0,460.57142857142856,91.0,116.57142857142857,284.0,283.0,433.0,366.85714285714283,294.0,310.14285714285717,1,4
2024-05-01,508,466,347,305,60,486,129,224,475,321,427.0,478.2857142857143,356.0,405.7142857142857,396.0,366.14285714285717,279.0,345.0,94.0,70.28571428571429,446.0,459.85714285714283,128.0,117.85714285714286,279.0,260.7142857142857,376.0,388.7142857142857,318.0,312.14285714285717,2,5
2024-05-02,565,395,357,292,36,485,97,217,318,376,508.0,495.42857142857144,466.0,406.57142857142856,347.0,371.2857142857143,305.0,324.14285714285717,60.0,65.71428571428571,486.0,467.7142857142857,129.0,116.71428571428571,224.0,257.7142857142857,475.0,383.85714285714283,321.0,312.57142857142856,3,5
2024-05-03,639,352,300,298,80,491,96,301,347,386,565.0,520.0,395.0,402.57142857142856,357.0,362.14285714285717,292.0,322.57142857142856,36.0,67.42857142857143,485.0,470.42857142857144,97.0,107.42857142857143,217.0,254.85714285714286,318.0,387.57142857142856,376.0,332.14285714285717,4,5
2024-05-04,500,390,377,427,116,426,60,270,356,359,639.0,514.0,352.0,395.42857142857144,300.0,366.85714285714283,298.0,340.42857142857144,80.0,76.57142857142857,491.0,453.0,96.0,101.71428571428571,301.0,263.85714285714283,347.0,391.42857142857144,386.0,334.2857142857143,5,5
2024-05-05,605,378,373,378,55,434,96,221,305,386,500.0,529.2857142857143,390.0,396.42857142857144,377.0,363.57142857142856,427.0,335.42857142857144,116.0,75.85714285714286,426.0,459.57142857142856,60.0,99.57142857142857,270.0,256.57142857142856,356.0,372.85714285714283,359.0,348.57142857142856,6,5
2024-05-06,502,437,254,312,81,468,108,207,337,329,605.0,535.1428571428571,378.0,396.2857142857143,373.0,343.42857142857144,378.0,327.2857142857143,55.0,74.57142857142857,434.0,462.2857142857143,96.0,102.0,221.0,245.57142857142858,305.0,359.14285714285717,386.0,353.57142857142856,0,5
2024-05-07,484,456,332,263,29,446,134,242,347,431,502.0,543.2857142857143,437.0,410.57142857142856,254.0,334.2857142857143,312.0,325.0,81.0,65.28571428571429,468.0,462.2857142857143,108.0,102.85714285714286,207.0,240.28571428571428,337.0,355.0,329.0,369.7142857142857,1,5
2024-05-08,413,322,313,413,58,563,111,257,367,304,484.0,529.7142857142857,456.0,390.0,332.0,329.42857142857144,263.0,340.42857142857144,29.0,65.0,446.0,473.2857142857143,134.0,100.28571428571429,242.0,245.0,347.0,339.57142857142856,431.0,367.2857142857143,2,5
2024-05-09,417,439,285,375,86,395,74,290,381,352,413.0,508.57142857142856,322.0,396.2857142857143,313.0,319.14285714285717,413.0,352.2857142857143,58.0,72.14285714285714,563.0,460.42857142857144,111.0,97.0,257.0,255.42857142857142,367.0,348.57142857142856,304.0,363.85714285714283,3,5
2024-05-10,442,410,386,371,50,495,125,228,388,305,417.0,480.42857142857144,439.0,404.57142857142856,285.0,331.42857142857144,375.0,362.7142857142857,86.0,67.85714285714286,395.0,461.0,74.0,101.14285714285714,290.0,245.0,381.0,354.42857142857144,352.0,352.2857142857143,4,5
2024-05-11,588,355,427,332,90,498,127,259,284,272,442.0,493.0,410.0,399.57142857142856,386.0,338.57142857142856,371.0,349.14285714285717,50.0,64.14285714285714,495.0,471.2857142857143,125.0,110.71428571428571,228.0,243.42857142857142,388.0,344.14285714285717,305.0,339.85714285714283,5,5
2024-05-12,528,346,393,371,80,460,97,306,332,324,588.0,482.0,355.0,395.0,427.0,341.42857142857144,332.0,348.14285714285717,90.0,67.71428571428571,498.0,475.0,127.0,110.85714285714286,259.0,255.57142857142858,284.0,348.0,272.0,331.0,6,5
2024-05-13,525,377,419,360,68,538,91,226,322,363,528.0,485.2857142857143,346.0,386.42857142857144,393.0,365.0,371.0,355.0,80.0,65.85714285714286,460.0,485.0,97.0,108.42857142857143,306.0,258.2857142857143,332.0,345.85714285714283,324.0,335.85714285714283,0,5
2024-05-14,572,437,369,380,83,422,108,291,397,344,525.0,497.85714285714283,377.0,383.7142857142857,419.0,370.2857142857143,360.0,371.7142857142857,68.0,73.57142857142857,538.0,481.57142857142856,91.0,104.71428571428571,226.0,265.2857142857143,322.0,353.0,363.0,323.42857142857144,1,5
2024-05-15,427,394,336,402,85,404,112,273,354,387,572.0,499.85714285714283,437.0,394.0,369.0,373.57142857142856,380.0,370.14285714285717,83.0,77.42857142857143,422.0,458.85714285714283,108.0,104.85714285714286,291.0,267.57142857142856,397.0,351.14285714285717,344.0,335.2857142857143,2,5
2024-05-16,531,351,388,354,99,583,58,188,432,241,427.0,516.1428571428571,394.0,381.42857142857144,336.0,388.2857142857143,402.0,367.14285714285717,85.0,79.28571428571429,404.0,485.7142857142857,112.0,102.57142857142857,273.0,253.0,354.0,358.42857142857144,387.0,319.42857142857144,3,5
2024-05-17,566,363,331,337,50,387,121,275,373,336,531.0,533.8571428571429,351.0,374.7142857142857,388.0,380.42857142857144,354.0,362.2857142857143,99.0,79.28571428571429,583.0,470.2857142857143,58.0,102.0,188.0,259.7142857142857,432.0,356.2857142857143,241.0,323.85714285714283,4,5
2024-05-18,463,467,348,336,80,497,68,298,335,279,566.0,516.0,363.0,390.7142857142857,331.0,369.14285714285717,337.0,362.85714285714283,50.0,77.85714285714286,387.0,470.14285714285717,121.0,93.57142857142857,275.0,265.2857142857143,373.0,363.57142857142856,336.0,324.85714285714283,5,5
2024-05-19,587,421,419,256,73,575,83,215,408,296,463.0,524.4285714285714,467.0,401.42857142857144,348.0,372.85714285714283,336.0,346.42857142857144,80.0,76.85714285714286,497.0,486.57142857142856,68.0,91.57142857142857,298.0,252.28571428571428,335.0,374.42857142857144,279.0,320.85714285714283,6,5
2024-05-20,443,474,400,328,92,441,123,257,330,268,587.0,512.7142857142857,421.0,415.2857142857143,419.0,370.14285714285717,256.0,341.85714285714283,73.0,80.28571428571429,575.0,472.7142857142857,83.0,96.14285714285714,215.0,256.7142857142857,408.0,375.57142857142856,296.0,307.2857142857143,0,5
2024-05-21,592,392,386,297,97,512,137,314,374,319,443.0,515.5714285714286,474.0,408.85714285714283,400.0,372.57142857142856,328.0,330.0,92.0,82.28571428571429,441.0,485.57142857142856,123.0,100.28571428571429,257.0,260.0,330.0,372.2857142857143,268.0,303.7142857142857,1,5
2024-05-22,500,347,368,329,46,408,108,180,472,356,592.0,526.0,392.0,402.14285714285717,386.0,377.14285714285717,297.0,319.57142857142856,97.0,76.71428571428571,512.0,486.14285714285717,137.0,99.71428571428571,314.0,246.71428571428572,374.0,389.14285714285717,319.0,299.2857142857143,2,5
2024-05-23,443,389,322,332,46,474,129,295,312,236,500.0,513.4285714285714,347.0,407.57142857142856,368.0,367.7142857142857,329.0,316.42857142857144,46.0,69.14285714285714,408.0,470.57142857142856,108.0,109.85714285714286,180.0,262.0,472.0,372.0,356.0,298.57142857142856,3,5
2024-05-24,421,459,363,284,30,436,140,228,306,282,443.0,492.7142857142857,389.0,421.2857142857143,322.0,372.2857142857143,332.0,308.85714285714283,46.0,66.28571428571429,474.0,477.57142857142856,129.0,112.57142857142857,295.0,255.28571428571428,312.0,362.42857142857144,236.0,290.85714285714283,4,5
2024-05-25,669,280,257,293,54,504,87,191,317,265,421.0,522.1428571428571,459.0,394.57142857142856,363.0,359.2857142857143,284.0,302.7142857142857,30.0,62.57142857142857,436.0,478.57142857142856,140.0,115.28571428571429,228.0,240.0,306.0,359.85714285714283,282.0,288.85714285714283,5,5
2024-05-26,527,470,333,313,43,448,85,224,381,279,669.0,513.5714285714286,280.0,401.57142857142856,257.0,347.0,293.0,310.85714285714283,54.0,58.285714285714285,504.0,460.42857142857144,87.0,115.57142857142857,191.0,241.28571428571428,317.0,356.0,265.0,286.42857142857144,6,5
2024-05-27,502,557,363,338,40,473,103,288,390,277,527.0,522.0,470.0,413.42857142857144,333.0,341.7142857142857,313.0,312.2857142857143,43.0,50.857142857142854,448.0,465.0,85.0,112.71428571428571,224.0,245.71428571428572,381.0,364.57142857142856,279.0,287.7142857142857,0,5
2024-05-28,476,467,354,348,63,396,89,240,346,333,502.0,505.42857142857144,557.0,424.14285714285717,363.0,337.14285714285717,338.0,319.57142857142856,40.0,46.0,473.0,448.42857142857144,103.0,105.85714285714286,288.0,235.14285714285714,390.0,360.57142857142856,277.0,289.7142857142857,1,5
2024-05-29,475,440,462,307,60,407,82,191,400,314,476.0,501.85714285714283,467.0,437.42857142857144,354.0,350.57142857142856,348.0,316.42857142857144,63.0,48.0,396.0,448.2857142857143,89.0,102.14285714285714,240.0,236.71428571428572,346.0,350.2857142857143,333.0,283.7142857142857,2,5
2024-05-30,514,437,280,310,101,517,68,187,293,257,475.0,512.0,440.0,444.2857142857143,462.0,344.57142857142856,307.0,313.2857142857143,60.0,55.857142857142854,407.0,454.42857142857144,82.0,93.42857142857143,191.0,221.28571428571428,400.0,347.57142857142856,314.0,286.7142857142857,3,5
2024-05-31,570,378,295,433,59,415,104,214,324,288,514.0,533.2857142857143,437.0,432.7142857142857,280.0,334.85714285714283,310.0,334.57142857142856,101.0,60.0,517.0,451.42857142857144,68.0,88.28571428571429,187.0,219.28571428571428,293.0,350.14285714285717,257.0,287.57142857142856,4,5
2024-06-01,562,495,360,343,49,492,87,163,392,288,570.0,518.0,378.0,463.42857142857144,295.0,349.57142857142856,433.0,341.7142857142857,59.0,59.285714285714285,415.0,449.7142857142857,104.0,88.28571428571429,214.0,215.28571428571428,324.0,360.85714285714283,288.0,290.85714285714283,5,6
2024-06-02,396,392,348,342,67,445,119,250,245,379,562.0,499.2857142857143,495.0,452.2857142857143,360.0,351.7142857142857,343.0,345.85714285714283,49.0,62.714285714285715,492.0,449.2857142857143,87.0,93.14285714285714,163.0,219.0,392.0,341.42857142857144,288.0,305.14285714285717,6,6
2024-06-03,453,345,352,370,50,451,111,296,448,418,396.0,492.2857142857143,392.0,422.0,348.0,350.14285714285717,342.0,350.42857142857144,67.0,64.14285714285714,445.0,446.14285714285717,119.0,94.28571428571429,250.0,220.14285714285714,245.0,349.7142857142857,379.0,325.2857142857143,0,6
2024-06-04,413,462,302,378,76,488,153,253,449,349,453.0,483.2857142857143,345.0,421.2857142857143,352.0,342.7142857142857,370.0,354.7142857142857,50.0,66.0,451.0,459.2857142857143,111.0,103.42857142857143,296.0,222.0,448.0,364.42857142857144,418.0,327.57142857142856,1,6
2024-06-05,471,314,349,353,40,404,124,212,384,370,413.0,482.7142857142857,462.0,403.2857142857143,302.0,326.57142857142856,378.0,361.2857142857143,76.0,63.142857142857146,488.0,458.85714285714283,153.0,109.42857142857143,253.0,225.0,449.0,362.14285714285717,349.0,335.57142857142856,2,6
2024-06-06,557,362,333,336,77,339,141,209,418,274,471.0,488.85714285714283,314.0,392.57142857142856,349.0,334.14285714285717,353.0,365.0,40.0,59.714285714285715,404.0,433.42857142857144,124.0,119.85714285714286,212.0,228.14285714285714,384.0,380.0,370.0,338.0,3,6
2024-06-07,453,305,388,346,56,475,119,278,337,271,557.0,472.14285714285717,362.0,382.14285714285717,333.0,347.42857142857144,336.0,352.57142857142856,77.0,59.285714285714285,339.0,442.0,141.0,122.0,209.0,237.28571428571428,418.0,381.85714285714283,274.0,335.57142857142856,4,6
2024-06-08,591,344,413,409,100,405,121,183,336,320,453.0,476.2857142857143,305.0,360.57142857142856,388.0,355.0,346.0,362.0,56.0,66.57142857142857,475.0,429.57142857142856,119.0,126.85714285714286,278.0,240.14285714285714,337.0,373.85714285714283,271.0,340.14285714285717,5,6
2024-06-09,513,403,383,317,66,390,82,220,367,337,591.0,493.0,344.0,362.14285714285717,413.0,360.0,409.0,358.42857142857144,100.0,66.42857142857143,405.0,421.7142857142857,121.0,121.57142857142857,183.0,235.85714285714286,336.0,391.2857142857143,320.0,334.14285714285717,6,6
2024-06-10,497,375,324,323,43,432,119,203,333,401,513.0,499.2857142857143,403.0,366.42857142857144,383.0,356.0,317.0,351.7142857142857,66.0,65.42857142857143,390.0,419.0,82.0,122.71428571428571,220.0,222.57142857142858,367.0,374.85714285714283,337.0,331.7142857142857,0,6
2024-06-11,638,344,432,382,62,445,124,230,366,338,497.0,531.4285714285714,375.0,349.57142857142856,324.0,374.57142857142856,323.0,352.2857142857143,43.0,63.42857142857143,432.0,412.85714285714283,119.0,118.57142857142857,203.0,219.28571428571428,333.0,363.0,401.0,330.14285714285717,1,6
2024-06-12,552,422,363,313,66,482,124,275,428,393,638.0,543.0,344.0,365.0,432.0,376.57142857142856,382.0,346.57142857142856,62.0,67.14285714285714,445.0,424.0,124.0,118.57142857142857,230.0,228.28571428571428,366.0,369.2857142857143,338.0,333.42857142857144,2,6
2024-06-13,466,371,370,242,93,461,118,242,291,275,552.0,530.0,422.0,366.2857142857143,363.0,381.85714285714283,313.0,333.14285714285717,66.0,69.42857142857143,482.0,441.42857142857144,124.0,115.28571428571429,275.0,233.0,428.0,351.14285714285717,393.0,333.57142857142856,3,6
2024-06-14,435,358,398,325,90,576,84,188,383,334,466.0,527.4285714285714,371.0,373.85714285714283,370.0,383.2857142857143,242.0,330.14285714285717,93.0,74.28571428571429,461.0,455.85714285714283,118.0,110.28571428571429,242.0,220.14285714285714,291.0,357.7142857142857,275.0,342.57142857142856,4,6
2024-06-15,515,396,281,318,71,447,119,169,466,322,435.0,516.5714285714286,358.0,381.2857142857143,398.0,364.42857142857144,325.0,317.14285714285717,90.0,70.14285714285714,576.0,461.85714285714283,84.0,110.0,188.0,218.14285714285714,383.0,376.2857142857143,334.0,342.85714285714283,5,6
2024-06-16,511,382,422,331,77,425,123,245,279,327,515.0,516.2857142857143,396.0,378.2857142857143,281.0,370.0,318.0,319.14285714285717,71.0,71.71428571428571,447.0,466.85714285714283,119.0,115.85714285714286,169.0,221.71428571428572,466.0,363.7142857142857,322.0,341.42857142857144,6,6
2024-06-17,491,404,356,323,94,401,112,167,319,309,511.0,515.4285714285714,382.0,382.42857142857144,422.0,374.57142857142856,331.0,319.14285714285717,77.0,79.0,425.0,462.42857142857144,123.0,114.85714285714286,245.0,216.57142857142858,279.0,361.7142857142857,327.0,328.2857142857143,0,6
2024-06-18,562,382,435,375,42,415,101,271,310,333,491.0,504.57142857142856,404.0,387.85714285714283,356.0,375.0,323.0,318.14285714285717,94.0,76.14285714285714,401.0,458.14285714285717,112.0,111.57142857142857,167.0,222.42857142857142,319.0,353.7142857142857,309.0,327.57142857142856,1,6
2024-06-19,472,345,369,347,67,492,82,265,270,312,562.0,493.14285714285717,382.0,376.85714285714283,435.0,375.85714285714283,375.0,323.0,42.0,76.28571428571429,415.0,459.57142857142856,101.0,105.57142857142857,271.0,221.0,310.0,331.14285714285717,333.0,316.0,2,6
2024-06-20,478,399,306,306,95,477,40,306,370,225,472.0,494.85714285714283,345.0,380.85714285714283,369.0,366.7142857142857,347.0,332.14285714285717,67.0,76.57142857142857,492.0,461.85714285714283,82.0,94.42857142857143,265.0,230.14285714285714,270.0,342.42857142857144,312.0,308.85714285714283,3,6
2024-06-21,493,321,325,324,73,507,181,241,408,326,478.0,503.14285714285717,399.0,375.57142857142856,306.0,356.2857142857143,306.0,332.0,95.0,74.14285714285714,477.0,452.0,40.0,108.28571428571429,306.0,237.71428571428572,370.0,346.0,225.0,307.7142857142857,4,6
2024-06-22,539,391,359,416,105,569,93,247,394,402,493.0,506.57142857142856,321.0,374.85714285714283,325.0,367.42857142857144,324.0,346.0,73.0,79.0,507.0,469.42857142857144,181.0,104.57142857142857,241.0,248.85714285714286,408.0,335.7142857142857,326.0,319.14285714285717,5,6
2024-06-23,575,471,321,409,63,457,65,252,351,261,539.0,515.7142857142857,391.0,387.57142857142856,359.0,353.0,416.0,357.14285714285717,105.0,77.0,569.0,474.0,93.0,96.28571428571429,247.0,249.85714285714286,394.0,346.0,402.0,309.7142857142857,6,6
2024-06-24,562,398,475,326,76,405,178,320,375,319,575.0,525.8571428571429,471.0,386.7142857142857,321.0,370.0,409.0,357.57142857142856,63.0,74.42857142857143,457.0,474.57142857142856,65.0,105.71428571428571,252.0,271.7142857142857,351.0,354.0,261.0,311.14285714285717,0,6
2024-06-25,562,433,368,355,62,453,86,308,320,319,562.0,525.8571428571429,398.0,394.0,475.0,360.42857142857144,326.0,354.7142857142857,76.0,77.28571428571429,405.0,480.0,178.0,103.57142857142857,320.0,277.0,375.0,355.42857142857144,319.0,309.14285714285717,1,6
2024-06-26,453,424,387,375,70,446,83,244,321,377,562.0,523.1428571428571,433.0,405.2857142857143,368.0,363.0,355.0,358.7142857142857,62.0,77.71428571428571,453.0,473.42857142857144,86.0,103.71428571428571,308.0,274.0,320.0,362.7142857142857,319.0,318.42857142857144,2,6
2024-06-27,660,388,329,293,75,560,107,259,346,329,453.0,549.1428571428571,424.0,403.7142857142857,387.0,366.2857142857143,375.0,356.85714285714283,70.0,74.85714285714286,446.0,485.2857142857143,83.0,113.28571428571429,244.0,267.2857142857143,321.0,359.2857142857143,377.0,333.2857142857143,3,6
2024-06-28,526,395,318,303,54,622,108,199,340,347,660.0,553.8571428571429,388.0,414.2857142857143,329.0,365.2857142857143,293.0,353.85714285714283,75.0,72.14285714285714,560.0,501.7142857142857,107.0,102.85714285714286,259.0,261.2857142857143,346.0,349.57142857142856,329.0,336.2857142857143,4,6
2024-06-29,460,327,400,324,76,585,110,264,381,477,526.0,542.5714285714286,395.0,405.14285714285717,318.0,371.14285714285717,303.0,340.7142857142857,54.0,68.0,622.0,504.0,108.0,105.28571428571429,199.0,263.7142857142857,340.0,347.7142857142857,347.0,347.0,5,6
2024-06-30,453,402,327,366,67,427,96,214,357,259,460.0,525.1428571428571,327.0,395.2857142857143,400.0,372.0,324.0,334.57142857142856,76.0,68.57142857142857,585.0,499.7142857142857,110.0,109.71428571428571,264.0,258.2857142857143,381.0,348.57142857142856,477.0,346.7142857142857,6,6
2024-07-01,494,377,427,327,125,440,99,287,416,363,453.0,515.4285714285714,402.0,392.2857142857143,327.0,365.14285714285717,366.0,334.7142857142857,67.0,75.57142857142857,427.0,504.7142857142857,96.0,98.42857142857143,214.0,253.57142857142858,357.0,354.42857142857144,259.0,353.0,0,7
2024-07-02,509,435,289,373,77,504,109,254,375,370,494.0,507.85714285714283,377.0,392.57142857142856,427.0,353.85714285714283,327.0,337.2857142857143,125.0,77.71428571428571,440.0,512.0,99.0,101.71428571428571,287.0,245.85714285714286,416.0,362.2857142857143,363.0,360.2857142857143,1,7
2024-07-03,462,267,383,467,99,583,134,227,415,276,509.0,509.14285714285717,435.0,370.14285714285717,289.0,353.2857142857143,373.0,350.42857142857144,77.0,81.85714285714286,504.0,531.5714285714286,109.0,109.0,254.0,243.42857142857142,375.0,375.7142857142857,370.0,345.85714285714283,2,7
2024-07-04,415,385,309,394,105,468,118,217,315,271,462.0,474.14285714285717,267.0,369.7142857142857,383.0,350.42857142857144,467.0,364.85714285714283,99.0,86.14285714285714,583.0,518.4285714285714,134.0,110.57142857142857,227.0,237.42857142857142,415.0,371.2857142857143,276.0,337.57142857142856,3,7
2024-07-05,499,378,375,354,74,391,165,252,417,367,415.0,470.2857142857143,385.0,367.2857142857143,309.0,358.57142857142856,394.0,372.14285714285717,105.0,89.0,468.0,485.42857142857144,118.0,118.71428571428571,217.0,245.0,315.0,382.2857142857143,271.0,340.42857142857144,4,7
2024-07-06,522,246,308,188,53,484,88,231,457,326,499.0,479.14285714285717,378.0,355.7142857142857,375.0,345.42857142857144,354.0,352.7142857142857,74.0,85.71428571428571,391.0,471.0,165.0,115.57142857142857,252.0,240.28571428571428,417.0,393.14285714285717,367.0,318.85714285714283,5,7
2024-07-07,458,417,374,437,80,458,110,313,426,271,522.0,479.85714285714283,246.0,357.85714285714283,308.0,352.14285714285717,188.0,362.85714285714283,53.0,87.57142857142857,484.0,475.42857142857144,88.0,117.57142857142857,231.0,254.42857142857142,457.0,403.0,326.0,320.57142857142856,6,7
2024-07-08,463,484,294,466,46,394,169,287,358,298,458.0,475.42857142857144,417.0,373.14285714285717,374.0,333.14285714285717,437.0,382.7142857142857,80.0,76.28571428571429,458.0,468.85714285714283,110.0,127.57142857142857,313.0,254.42857142857142,426.0,394.7142857142857,271.0,311.2857142857143,0,7
2024-07-09,573,334,397,383,71,463,152,228,411,319,463.0,484.57142857142856,484.0,358.7142857142857,294.0,348.57142857142856,466.0,384.14285714285717,46.0,75.42857142857143,394.0,463.0,169.0,133.71428571428572,287.0,250.71428571428572,358.0,399.85714285714283,298.0,304.0,1,7
2024-07-10,452,383,410,338,56,473,73,299,323,313,573.0,483.14285714285717,334.0,375.2857142857143,397.0,352.42857142857144,383.0,365.7142857142857,71.0,69.28571428571429,463.0,447.2857142857143,152.0,125.0,228.0,261.0,411.0,386.7142857142857,319.0,309.2857142857143,2,7
2024-07-11,465,401,323,419,94,442,121,176,410,328,452.0,490.2857142857143,383.0,377.57142857142856,410.0,354.42857142857144,338.0,369.2857142857143,56.0,67.71428571428571,473.0,443.57142857142856,73.0,125.42857142857143,299.0,255.14285714285714,323.0,400.2857142857143,313.0,317.42857142857144,3,7
2024-07-12,446,355,383,302,60,420,150,316,395,355,465.0,482.7142857142857,401.0,374.2857142857143,323.0,355.57142857142856,419.0,361.85714285714283,94.0,65.71428571428571,442.0,447.7142857142857,121.0,123.28571428571429,176.0,264.2857142857143,410.0,397.14285714285717,328.0,315.7142857142857,4,7
2024-07-13,504,403,462,299,83,517,162,223,440,292,446.0,480.14285714285717,355.0,396.7142857142857,383.0,377.57142857142856,302.0,377.7142857142857,60.0,70.0,420.0,452.42857142857144,150.0,133.85714285714286,316.0,263.14285714285717,395.0,394.7142857142857,355.0,310.85714285714283,5,7
2024-07-14,479,331,345,380,74,440,92,216,412,376,504.0,483.14285714285717,403.0,384.42857142857144,462.0,373.42857142857144,299.0,369.57142857142856,83.0,69.14285714285714,517.0,449.85714285714283,162.0,131.28571428571428,223.0,249.28571428571428,440.0,392.7142857142857,292.0,325.85714285714283,6,7
2024-07-15,551,416,246,319,32,513,81,258,363,286,479.0,495.7142857142857,331.0,374.7142857142857,345.0,366.57142857142856,380.0,348.57142857142856,74.0,67.14285714285714,440.0,466.85714285714283,92.0,118.71428571428571,216.0,245.14285714285714,412.0,393.42857142857144,376.0,324.14285714285717,0,7
2024-07-16,542,457,375,328,96,448,102,264,350,301,551.0,491.2857142857143,416.0,392.2857142857143,246.0,363.42857142857144,319.0,340.7142857142857,32.0,70.71428571428571,513.0,464.7142857142857,81.0,111.57142857142857,258.0,250.28571428571428,363.0,384.7142857142857,286.0,321.57142857142856,1,7
2024-07-17,464,340,317,366,78,490,117,315,432,342,542.0,493.0,457.0,386.14285714285717,375.0,350.14285714285717,328.0,344.7142857142857,96.0,73.85714285714286,448.0,467.14285714285717,102.0,117.85714285714286,264.0,252.57142857142858,350.0,400.2857142857143,301.0,325.7142857142857,2,7
2024-07-18,537,477,358,399,83,463,99,234,331,349,464.0,503.2857142857143,340.0,397.0,317.0,355.14285714285717,366.0,341.85714285714283,78.0,72.28571428571429,490.0,470.14285714285717,117.0,114.71428571428571,315.0,260.85714285714283,432.0,389.0,342.0,328.7142857142857,3,7
2024-07-19,453,441,318,341,68,441,130,304,412,223,537.0,504.2857142857143,477.0,409.2857142857143,358.0,345.85714285714283,399.0,347.42857142857144,83.0,73.42857142857143,463.0,473.14285714285717,99.0,111.85714285714286,234.0,259.14285714285717,331.0,391.42857142857144,349.0,309.85714285714283,4,7
2024-07-20,557,372,357,415,70,475,98,233,370,302,453.0,511.85714285714283,441.0,404.85714285714283,318.0,330.85714285714283,341.0,364.0,68.0,71.57142857142857,441.0,467.14285714285717,130.0,102.71428571428571,304.0,260.57142857142856,412.0,381.42857142857144,223.0,311.2857142857143,5,7
2024-07-21,484,422,461,307,48,564,120,301,317,313,557.0,512.5714285714286,372.0,417.85714285714283,357.0,347.42857142857144,415.0,353.57142857142856,70.0,67.85714285714286,475.0,484.85714285714283,98.0,106.71428571428571,233.0,272.7142857142857,370.0,367.85714285714283,302.0,302.2857142857143,6,7
2024-07-22,403,352,357,320,82,365,131,277,342,319,484.0,491.42857142857144,422.0,408.7142857142857,461.0,363.2857142857143,307.0,353.7142857142857,48.0,75.0,564.0,463.7142857142857,120.0,113.85714285714286,301.0,275.42857142857144,317.0,364.85714285714283,313.0,307.0,0,7
2024-07-23,477,333,427,398,105,471,89,273,341,395,403.0,482.14285714285717,352.0,391.0,357.0,370.7142857142857,320.0,363.7142857142857,82.0,76.28571428571429,365.0,467.0,131.0,112.0,277.0,276.7142857142857,342.0,363.57142857142856,319.0,320.42857142857144,1,7
2024-07-24,529,323,395,346,64,478,114,251,329,306,477.0,491.42857142857144,333.0,388.57142857142856,427.0,381.85714285714283,398.0,360.85714285714283,105.0,74.28571428571429,471.0,465.2857142857143,89.0,111.57142857142857,273.0,267.57142857142856,341.0,348.85714285714283,395.0,315.2857142857143,2,7
2024-07-25,372,426,433,319,71,460,87,274,348,258,529.0,467.85714285714283,323.0,381.2857142857143,395.0,392.57142857142856,346.0,349.42857142857144,64.0,72.57142857142857,478.0,464.85714285714283,114.0,109.85714285714286,251.0,273.2857142857143,329.0,351.2857142857143,306.0,302.2857142857143,3,7
2024-07-26,530,329,258,430,75,554,95,207,383,331,372.0,478.85714285714283,426.0,365.2857142857143,433.0,384.0,319.0,362.14285714285717,71.0,73.57142857142857,460.0,481.0,87.0,104.85714285714286,274.0,259.42857142857144,348.0,347.14285714285717,258.0,317.7142857142857,4,7
2024-07-27,465,538,389,351,68,483,108,211,303,313,530.0,465.7142857142857,329.0,389.0,258.0,388.57142857142856,430.0,353.0,75.0,73.28571428571429,554.0,482.14285714285717,95.0,106.28571428571429,207.0,256.2857142857143,383.0,337.57142857142856,331.0,319.2857142857143,5,7
2024-07-28,505,418,353,364,63,478,96,223,398,379,465.0,468.7142857142857,538.0,388.42857142857144,389.0,373.14285714285717,351.0,361.14285714285717,68.0,75.42857142857143,483.0,469.85714285714283,108.0,102.85714285714286,211.0,245.14285714285714,303.0,349.14285714285717,313.0,328.7142857142857,6,7
2024-07-29,529,357,352,381,93,425,96,238,282,300,505.0,486.7142857142857,418.0,389.14285714285717,353.0,372.42857142857144,364.0,369.85714285714283,63.0,77.0,478.0,478.42857142857144,96.0,97.85714285714286,223.0,239.57142857142858,398.0,340.57142857142856,379.0,326.0,0,7
2024-07-30,558,498,381,342,37,471,97,242,392,354,529.0,498.2857142857143,357.0,412.7142857142857,352.0,365.85714285714283,381.0,361.85714285714283,93.0,67.28571428571429,425.0,478.42857142857144,96.0,99.0,238.0,235.14285714285714,282.0,347.85714285714283,300.0,320.14285714285717,1,7
2024-07-31,529,386,359,326,64,474,146,254,346,337,558.0,498.2857142857143,498.0,421.7142857142857,381.0,360.7142857142857,342.0,359.0,37.0,67.28571428571429,471.0,477.85714285714283,97.0,103.57142857142857,242.0,235.57142857142858,392.0,350.2857142857143,354.0,324.57142857142856,2,7
2024-08-01,476,402,327,389,65,508,70,189,274,311,529.0,513.1428571428571,386.0,418.2857142857143,359.0,345.57142857142856,326.0,369.0,64.0,66.42857142857143,474.0,484.7142857142857,146.0,101.14285714285714,254.0,223.42857142857142,346.0,339.7142857142857,337.0,332.14285714285717,3,8
2024-08-02,489,425,329,366,75,446,139,334,209,268,476.0,507.2857142857143,402.0,432.0,327.0,355.7142857142857,389.0,359.85714285714283,65.0,66.42857142857143,508.0,469.2857142857143,70.0,107.42857142857143,189.0,241.57142857142858,274.0,314.85714285714283,311.0,323.14285714285717,4,8
2024-08-03,527,346,386,283,77,548,99,248,314,336,489.0,516.1428571428571,425.0,404.57142857142856,329.0,355.2857142857143,366.0,350.14285714285717,75.0,67.71428571428571,446.0,478.57142857142856,139.0,106.14285714285714,334.0,246.85714285714286,209.0,316.42857142857144,268.0,326.42857142857144,5,8
2024-08-04,532,343,357,409,81,437,120,258,374,367,527.0,520.0,346.0,393.85714285714283,386.0,355.85714285714283,283.0,356.57142857142856,77.0,70.28571428571429,548.0,472.7142857142857,99.0,109.57142857142857,248.0,251.85714285714286,314.0,313.0,336.0,324.7142857142857,6,8
2024-08-05,515,425,349,383,46,498,93,280,326,415,532.0,518.0,343.0,403.57142857142856,357.0,355.42857142857144,409.0,356.85714285714283,81.0,63.57142857142857,437.0,483.14285714285717,120.0,109.14285714285714,258.0,257.85714285714283,374.0,319.2857142857143,367.0,341.14285714285717,0,8
2024-08-06,424,401,398,373,85,536,139,258,367,397,515.0,498.85714285714283,425.0,389.7142857142857,349.0,357.85714285714283,383.0,361.2857142857143,46.0,70.42857142857143,498.0,492.42857142857144,93.0,115.14285714285714,280.0,260.14285714285717,326.0,315.7142857142857,415.0,347.2857142857143,1,8
2024-08-07,527,483,375,379,51,451,109,273,329,326,424.0,498.57142857142856,401.0,403.57142857142856,398.0,360.14285714285717,373.0,368.85714285714283,85.0,68.57142857142857,536.0,489.14285714285717,139.0,109.85714285714286,258.0,262.85714285714283,367.0,313.2857142857143,397.0,345.7142857142857,2,8
2024-08-08,595,388,458,357,76,390,113,275,411,279,527.0,515.5714285714286,483.0,401.57142857142856,375.0,378.85714285714283,379.0,364.2857142857143,51.0,70.14285714285714,451.0,472.2857142857143,109.0,116.0,273.0,275.14285714285717,329.0,332.85714285714283,326.0,341.14285714285717,3,8
2024-08-09,464,399,360,282,72,448,117,279,212,374,595.0,512.0,388.0,397.85714285714283,458.0,383.2857142857143,357.0,352.2857142857143,76.0,69.71428571428571,390.0,472.57142857142856,113.0,112.85714285714286,275.0,267.2857142857143,411.0,333.2857142857143,279.0,356.2857142857143,4,8
2024-08-10,403,445,324,395,73,494,92,279,392,274,464.0,494.2857142857143,399.0,412.0,360.0,374.42857142857144,282.0,368.2857142857143,72.0,69.14285714285714,448.0,464.85714285714283,117.0,111.85714285714286,279.0,271.7142857142857,212.0,344.42857142857144,374.0,347.42857142857144,5,8
2024-08-11,426,251,320,477,66,457,122,347,351,283,403.0,479.14285714285717,445.0,398.85714285714283,324.0,369.14285714285717,395.0,378.0,73.0,67.0,494.0,467.7142857142857,92.0,112.14285714285714,279.0,284.42857142857144,392.0,341.14285714285717,274.0,335.42857142857144,6,8
2024-08-12,480,452,314,425,73,424,160,225,340,386,426.0,474.14285714285717,251.0,402.7142857142857,320.0,364.14285714285717,477.0,384.0,66.0,70.85714285714286,457.0,457.14285714285717,122.0,121.71428571428571,347.0,276.57142857142856,351.0,343.14285714285717,283.0,331.2857142857143,0,8
2024-08-13,453,392,419,248,66,416,138,257,405,349,480.0,478.2857142857143,452.0,401.42857142857144,314.0,367.14285714285717,425.0,366.14285714285717,73.0,68.14285714285714,424.0,440.0,160.0,121.57142857142857,225.0,276.42857142857144,340.0,348.57142857142856,386.0,324.42857142857144,1,8
2024-08-14,595,389,308,365,109,444,113,183,337,244,453.0,488.0,392.0,388.0,419.0,357.57142857142856,248.0,364.14285714285717,66.0,76.42857142857143,416.0,439.0,138.0,122.14285714285714,257.0,263.57142857142856,405.0,349.7142857142857,349.0,312.7142857142857,2,8
2024-08-15,612,374,385,391,100,390,102,221,387,278,595.0,490.42857142857144,389.0,386.0,308.0,347.14285714285717,365.0,369.0,109.0,79.85714285714286,444.0,439.0,113.0,120.57142857142857,183.0,255.85714285714286,337.0,346.2857142857143,244.0,312.57142857142856,3,8
2024-08-16,520,334,282,451,58,448,109,234,403,329,612.0,498.42857142857144,374.0,376.7142857142857,385.0,336.0,391.0,393.14285714285717,100.0,77.85714285714286,390.0,439.0,102.0,119.42857142857143,221.0,249.42857142857142,387.0,373.57142857142856,278.0,306.14285714285717,4,8
2024-08-17,568,400,349,270,59,522,166,272,337,304,520.0,522.0,334.0,370.2857142857143,282.0,339.57142857142856,451.0,375.2857142857143,58.0,75.85714285714286,448.0,443.0,109.0,130.0,234.0,248.42857142857142,403.0,365.7142857142857,329.0,310.42857142857144,5,8
2024-08-18,512,521,380,394,77,397,88,326,402,316,568.0,534.2857142857143,400.0,408.85714285714283,349.0,348.14285714285717,270.0,363.42857142857144,59.0,77.42857142857143,522.0,434.42857142857144,166.0,125.14285714285714,272.0,245.42857142857142,337.0,373.0,304.0,315.14285714285717,6,8
2024-08-19,613,438,439,368,74,457,96,289,376,281,512.0,553.2857142857143,521.0,406.85714285714283,380.0,366.0,394.0,355.2857142857143,77.0,77.57142857142857,397.0,439.14285714285717,88.0,116.0,326.0,254.57142857142858,402.0,378.14285714285717,316.0,300.14285714285717,0,8
2024-08-20,507,469,363,248,82,482,84,241,284,358,613.0,561.0,438.0,417.85714285714283,439.0,358.0,368.0,355.2857142857143,74.0,79.85714285714286,457.0,448.57142857142856,96.0,108.28571428571429,289.0,252.28571428571428,376.0,360.85714285714283,281.0,301.42857142857144,1,8
2024-08-21,390,299,315,337,48,404,175,237,394,339,507.0,531.7142857142857,469.0,405.0,363.0,359.0,248.0,351.2857142857143,82.0,71.14285714285714,482.0,442.85714285714283,84.0,117.14285714285714,241.0,260.0,284.0,369.0,358.0,315.0,2,8
2024-08-22,437,380,313,351,77,444,112,214,383,318,390.0,506.7142857142857,299.0,405.85714285714283,315.0,348.7142857142857,337.0,345.57142857142856,48.0,67.85714285714286,404.0,450.57142857142856,175.0,118.57142857142857,237.0,259.0,394.0,368.42857142857144,339.0,320.7142857142857,3,8
2024-08-23,515,321,311,412,105,397,120,209,296,402,437.0,506.0,380.0,404.0,313.0,352.85714285714283,351.0,340.0,77.0,74.57142857142857,444.0,443.2857142857143,112.0,120.14285714285714,214.0,255.42857142857142,383.0,353.14285714285717,318.0,331.14285714285717,4,8
2024-08-24,526,376,442,347,76,569,117,307,344,331,515.0,500.0,321.0,400.57142857142856,311.0,366.14285714285717,412.0,351.0,105.0,77.0,397.0,450.0,120.0,113.14285714285714,209.0,260.42857142857144,296.0,354.14285714285717,402.0,335.0,5,8
2024-08-25,508,416,395,344,33,601,122,285,386,336,526.0,499.42857142857144,376.0,385.57142857142856,442.0,368.2857142857143,347.0,343.85714285714283,76.0,70.71428571428571,569.0,479.14285714285717,117.0,118.0,307.0,254.57142857142858,344.0,351.85714285714283,331.0,337.85714285714283,6,8
2024-08-26,489,354,338,398,44,511,135,171,398,310,508.0,481.7142857142857,416.0,373.57142857142856,395.0,353.85714285714283,344.0,348.14285714285717,33.0,66.42857142857143,601.0,486.85714285714283,122.0,123.57142857142857,285.0,237.71428571428572,386.0,355.0,336.0,342.0,0,8
2024-08-27,477,305,349,370,85,373,73,242,390,325,489.0,477.42857142857144,354.0,350.14285714285717,338.0,351.85714285714283,398.0,365.57142857142856,44.0,66.85714285714286,511.0,471.2857142857143,135.0,122.0,171.0,237.85714285714286,398.0,370.14285714285717,310.0,337.2857142857143,1,8
2024-08-28,536,457,378,353,42,526,82,247,271,354,477.0,498.2857142857143,305.0,372.7142857142857,349.0,360.85714285714283,370.0,367.85714285714283,85.0,66.0,373.0,488.7142857142857,73.0,108.71428571428571,242.0,239.28571428571428,390.0,352.57142857142856,325.0,339.42857142857144,2,8
2024-08-29,432,419,342,340,96,551,119,269,362,278,536.0,497.57142857142856,457.0,378.2857142857143,378.0,365.0,353.0,366.2857142857143,42.0,68.71428571428571,526.0,504.0,82.0,109.71428571428571,247.0,247.14285714285714,271.0,349.57142857142856,354.0,333.7142857142857,3,8
2024-08-30,494,422,380,377,54,476,87,263,394,344,432.0,494.57142857142856,419.0,392.7142857142857,342.0,374.85714285714283,340.0,361.2857142857143,96.0,61.42857142857143,551.0,515.2857142857143,119.0,105.0,269.0,254.85714285714286,362.0,363.57142857142856,278.0,325.42857142857144,4,8
2024-08-31,562,334,313,320,97,455,127,241,301,363,494.0,499.7142857142857,422.0,386.7142857142857,380.0,356.42857142857144,377.0,357.42857142857144,54.0,64.42857142857143,476.0,499.0,87.0,106.42857142857143,263.0,245.42857142857142,394.0,357.42857142857144,344.0,330.0,5,8
2024-09-01,463,340,387,446,87,424,96,224,376,395,562.0,493.2857142857143,334.0,375.85714285714283,313.0,355.2857142857143,320.0,372.0,97.0,72.14285714285714,455.0,473.7142857142857,127.0,102.71428571428571,241.0,236.71428571428572,301.0,356.0,363.0,338.42857142857144,6,9
2024-09-02,550,451,371,340,68,498,119,240,363,206,463.0,502.0,340.0,389.7142857142857,387.0,360.0,446.0,363.7142857142857,87.0,75.57142857142857,424.0,471.85714285714283,96.0,100.42857142857143,224.0,246.57142857142858,376.0,351.0,395.0,323.57142857142856,0,9
2024-09-03,506,457,402,439,52,431,78,217,255,292,550.0,506.14285714285717,451.0,411.42857142857144,371.0,367.57142857142856,340.0,373.57142857142856,68.0,70.85714285714286,498.0,480.14285714285717,119.0,101.14285714285714,240.0,243.0,363.0,331.7142857142857,206.0,318.85714285714283,1,9
2024-09-04,539,402,345,415,55,441,124,246,343,342,506.0,506.57142857142856,457.0,403.57142857142856,402.0,362.85714285714283,439.0,382.42857142857144,52.0,72.71428571428571,431.0,468.0,78.0,107.14285714285714,217.0,242.85714285714286,255.0,342.0,292.0,317.14285714285717,2,9
2024-09-05,515,371,339,345,121,426,146,200,384,345,539.0,518.4285714285714,402.0,396.7142857142857,345.0,362.42857142857144,415.0,383.14285714285717,55.0,76.28571428571429,441.0,450.14285714285717,124.0,111.0,246.0,233.0,343.0,345.14285714285717,342.0,326.7142857142857,3,9
2024-09-06,529,358,392,269,70,402,131,235,389,418,515.0,523.4285714285714,371.0,387.57142857142856,339.0,364.14285714285717,345.0,367.7142857142857,121.0,78.57142857142857,426.0,439.57142857142856,146.0,117.28571428571429,200.0,229.0,384.0,344.42857142857144,345.0,337.2857142857143,4,9
2024-09-07,495,420,380,443,60,509,125,212,406,404,529.0,513.8571428571429,358.0,399.85714285714283,392.0,373.7142857142857,269.0,385.2857142857143,70.0,73.28571428571429,402.0,447.2857142857143,131.0,117.0,235.0,224.85714285714286,389.0,359.42857142857144,418.0,343.14285714285717,5,9
2024-09-08,546,334,402,252,111,475,182,277,298,325,495.0,525.7142857142857,420.0,399.0,380.0,375.85714285714283,443.0,357.57142857142856,60.0,76.71428571428571,509.0,454.57142857142856,125.0,129.28571428571428,212.0,232.42857142857142,406.0,348.2857142857143,404.0,333.14285714285717,6,9
2024-09-09,529,443,415,365,53,500,112,277,362,326,546.0,522.7142857142857,334.0,397.85714285714283,402.0,382.14285714285717,252.0,361.14285714285717,111.0,74.57142857142857,475.0,454.85714285714283,182.0,128.28571428571428,277.0,237.71428571428572,298.0,348.14285714285717,325.0,350.2857142857143,0,9
2024-09-10,533,414,367,414,90,410,118,181,369,358,529.0,526.5714285714286,443.0,391.7142857142857,415.0,377.14285714285717,365.0,357.57142857142856,53.0,80.0,500.0,451.85714285714283,112.0,134.0,277.0,232.57142857142858,362.0,364.42857142857144,326.0,359.7142857142857,1,9
2024-09-11,524,369,364,397,21,380,146,304,470,278,533.0,524.4285714285714,414.0,387.0,367.0,379.85714285714283,414.0,355.0,90.0,75.14285714285714,410.0,443.14285714285717,118.0,137.14285714285714,181.0,240.85714285714286,369.0,382.57142857142856,358.0,350.57142857142856,2,9
2024-09-12,507,545,320,365,54,484,109,243,329,352,524.0,523.2857142857143,369.0,411.85714285714283,364.0,377.14285714285717,397.0,357.85714285714283,21.0,65.57142857142857,380.0,451.42857142857144,146.0,131.85714285714286,304.0,247.0,470.0,374.7142857142857,278.0,351.57142857142856,3,9
2024-09-13,565,449,374,453,39,468,108,272,365,333,507.0,528.4285714285714,545.0,424.85714285714283,320.0,374.57142857142856,365.0,384.14285714285717,54.0,61.142857142857146,484.0,460.85714285714283,109.0,128.57142857142858,243.0,252.28571428571428,329.0,371.2857142857143,352.0,339.42857142857144,4,9
2024-09-14,621,462,402,383,129,543,103,246,305,355,565.0,546.4285714285714,449.0,430.85714285714283,374.0,377.7142857142857,453.0,375.57142857142856,39.0,71.0,468.0,465.7142857142857,108.0,125.42857142857143,272.0,257.14285714285717,365.0,356.85714285714283,333.0,332.42857142857144,5,9
2024-09-15,439,379,372,351,73,519,120,271,327,283,621.0,531.1428571428571,462.0,437.2857142857143,402.0,373.42857142857144,383.0,389.7142857142857,129.0,65.57142857142857,543.0,472.0,103.0,116.57142857142857,246.0,256.2857142857143,305.0,361.0,355.0,326.42857142857144,6,9
2024-09-16,418,413,288,318,65,396,113,273,335,286,439.0,515.2857142857143,379.0,433.0,372.0,355.2857142857143,351.0,383.0,73.0,67.28571428571429,519.0,457.14285714285717,120.0,116.71428571428571,271.0,255.71428571428572,327.0,357.14285714285717,283.0,320.7142857142857,0,9
2024-09-17,463,404,393,374,72,506,150,241,332,277,418.0,505.2857142857143,413.0,431.57142857142856,288.0,359.0,318.0,377.2857142857143,65.0,64.71428571428571,396.0,470.85714285714283,113.0,121.28571428571429,273.0,264.2857142857143,335.0,351.85714285714283,286.0,309.14285714285717,1,9
2024-09-18,613,321,369,357,72,490,103,324,373,329,463.0,518.0,404.0,424.7142857142857,393.0,359.7142857142857,374.0,371.57142857142856,72.0,72.0,506.0,486.57142857142856,150.0,115.14285714285714,241.0,267.14285714285717,332.0,338.0,277.0,316.42857142857144,2,9
2024-09-19,489,364,266,350,128,488,74,284,369,308,613.0,515.4285714285714,321.0,398.85714285714283,369.0,352.0,357.0,369.42857142857144,72.0,82.57142857142857,490.0,487.14285714285717,103.0,110.14285714285714,324.0,273.0,373.0,343.7142857142857,329.0,310.14285714285717,3,9
2024-09-20,466,409,402,349,100,570,83,231,443,371,489.0,501.2857142857143,364.0,393.14285714285717,266.0,356.0,350.0,354.57142857142856,128.0,91.28571428571429,488.0,501.7142857142857,74.0,106.57142857142857,284.0,267.14285714285717,369.0,354.85714285714283,308.0,315.57142857142856,4,9
2024-09-21,494,517,298,373,85,414,79,205,326,319,466.0,483.14285714285717,409.0,401.0,402.0,341.14285714285717,349.0,353.14285714285717,100.0,85.0,570.0,483.2857142857143,83.0,103.14285714285714,231.0,261.2857142857143,443.0,357.85714285714283,371.0,310.42857142857144,5,9
2024-09-22,527,391,356,283,67,503,136,291,289,318,494.0,495.7142857142857,517.0,402.7142857142857,298.0,338.85714285714283,373.0,343.42857142857144,85.0,84.14285714285714,414.0,481.0,79.0,105.42857142857143,205.0,264.14285714285717,326.0,352.42857142857144,319.0,315.42857142857144,6,9
2024-09-23,499,436,362,336,49,419,129,234,374,337,527.0,507.2857142857143,391.0,406.0,356.0,349.42857142857144,283.0,346.0,67.0,81.85714285714286,503.0,484.2857142857143,136.0,107.71428571428571,291.0,258.57142857142856,289.0,358.0,318.0,322.7142857142857,0,9
2024-09-24,491,422,338,315,57,556,162,169,321,363,499.0,511.2857142857143,436.0,408.57142857142856,362.0,341.57142857142856,336.0,337.57142857142856,49.0,79.71428571428571,419.0,491.42857142857144,129.0,109.42857142857143,234.0,248.28571428571428,374.0,356.42857142857144,337.0,335.0,1,9
2024-09-25,519,421,361,291,109,478,98,198,396,410,491.0,497.85714285714283,422.0,422.85714285714283,338.0,340.42857142857144,315.0,328.14285714285717,57.0,85.0,556.0,489.7142857142857,162.0,108.71428571428571,169.0,230.28571428571428,321.0,359.7142857142857,363.0,346.57142857142856,2,9
2024-09-26,527,389,416,358,107,503,103,235,354,392,519.0,503.2857142857143,421.0,426.42857142857144,361.0,361.85714285714283,291.0,329.2857142857143,109.0,82.0,478.0,491.85714285714283,98.0,112.85714285714286,198.0,223.28571428571428,396.0,357.57142857142856,410.0,358.57142857142856,3,9
2024-09-27,481,346,452,297,128,398,102,266,366,302,527.0,505.42857142857144,389.0,417.42857142857144,416.0,369.0,358.0,321.85714285714283,107.0,86.0,503.0,467.2857142857143,103.0,115.57142857142857,235.0,228.28571428571428,354.0,346.57142857142856,392.0,348.7142857142857,4,9
2024-09-28,544,476,378,343,46,481,82,288,303,279,481.0,512.5714285714286,346.0,411.57142857142856,452.0,380.42857142857144,297.0,317.57142857142856,128.0,80.42857142857143,398.0,476.85714285714283,102.0,116.0,266.0,240.14285714285714,366.0,343.2857142857143,302.0,343.0,5,9
2024-09-29,576,401,376,455,44,409,120,302,344,272,544.0,519.5714285714286,476.0,413.0,378.0,383.2857142857143,343.0,342.14285714285717,46.0,77.14285714285714,481.0,463.42857142857144,82.0,113.71428571428571,288.0,241.71428571428572,303.0,351.14285714285717,279.0,336.42857142857144,6,9
2024-09-30,486,368,444,367,37,570,97,287,462,323,576.0,517.7142857142857,401.0,403.2857142857143,376.0,395.0,455.0,346.57142857142856,44.0,75.42857142857143,409.0,485.0,120.0,109.14285714285714,302.0,249.28571428571428,344.0,363.7142857142857,272.0,334.42857142857144,0,9
2024-10-01,484,422,413,446,92,487,103,284,414,229,486.0,516.7142857142857,368.0,403.2857142857143,444.0,405.7142857142857,367.0,365.2857142857143,37.0,80.42857142857143,570.0,475.14285714285717,97.0,100.71428571428571,287.0,265.7142857142857,462.0,377.0,323.0,315.2857142857143,1,10
2024-10-02,570,264,347,347,44,451,91,231,448,282,484.0,524.0,422.0,380.85714285714283,413.0,403.7142857142857,446.0,373.2857142857143,92.0,71.14285714285714,487.0,471.2857142857143,103.0,99.71428571428571,284.0,270.42857142857144,414.0,384.42857142857144,229.0,297.0,2,10
2024-10-03,509,374,314,391,87,302,160,212,405,353,570.0,521.4285714285714,264.0,378.7142857142857,347.0,389.14285714285717,347.0,378.0,44.0,68.28571428571429,451.0,442.57142857142856,91.0,107.85714285714286,231.0,267.14285714285717,448.0,391.7142857142857,282.0,291.42857142857144,3,10
2024-10-04,526,358,381,354,51,511,81,331,393,319,509.0,527.8571428571429,374.0,380.42857142857144,314.0,379.0,391.0,386.14285714285717,87.0,57.285714285714285,302.0,458.7142857142857,160.0,104.85714285714286,212.0,276.42857142857144,405.0,395.57142857142856,353.0,293.85714285714283,4,10
2024-10-05,467,446,263,360,71,456,144,248,371,398,526.0,516.8571428571429,358.0,376.14285714285717,381.0,362.57142857142856,354.0,388.57142857142856,51.0,60.857142857142854,511.0,455.14285714285717,81.0,113.71428571428571,331.0,270.7142857142857,393.0,405.2857142857143,319.0,310.85714285714283,5,10
2024-10-06,479,380,428,395,63,416,145,316,400,298,467.0,503.0,446.0,373.14285714285717,263.0,370.0,360.0,380.0,71.0,63.57142857142857,456.0,456.14285714285717,144.0,117.28571428571429,248.0,272.7142857142857,371.0,413.2857142857143,398.0,314.57142857142856,6,10
2024-10-07,504,468,424,427,81,495,98,227,382,318,479.0,505.57142857142856,380.0,387.42857142857144,428.0,367.14285714285717,395.0,388.57142857142856,63.0,69.85714285714286,416.0,445.42857142857144,145.0,117.42857142857143,316.0,264.14285714285717,400.0,401.85714285714283,298.0,313.85714285714283,0,10
2024-10-08,492,466,366,300,104,397,133,348,411,359,504.0,506.7142857142857,468.0,393.7142857142857,424.0,360.42857142857144,427.0,367.7142857142857,81.0,71.57142857142857,495.0,432.57142857142856,98.0,121.71428571428571,227.0,273.2857142857143,382.0,401.42857142857144,318.0,332.42857142857144,1,10
2024-10-09,446,378,332,259,57,446,77,204,322,373,492.0,489.0,466.0,410.0,366.0,358.2857142857143,300.0,355.14285714285717,104.0,73.42857142857143,397.0,431.85714285714283,133.0,119.71428571428571,348.0,269.42857142857144,411.0,383.42857142857144,359.0,345.42857142857144,2,10
2024-10-10,457,284,338,369,52,502,132,237,429,414,446.0,481.57142857142856,378.0,397.14285714285717,332.0,361.7142857142857,259.0,352.0,57.0,68.42857142857143,446.0,460.42857142857144,77.0,115.71428571428571,204.0,273.0,322.0,386.85714285714283,373.0,354.14285714285717,3,10
2024-10-11,573,425,427,299,93,533,126,267,418,247,457.0,488.2857142857143,284.0,406.7142857142857,338.0,368.2857142857143,369.0,344.14285714285717,52.0,74.42857142857143,502.0,463.57142857142856,132.0,122.14285714285714,237.0,263.85714285714283,429.0,390.42857142857144,414.0,343.85714285714283,4,10
2024-10-12,519,376,308,337,113,491,96,296,350,244,573.0,495.7142857142857,425.0,396.7142857142857,427.0,374.7142857142857,299.0,340.85714285714283,93.0,80.42857142857143,533.0,468.57142857142856,126.0,115.28571428571429,267.0,270.7142857142857,418.0,387.42857142857144,247.0,321.85714285714283,5,10
2024-10-13,543,409,393,311,60,444,123,210,342,403,519.0,504.85714285714283,376.0,400.85714285714283,308.0,369.7142857142857,337.0,328.85714285714283,113.0,80.0,491.0,472.57142857142856,96.0,112.14285714285714,296.0,255.57142857142858,350.0,379.14285714285717,244.0,336.85714285714283,6,10
2024-10-14,451,344,373,373,86,451,130,281,383,330,543.0,497.2857142857143,409.0,383.14285714285717,393.0,362.42857142857144,311.0,321.14285714285717,60.0,80.71428571428571,444.0,466.2857142857143,123.0,116.71428571428571,210.0,263.2857142857143,342.0,379.2857142857143,403.0,338.57142857142856,0,10
2024-10-15,529,441,438,512,52,483,94,244,314,285,451.0,502.57142857142856,344.0,379.57142857142856,373.0,372.7142857142857,373.0,351.42857142857144,86.0,73.28571428571429,451.0,478.57142857142856,130.0,111.14285714285714,281.0,248.42857142857142,383.0,365.42857142857144,330.0,328.0,1,10
2024-10-16,571,391,359,319,43,483,130,236,389,307,529.0,520.4285714285714,441.0,381.42857142857144,438.0,376.57142857142856,512.0,360.0,52.0,71.28571428571429,483.0,483.85714285714283,94.0,118.71428571428571,244.0,253.0,314.0,375.0,285.0,318.57142857142856,2,10
2024-10-17,481,399,448,291,71,517,69,347,311,365,571.0,523.8571428571429,391.0,397.85714285714283,359.0,392.2857142857143,319.0,348.85714285714283,43.0,74.0,483.0,486.0,130.0,109.71428571428571,236.0,268.7142857142857,389.0,358.14285714285717,307.0,311.57142857142856,3,10
2024-10-18,517,482,309,423,19,462,109,268,420,288,481.0,515.8571428571429,399.0,406.0,448.0,375.42857142857144,291.0,366.57142857142856,71.0,63.42857142857143,517.0,475.85714285714283,69.0,107.28571428571429,347.0,268.85714285714283,311.0,358.42857142857144,365.0,317.42857142857144,4,10
2024-10-19,498,426,346,490,66,430,121,270,417,275,517.0,512.8571428571429,482.0,413.14285714285717,309.0,380.85714285714283,423.0,388.42857142857144,19.0,56.714285714285715,462.0,467.14285714285717,109.0,110.85714285714286,268.0,265.14285714285717,420.0,368.0,288.0,321.85714285714283,5,10
2024-10-20,451,426,324,371,99,363,126,237,419,403,498.0,499.7142857142857,426.0,415.57142857142856,346.0,371.0,490.0,397.0,66.0,62.285714285714285,430.0,455.57142857142856,121.0,111.28571428571429,270.0,269.0,417.0,379.0,275.0,321.85714285714283,6,10
2024-10-21,439,393,339,387,64,471,79,244,486,388,451.0,498.0,426.0,422.57142857142856,324.0,366.14285714285717,371.0,399.0,99.0,59.142857142857146,363.0,458.42857142857144,126.0,104.0,237.0,263.7142857142857,419.0,393.7142857142857,403.0,330.14285714285717,0,10
2024-10-22,493,389,454,295,79,452,115,211,333,318,439.0,492.85714285714283,393.0,415.14285714285717,339.0,368.42857142857144,387.0,368.0,64.0,63.0,471.0,454.0,79.0,107.0,244.0,259.0,486.0,396.42857142857144,388.0,334.85714285714283,1,10
2024-10-23,471,405,459,438,89,504,104,267,477,379,493.0,478.57142857142856,389.0,417.14285714285717,454.0,382.7142857142857,295.0,385.0,79.0,69.57142857142857,452.0,457.0,115.0,103.28571428571429,211.0,263.42857142857144,333.0,409.0,318.0,345.14285714285717,2,10
2024-10-24,580,364,327,439,46,517,113,264,404,330,471.0,492.7142857142857,405.0,412.14285714285717,459.0,365.42857142857144,438.0,406.14285714285717,89.0,66.0,504.0,457.0,104.0,109.57142857142857,267.0,251.57142857142858,477.0,422.2857142857143,379.0,340.14285714285717,3,10
2024-10-25,551,379,435,381,71,401,72,191,321,340,580.0,497.57142857142856,364.0,397.42857142857144,327.0,383.42857142857144,439.0,400.14285714285717,46.0,73.42857142857143,517.0,448.2857142857143,113.0,104.28571428571429,264.0,240.57142857142858,404.0,408.14285714285717,330.0,347.57142857142856,4,10
2024-10-26,547,424,383,384,84,351,77,281,424,361,551.0,504.57142857142856,379.0,397.14285714285717,435.0,388.7142857142857,381.0,385.0,71.0,76.0,401.0,437.0,72.0,98.0,191.0,242.14285714285714,321.0,409.14285714285717,340.0,359.85714285714283,5,10
2024-10-27,539,403,372,382,70,526,147,305,356,303,547.0,517.1428571428571,424.0,393.85714285714283,383.0,395.57142857142856,384.0,386.57142857142856,84.0,71.85714285714286,351.0,460.2857142857143,77.0,101.0,281.0,251.85714285714286,424.0,400.14285714285717,361.0,345.57142857142856,6,10
2024-10-28,561,448,435,314,69,438,119,264,279,349,539.0,534.5714285714286,403.0,401.7142857142857,372.0,409.2857142857143,382.0,376.14285714285717,70.0,72.57142857142857,526.0,455.57142857142856,147.0,106.71428571428571,305.0,254.71428571428572,356.0,370.57142857142856,303.0,340.0,0,10
2024-10-29,507,365,304,340,53,384,95,238,341,436,561.0,536.5714285714286,448.0,398.2857142857143,435.0,387.85714285714283,314.0,382.57142857142856,69.0,68.85714285714286,438.0,445.85714285714283,119.0,103.85714285714286,264.0,258.57142857142856,279.0,371.7142857142857,349.0,356.85714285714283,1,10
2024-10-30,530,551,320,328,66,599,117,282,280,393,507.0,545.0,365.0,419.14285714285717,304.0,368.0,340.0,366.85714285714283,53.0,65.57142857142857,384.0,459.42857142857144,95.0,105.71428571428571,238.0,260.7142857142857,341.0,343.57142857142856,436.0,358.85714285714283,2,10
2024-10-31,467,344,361,360,78,474,100,262,328,434,530.0,528.8571428571429,551.0,416.2857142857143,320.0,372.85714285714283,328.0,355.57142857142856,66.0,70.14285714285714,599.0,453.2857142857143,117.0,103.85714285714286,282.0,260.42857142857144,280.0,332.7142857142857,393.0,373.7142857142857,3,10
2024-11-01,652,378,312,368,78,507,97,273,374,311,467.0,543.2857142857143,344.0,416.14285714285717,361.0,355.2857142857143,360.0,353.7142857142857,78.0,71.14285714285714,474.0,468.42857142857144,100.0,107.42857142857143,262.0,272.14285714285717,328.0,340.2857142857143,434.0,369.57142857142856,4,11
2024-11-02,405,380,296,347,70,429,126,210,368,352,652.0,523.0,378.0,409.85714285714283,312.0,342.85714285714283,368.0,348.42857142857144,78.0,69.14285714285714,507.0,479.57142857142856,97.0,114.42857142857143,273.0,262.0,374.0,332.2857142857143,311.0,368.2857142857143,5,11
2024-11-03,497,425,389,403,84,434,110,239,454,298,405.0,517.0,380.0,413.0,296.0,345.2857142857143,347.0,351.42857142857144,70.0,71.14285714285714,429.0,466.42857142857144,126.0,109.14285714285714,210.0,252.57142857142858,368.0,346.2857142857143,352.0,367.57142857142856,6,11
2024-11-04,488,352,376,350,91,390,121,283,387,322,497.0,506.57142857142856,425.0,399.2857142857143,389.0,336.85714285714283,403.0,356.57142857142856,84.0,74.28571428571429,434.0,459.57142857142856,110.0,109.42857142857143,239.0,255.28571428571428,454.0,361.7142857142857,298.0,363.7142857142857,0,11
2024-11-05,515,357,390,417,67,429,103,252,487,405,488.0,507.7142857142857,352.0,398.14285714285717,376.0,349.14285714285717,350.0,367.57142857142856,91.0,76.28571428571429,390.0,466.0,121.0,110.57142857142857,283.0,257.2857142857143,387.0,382.57142857142856,322.0,359.2857142857143,1,11
2024-11-06,510,523,312,319,102,461,116,187,430,422,515.0,504.85714285714283,357.0,394.14285714285717,390.0,348.0,417.0,366.2857142857143,67.0,81.42857142857143,429.0,446.2857142857143,103.0,110.42857142857143,252.0,243.71428571428572,487.0,404.0,405.0,363.42857142857144,2,11
2024-11-07,443,467,527,329,77,380,169,255,342,274,510.0,501.42857142857144,523.0,411.7142857142857,312.0,371.7142857142857,319.0,361.85714285714283,102.0,81.28571428571429,461.0,432.85714285714283,116.0,120.28571428571429,187.0,242.71428571428572,430.0,406.0,422.0,340.57142857142856,3,11
2024-11-08,464,402,397,280,88,382,135,354,360,307,443.0,474.57142857142856,467.0,415.14285714285717,527.0,383.85714285714283,329.0,349.2857142857143,77.0,82.71428571428571,380.0,415.0,169.0,125.71428571428571,255.0,254.28571428571428,342.0,404.0,274.0,340.0,4,11
2024-11-09,510,324,280,346,75,450,102,228,397,292,464.0,489.57142857142856,402.0,407.14285714285717,397.0,381.57142857142856,280.0,349.14285714285717,88.0,83.42857142857143,382.0,418.0,135.0,122.28571428571429,354.0,256.85714285714283,360.0,408.14285714285717,307.0,331.42857142857144,5,11
2024-11-10,586,402,307,308,85,496,93,259,425,469,510.0,502.2857142857143,324.0,403.85714285714283,280.0,369.85714285714283,346.0,335.57142857142856,75.0,83.57142857142857,450.0,426.85714285714283,102.0,119.85714285714286,228.0,259.7142857142857,397.0,404.0,292.0,355.85714285714283,6,11
2024-11-11,460,316,512,357,72,513,99,233,300,322,586.0,498.2857142857143,402.0,398.7142857142857,307.0,389.2857142857143,308.0,336.57142857142856,85.0,80.85714285714286,496.0,444.42857142857144,93.0,116.71428571428571,259.0,252.57142857142858,425.0,391.57142857142856,469.0,355.85714285714283,0,11
2024-11-12,417,359,427,295,77,419,110,261,421,358,460.0,484.2857142857143,316.0,399.0,512.0,394.57142857142856,357.0,319.14285714285717,72.0,82.28571428571429,513.0,443.0,99.0,117.71428571428571,233.0,253.85714285714286,300.0,382.14285714285717,322.0,349.14285714285717,1,11
